<?xml version="1.0" encoding="UTF-8"?>
        <kml xmlns="http://www.opengis.net/kml/2.2"   >
        <Document>
            <name>2025-09-19 LFXU - LES MUREAUX (08:59) LFFU - CHATEAUNEUF SUR CHER (10:51)</name>
            <open>1</open>
            <StyleMap id="msn_ylw-pushpin">
                <Pair>
                    <key>normal</key>
                    <styleUrl>#sn_ylw-pushpin</styleUrl>
                </Pair>
                <Pair>
                    <key>highlight</key>
                    <styleUrl>#sh_ylw-pushpin</styleUrl>
                </Pair>
            </StyleMap>
            <StyleMap id="msn_ylw-pushpin0">
                <Pair>
                    <key>normal</key>
                    <styleUrl>#sn_ylw-pushpin0</styleUrl>
                </Pair>
                <Pair>
                    <key>highlight</key>
                    <styleUrl>#sh_ylw-pushpin0</styleUrl>
                </Pair>
            </StyleMap>
            <Style id="sh_ylw-pushpin0">
                <IconStyle>
                    <color>ff00ffff</color>
                    <scale>1.18182</scale>
                    <Icon>
                        <href>http://maps.google.com/mapfiles/kml/pushpin/ylw-pushpin.png</href>
                    </Icon>
                    <hotSpot x="20" y="2" xunits="pixels" yunits="pixels"/>
                </IconStyle>
                <LabelStyle>
                    <color>ff00ffff</color>
                </LabelStyle>
                <LineStyle>
                    <color>ff00ffff</color>
                </LineStyle>
            </Style>
            <Style id="s_ylw-pushpin_hl">
                <IconStyle>
                    <scale>1.18182</scale>
                    <Icon>
                        <href>http://maps.google.com/mapfiles/kml/pushpin/grn-pushpin.png</href>
                    </Icon>
                    <hotSpot x="20" y="2" xunits="pixels" yunits="pixels"/>
                </IconStyle>
                <LabelStyle>
                    <color>ff00ff00</color>
                </LabelStyle>
                <ListStyle>
                </ListStyle>
            </Style>
            <Style id="s_ylw-pushpin">
                <IconStyle>
                    <Icon>
                        <href>http://maps.google.com/mapfiles/kml/pushpin/grn-pushpin.png</href>
                    </Icon>
                    <hotSpot x="20" y="2" xunits="pixels" yunits="pixels"/>
                </IconStyle>
                <LabelStyle>
                    <color>ff00ff00</color>
                </LabelStyle>
                <ListStyle>
                </ListStyle>
            </Style>
            <Style id="sn_ylw-pushpin0">
                <IconStyle>
                    <color>ff00ffff</color>
                    <Icon>
                        <href>http://maps.google.com/mapfiles/kml/pushpin/ylw-pushpin.png</href>
                    </Icon>
                    <hotSpot x="20" y="2" xunits="pixels" yunits="pixels"/>
                </IconStyle>
                <LabelStyle>
                    <color>ff00ffff</color>
                </LabelStyle>
                <LineStyle>
                    <color>ff00ffff</color>
                </LineStyle>
            </Style>
            <Style id="sn_ylw-pushpin">
                <IconStyle>
                    <scale>1.1</scale>
                    <Icon>
                        <href>http://maps.google.com/mapfiles/kml/pushpin/ylw-pushpin.png</href>
                    </Icon>
                    <hotSpot x="20" y="2" xunits="pixels" yunits="pixels"/>
                </IconStyle>
                <LineStyle>
                    <color>ff00ffff</color>
                    <width>2.5</width>
                </LineStyle>
                <PolyStyle>
                    <color>7f00ffff</color>
                </PolyStyle>
            </Style>
            <Style id="sh_ylw-pushpin">
                <IconStyle>
                    <scale>1.3</scale>
                    <Icon>
                        <href>http://maps.google.com/mapfiles/kml/pushpin/ylw-pushpin.png</href>
                    </Icon>
                    <hotSpot x="20" y="2" xunits="pixels" yunits="pixels"/>
                </IconStyle>
                <LineStyle>
                    <color>ff00ffff</color>
                    <width>2.5</width>
                </LineStyle>
                <PolyStyle>
                    <color>7f00ffff</color>
                </PolyStyle>
            </Style>
            <StyleMap id="m_ylw-pushpin">
                <Pair>
                    <key>normal</key>
                    <styleUrl>#s_ylw-pushpin</styleUrl>
                </Pair>
                <Pair>
                    <key>highlight</key>
                    <styleUrl>#s_ylw-pushpin_hl</styleUrl>
                </Pair>
            </StyleMap>
            <Placemark>
                <name>Trace</name>
                <styleUrl>#msn_ylw-pushpin</styleUrl>
                <LineString>
                    <extrude>1</extrude>
                    <tessellate>1</tessellate>
                    <altitudeMode>absolute</altitudeMode>
                    <coordinates>1.9311753194797,48.997790627227,28.090209960938 1.9310892373341,48.998088897252,27.38330078125 1.9311014749128,48.998375223064,27.320617675781 1.9311096891779,48.99867072706,26.421813964844 1.9307312462497,48.998821727046,25.732360839844 1.9303107261676,48.998864265204,26.13916015625 1.9299465324748,48.998995567718,25.587219238281 1.9294968433696,48.999056629882,25.214538574219 1.9292083382624,48.999252850235,25.450378417969 1.9295230787265,48.999456572392,25.371704101562 1.9299925491232,48.999420655937,25.863098144531 1.9368736725319,48.998762341262,49.838745117188 1.9411588367093,48.998274346859,81.982788085938 1.94582805969,48.997819125698,113.45550537109 1.9527233485151,48.997247898997,145.53759765625 1.9578243233282,48.996819332288,177.83044433594 1.9608351867664,48.996504633733,210.798828125 1.9653801061231,48.995916559407,237.61682128906 1.9674422219414,48.995463014626,254.67669677734 1.9705357309449,48.994563007773,285.62060546875 1.9750124216098,48.993149776989,302.32580566406 1.9770114216972,48.992267372132,309.71148681641 1.9785139616597,48.991418578708,317.44482421875 1.9836276769657,48.988024746113,347.78668212891 1.9889654405434,48.985076705039,375.77868652344 1.9908491056431,48.983831992418,389.09802246094 1.9925446808357,48.982500569009,401.47729492188 1.9934234395642,48.981655798898,406.46710205078 1.9941456243414,48.980753696569,410.98034667969 1.9946660567094,48.979822592855,417.10235595703 1.9958215020616,48.976593255111,429.48089599609 1.9964103307594,48.974266815976,440.423828125 1.9965208042432,48.972940547437,448.71246337891 1.9964520726372,48.971945531712,454.22155761719 1.9961574487407,48.970641684764,462.52563476562 1.9951556436736,48.967855707788,435.37817382812 1.9945337902773,48.966714092576,431.08081054688 1.9937270320971,48.965606130705,432.62524414062 1.9924181140978,48.964232881599,439.07037353516 1.9882204569895,48.960821782284,447.09509277344 1.9837867654878,48.957530460366,446.29406738281 1.9786220882106,48.954088431829,446.49194335938 1.9741499237735,48.950685882055,433.72729492188 1.9702078308928,48.946997718931,425.43505859375 1.9664720166493,48.942992803686,420.23687744141 1.9649082049746,48.940967610151,415.30981445312 1.9626564905066,48.937165243597,410.19958496094 1.9606574066002,48.932618438312,410.82287597656 1.9593029748667,48.928765277424,406.69091796875 1.9578933902103,48.924213107721,397.27783203125 1.9560862518865,48.919800496706,400.15521240234 1.9553138595093,48.916728654922,396.68469238281 1.955114873128,48.914639675104,395.25903320312 1.9551539327967,48.911834000655,394.79095458984 1.9554167892802,48.907010885932,395.50952148438 1.9551276974398,48.903943989471,399.05969238281 1.9538539834339,48.899211189755,399.43737792969 1.9525341689605,48.894670126074,422.26214599609 1.9521806202847,48.893225840338,429.59307861328 1.9520189333725,48.890724596613,442.66003417969 1.9519262295235,48.887855680705,451.63732910156 1.9515913724917,48.886447856248,460.73742675781 1.9499308336544,48.881917856679,490.01293945312 1.949247876184,48.880555587866,500.95654296875 1.946512442084,48.876401684292,531.50036621094 1.9446250051278,48.873912426689,540.53881835938 1.9412292446959,48.869690420152,546.34399414062 1.9380239211041,48.865571511024,558.951171875 1.9358534272778,48.861617222474,567.44897460938 1.9338410999644,48.857041625352,560.82177734375 1.9322089757788,48.852345412643,565.81469726562 1.9307963736373,48.847607332327,582.50744628906 1.9298014417309,48.84282264863,577.23364257812 1.9289121218044,48.837993037932,585.08081054688 1.9281222950685,48.833256927364,598.83703613281 1.9274202268589,48.829188644931,565.25329589844 1.9268110301364,48.827000758656,542.90979003906 1.9258079677838,48.824918651999,538.13745117188 1.923033390196,48.820533030712,540.09729003906 1.9219354446995,48.818466388666,538.19372558594 1.9201670307684,48.814042001077,533.77368164062 1.9184776581842,48.809501649857,539.38647460938 1.9168944004941,48.805102449887,540.16748046875 1.9151787925529,48.800643864133,542.05993652344 1.9134737458098,48.796245628082,538.27490234375 1.9112343527394,48.791747102559,536.91333007812 1.9087061192858,48.787244302266,537.14221191406 1.9063351303357,48.782717697368,537.75451660156 1.9043557439017,48.778395568997,535.31591796875 1.9024070352334,48.774030902468,533.47827148438 1.9002172630298,48.769394829915,534.13305664062 1.8980028480309,48.764821412087,536.20812988281 1.8957762792724,48.760175365069,534.61352539062 1.8936976511049,48.755885716573,534.3349609375 1.891485834496,48.751283716456,535.46264648438 1.8893417436647,48.746708077424,535.22290039062 1.8872122373449,48.742096480028,537.28747558594 1.8852634448576,48.737762072169,536.55541992188 1.8833610042947,48.733372553297,535.4033203125 1.8814411293733,48.729027919517,537.53857421875 1.8794166483003,48.724720040382,537.47509765625 1.8772902432847,48.720428925053,538.55639648438 1.8751563783753,48.716107173868,538.51110839844 1.8731373455393,48.71174330362,537.18920898438 1.8712120223808,48.707402693153,538.50366210938 1.870747581126,48.705937578388,537.66870117188 1.8705969583261,48.704829071694,536.92504882812 1.8706538714486,48.70371876289,536.88623046875 1.8708197493124,48.702986687467,537.6904296875 1.8712491542118,48.701914055318,538.90869140625 1.8718475382793,48.700877800629,540.42919921875 1.8736208137142,48.698571939067,541.49096679688 1.8764878436941,48.694903599144,538.44421386719 1.8783333711344,48.691730126784,538.548828125 1.8802787270414,48.687358754732,537.50256347656 1.8820529244858,48.68295192723,538.29443359375 1.8839667644369,48.678541956515,537.07153320312 1.8859964422899,48.674142127902,536.95422363281 1.8880165647733,48.669720673979,535.98022460938 1.8898749165255,48.665261375763,537.35107421875 1.8916199449467,48.660786151931,536.73120117188 1.8932888656872,48.656281800986,537.04052734375 1.894990308212,48.651787969329,537.16967773438 1.8966221809405,48.647308680274,537.29089355469 1.898188088091,48.642831444786,538.10546875 1.8997894506919,48.638362297834,538.42138671875 1.9014703575539,48.633902161427,538.00708007812 1.9032350834477,48.629458788828,536.68225097656 1.9050587341207,48.625040184752,538.2109375 1.9067927822488,48.620616844901,538.44287109375 1.9083954021352,48.61620293469,538.69970703125 1.9099709484744,48.611791245685,538.78662109375 1.9115868955868,48.607366941915,538.28198242188 1.9132831413317,48.602966819935,538.70166015625 1.9149750284868,48.598603997425,540.2177734375 1.9166342262197,48.594193398066,539.35607910156 1.9182101078349,48.589802454271,540.57104492188 1.9197792001086,48.58538602949,540.63500976562 1.9213678222168,48.580937627748,540.09106445312 1.9230976793933,48.576542995915,540.50231933594 1.9248810969311,48.572155907795,539.10693359375 1.9266712199915,48.567772298165,540.82104492188 1.9282785337436,48.563353819818,541.46435546875 1.9298462010938,48.558901520491,540.47119140625 1.9314603880066,48.5544132628,541.24438476562 1.9332092721033,48.549916371748,539.26062011719 1.9345968123543,48.545451541476,552.9794921875 1.9359394256044,48.540859348186,583.98706054688 1.9372003991175,48.536399840422,614.59411621094 1.9383161142487,48.532073353462,645.2802734375 1.9395257905144,48.527457313657,673.03527832031 1.9406828284282,48.522709761791,688.00573730469 1.9416635949183,48.517976333432,696.44067382812 1.9426960777509,48.513409285851,704.45385742188 1.9440079294163,48.508585039571,701.97265625 1.945243924858,48.504124567889,700.86779785156 1.946570528673,48.499472066805,700.84716796875 1.947918506341,48.494977313139,700.36791992188 1.9494036119449,48.490243633323,703.72875976562 1.950814956801,48.485555257693,703.0361328125 1.9519870821405,48.480833983094,703.42578125 1.9531362410653,48.476084168114,702.6474609375 1.954314066099,48.471317589328,703.50622558594 1.9555778056401,48.466519704134,700.39025878906 1.9568500947225,48.462091628507,700.00415039062 1.9583183527011,48.457333054439,699.87292480469 1.9597623031605,48.452574606099,701.48962402344 1.9610127992946,48.447796627924,700.76098632812 1.9621485471744,48.443039814055,701.1005859375 1.963384291159,48.438261542514,702.32934570312 1.9645957276243,48.433832922064,700.73901367188 1.9659985229391,48.429052848414,701.15417480469 1.9674431439507,48.42428002511,702.15234375 1.9686897844094,48.419838538438,699.15454101562 1.9699685275573,48.415057249412,700.09118652344 1.9712161738444,48.41031803754,701.1015625 1.9723781570811,48.405548483178,700.40234375 1.9735163357127,48.400777545803,701.81396484375 1.9747732859123,48.395986575678,701.00158691406 1.9762039091456,48.391232192561,721.03930664062 1.9777419883776,48.386599724226,747.40673828125 1.9790825899709,48.381999861494,770.63232421875 1.9802254624683,48.377405111723,794.67944335938 1.9813680835087,48.372847451873,820.6650390625 1.982703488322,48.368280362383,846.92114257812 1.9840518850852,48.363704555713,873.00756835938 1.9853101763893,48.359133400999,898.40234375 1.986459000038,48.354569370903,924.02551269531 1.9875281117875,48.350027385213,949.94775390625 1.9886742532272,48.345510042318,975.90490722656 1.9898157846201,48.341021197893,968.45556640625 1.9907830562461,48.336548320994,959.24755859375 1.9918622262794,48.331897286743,947.96765136719 1.9931103754807,48.327179574453,946.18481445312 1.9944743625838,48.322643330366,947.37548828125 1.996060470121,48.317873398818,947.31921386719 1.9975973758865,48.313214737036,949.93115234375 1.9990176055599,48.308620238722,949.98559570312 2.0002803392727,48.304038648539,950.49108886719 2.0014248043317,48.299488113307,950.65795898438 2.0025175530482,48.294954970524,951.51940917969 2.0036052726228,48.290434777782,951.53735351562 2.0047665014882,48.285945011348,950.12512207031 2.0059531275202,48.28143743337,950.07861328125 2.0072038751114,48.276942721613,950.44897460938 2.0085863024015,48.272448931866,950.80920410156 2.009877199309,48.267921740234,950.36987304688 2.0110620651413,48.263366678775,950.36999511719 2.0123053528387,48.258767193228,949.787109375 2.013627598064,48.25414880649,949.30444335938 2.0149614103157,48.249472458892,950.41088867188 2.0162673946489,48.244787268386,949.26196289062 2.0175154600311,48.24005874344,950.06018066406 2.0186792872865,48.2353011752,951.21325683594 2.0198690984417,48.230520137631,949.58386230469 2.0211197622139,48.225702596873,949.7451171875 2.0224086474646,48.220912800215,948.86865234375 2.0238284580428,48.216165457897,950.84814453125 2.0252795331199,48.211433370643,949.3359375 2.026521898808,48.206680286721,948.79992675781 2.0277234446276,48.201945642986,949.13891601562 2.0290469471384,48.19721016106,949.91772460938 2.0303240139056,48.192458041057,948.90051269531 2.0314866676946,48.18768634931,949.35522460938 2.0327360741813,48.182947682262,950.01171875 2.0341489277799,48.178214170084,950.48388671875 2.0354961510767,48.17345777531,950.46826171875 2.036657128485,48.168688220948,951.95581054688 2.0378564950098,48.163899136752,951.4658203125 2.0390794146825,48.15911835064,952.56274414062 2.0403880812247,48.154344186232,952.19384765625 2.041755169632,48.149579870559,952.83850097656 2.0431542769093,48.144800006457,953.08251953125 2.0444598421473,48.139999103777,952.873046875 2.0457172114421,48.135190699294,952.59936523438 2.0469022449125,48.130384767473,952.31921386719 2.0481860172023,48.125592456244,952.13623046875 2.0495144650359,48.120809448928,953.15942382812 2.050931341948,48.11601881408,953.8125 2.052242103966,48.111206847288,953.23876953125 2.0534609165062,48.106404645413,953.48999023438 2.0546434354056,48.101614387751,953.0126953125 2.0558651816119,48.096843953289,954.10852050781 2.0571891032178,48.092082194097,953.85632324219 2.058566333728,48.087314651392,954.00537109375 2.059980276974,48.082558885261,953.14660644531 2.0613780431469,48.077807561539,954.30395507812 2.0626648329218,48.073036330797,953.1025390625 2.0637479424496,48.06824992881,952.92712402344 2.064898693936,48.063467592046,952.5703125 2.0661731623132,48.058696528941,953.65856933594 2.067533629017,48.053917000115,953.81872558594 2.0688302256186,48.049499904782,953.26538085938 2.0700477808733,48.045064830266,953.78576660156 2.0711405295898,48.040607040793,953.79760742188 2.0722462702562,48.03614661102,955.08190917969 2.0733354147543,48.031663843475,954.56457519531 2.0744623616357,48.02717160438,954.48608398438 2.0756742171963,48.022667127706,953.25439453125 2.076921025293,48.018162986308,954.4658203125 2.0781887043287,48.013690402776,953.56909179688 2.0794552098979,48.009232655212,953.03784179688 2.0806958992054,48.00480336421,954.38110351562 2.0819936692734,47.99998431471,954.41357421875 2.0832515414824,47.995169875257,956.07434082031 2.0844890456666,47.990370146044,955.57373046875 2.0856024976839,47.985933311328,954.88623046875 2.0867328811456,47.981482478835,954.12231445312 2.0879290625472,47.977053062104,954.46240234375 2.0892971567829,47.972250902139,954.35571289062 2.0906650833805,47.967464583971,954.82275390625 2.0920201856662,47.962678894445,953.54943847656 2.0933776348849,47.957932306498,954.83422851562 2.0946735609342,47.953184251718,953.64868164062 2.0958699937929,47.948434562467,954.16918945312 2.0970629062523,47.943701427475,953.44970703125 2.0982943754663,47.938970765144,953.80187988281 2.0995949953814,47.934219902426,954.212890625 2.100928556176,47.929473565936,953.26354980469 2.1022197045405,47.924703634389,953.69555664062 2.1034203283508,47.919934247665,954.91223144531 2.1045961417277,47.915129279762,954.6064453125 2.1057529281844,47.91069822856,953.4990234375 2.1070714853724,47.90588010107,954.82543945312 2.1083911322077,47.90108179678,955.39111328125 2.1097047440727,47.896269913807,955.3798828125 2.1109642926623,47.891455725811,954.76147460938 2.112200204285,47.886630934708,954.84521484375 2.113379118966,47.88218999286,954.77990722656 2.114536492156,47.877710829534,953.375 2.1156796161105,47.873237952635,953.68725585938 2.1169065590968,47.868404402442,954.56762695312 2.1182196680476,47.863582838371,952.98583984375 2.1194174420108,47.859140723057,953.51733398438 2.120562242346,47.854682849765,952.78369140625 2.1216517221202,47.850211146332,952.6015625 2.1227713767459,47.845750800378,953.02624511719 2.1240144968053,47.841265141077,953.60217285156 2.1253216546049,47.836774075448,953.49682617188 2.1265993919243,47.832286194943,953.89038085938 2.1278373990228,47.827792656652,952.7568359375 2.1290783397873,47.823332771703,953.85717773438 2.1303102280964,47.818888099909,954.57702636719 2.131524849685,47.814429597974,954.6025390625 2.1327011659761,47.809968958653,954.69116210938 2.1338329743614,47.80550253582,954.53369140625 2.1349387150278,47.801066790752,955.04272460938 2.136117964985,47.79624271211,954.97827148438 2.1372576523592,47.791810822718,955.91674804688 2.1385138481875,47.787369755141,956.23559570312 2.1397956926396,47.782899308994,954.92822265625 2.1410737652352,47.778433724351,955.02966308594 2.1423100121339,47.773978491358,955.4228515625 2.1435141563435,47.769518983595,955.54504394531 2.1447224076857,47.765033911027,955.18237304688 2.1459039207568,47.760523818478,954.93334960938 2.1470420155694,47.755979276307,953.86938476562 2.1482124645283,47.751488420225,953.89038085938 2.1494097355773,47.747056027919,955.26123046875 2.1507074218263,47.742245108865,955.51171875 2.152001587676,47.737426729917,955.74401855469 2.1532781515291,47.732605207756,955.79272460938 2.1545753348639,47.727788756646,956.20922851562 2.15586807579,47.722992296375,956.56506347656 2.1571900695582,47.718217545233,955.970703125 2.158479206266,47.713449122429,956.53454589844 2.1597892977317,47.708655805371,953.84545898438 2.1609848085811,47.704166541852,943.15502929688 2.1620488073697,47.699559428774,930.89794921875 2.163114650177,47.694885595746,919.13671875 2.1643203031292,47.69016402778,908.00537109375 2.1655845455845,47.685416727371,896.43469238281 2.1668900270035,47.680671899624,886.859375 2.1681455522796,47.676077149853,891.16162109375 2.1693674661239,47.671652887992,893.783203125 2.1707163658013,47.66704095532,902.83764648438 2.1720234397819,47.662564474202,913.1689453125 2.1731402445605,47.658110456586,914.83447265625 2.174188233914,47.653525262184,913.57739257812 2.1752767078599,47.648864504926,914.46264648438 2.1764034032842,47.644167663574,915.11779785156 2.1776036079993,47.639418141961,912.85900878906 2.1787782479098,47.634613215968,913.1337890625 2.1800463460406,47.629810888365,910.88623046875 2.1814985945841,47.625080770857,913.62829589844 2.1829479094615,47.620347635865,911.63989257812 2.1841031033566,47.615896635733,905.56103515625 2.1851377654841,47.611370701387,902.09094238281 2.1861746907255,47.606877540283,902.11645507812 2.187381181868,47.602450554303,902.59790039062 2.1886643674245,47.597680077932,903.859375 2.1899994369617,47.592921084769,905.0390625 2.1912839636227,47.588148512922,903.36254882812 2.1925515588393,47.583387927197,905.1806640625 2.1937106084099,47.57864213553,906.14282226562 2.1948692388853,47.573910299733,905.13940429688 2.1960740536472,47.569166142538,905.40454101562 2.1973481867483,47.564429738603,905.05480957031 2.198718963193,47.559717851735,905.09936523438 2.2001296374967,47.554974448911,907.15234375 2.2013174369952,47.550162398301,906.64233398438 2.2023306414505,47.545716930225,906.39282226562 2.2034150920829,47.54087755461,904.85119628906 2.2046055737903,47.536081932529,905.080078125 2.2059431578985,47.531312671534,906.96533203125 2.2073260042837,47.526539345316,906.4990234375 2.2087185736766,47.521733162038,902.94348144531 2.2098524775377,47.517237570181,896.92175292969 2.210968611764,47.512688166506,890.99536132812 2.2121745161733,47.508123801134,883.96484375 2.2134597133866,47.503576660573,876.9150390625 2.2147209383568,47.499052695974,872.92395019531 2.2159154433778,47.494616489902,875.56127929688 2.2171392850598,47.489857245281,875.35876464844 2.2183088120094,47.485120464161,876.15112304688 2.219497198241,47.480335068002,875.36682128906 2.2207332775017,47.475501098714,873.77319335938 2.2220208216479,47.470703967891,875.07788085938 2.2233760077527,47.465944807089,875.20336914062 2.2246951516738,47.461161548316,874.7001953125 2.2259135451189,47.456366722516,874.33325195312 2.2270834911635,47.451546834826,874.41015625 2.2282628249398,47.446721834175,873.78369140625 2.229484319689,47.441914351701,875.03491210938 2.2307913936695,47.437131260566,874.88671875 2.2321350127479,47.432341128632,874.33557128906 2.2334789671025,47.427544458813,874.40795898438 2.234706580641,47.422718578062,875.17041015625 2.2357580903938,47.418275959834,875.58520507812 2.2368430439404,47.413829569749,876.29052734375 2.2379502933493,47.409386574335,875.35278320312 2.2392507456264,47.404562328055,876.17797851562 2.2404579911402,47.40012457133,875.71752929688 2.2416903823635,47.395680318631,874.95751953125 2.242920510473,47.391248345419,875.42602539062 2.24412314594,47.386802877344,875.52001953125 2.245354615154,47.381972344636,875.64196777344 2.2465092223159,47.377154049508,875.36206054688 2.2477215807906,47.372350464619,875.462890625 2.2489873319885,47.367550274401,875.79663085938 2.2502984292826,47.362782270692,875.95251464844 2.251605000349,47.358013303063,877.12890625 2.252886677163,47.353231385394,875.02490234375 2.2540642507395,47.348439325623,875.81298828125 2.2552370466313,47.343652127355,875.46655273438 2.2564155422172,47.338878759227,875.23706054688 2.2576273139587,47.334128986157,876.36059570312 2.2588835936061,47.32940054503,876.53039550781 2.2601907514057,47.324692974842,876.54028320312 2.2614938858918,47.320010634183,876.16845703125 2.2627086751184,47.315339148089,876.76806640625 2.2638710774502,47.310657980896,876.45239257812 2.2650507465026,47.305968012705,875.89599609375 2.2662760969273,47.301273518286,875.63879394531 2.2675550077132,47.296591554812,875.76318359375 2.2688580583802,47.291905987121,874.71667480469 2.2700409963748,47.287216396115,874.75927734375 2.271111784505,47.282507652461,875.67114257812 2.272158516573,47.277803896039,875.84838867188 2.2733557876221,47.273076586469,875.77038574219 2.2747240494958,47.268356485336,875.4560546875 2.2761032078436,47.263620793863,874.041015625 2.2774024866543,47.258885228119,874.35522460938 2.2786372248105,47.254147734537,874.4990234375 2.2797868028304,47.249416066378,875.31884765625 2.280927328395,47.244691019922,875.98510742188 2.282124683263,47.239947239912,874.7978515625 2.2833679709605,47.235188079111,873.59985351562 2.2846543416402,47.230437300212,874.28784179688 2.2859677020482,47.22570588351,873.69116210938 2.2872790507994,47.220968641385,873.83422851562 2.2884764056674,47.216201685413,873.87756347656 2.2895737644306,47.211432424418,873.85424804688 2.2907182294897,47.206657128453,873.61108398438 2.2919217869661,47.201911504424,874.04467773438 2.2931363247356,47.197184865407,874.23803710938 2.2944257129005,47.192460950508,873.44140625 2.2957865986994,47.187748937912,873.82348632812 2.2970838658533,47.18304254119,874.7880859375 2.2982730064563,47.178301694847,874.81616210938 2.2994010429851,47.173513909846,874.57897949219 2.3005657922498,47.168735596395,873.9970703125 2.3017985187492,47.163968430876,874.17041015625 2.3030818719438,47.159225698604,873.85864257812 2.3044246528319,47.154466956898,873.39135742188 2.3057342413834,47.149725440002,873.94287109375 2.3069334402702,47.144984048835,873.88208007812 2.3080486524872,47.140251961581,874.73754882812 2.3091737553499,47.135536344766,874.61987304688 2.3103518318406,47.130837659395,873.8984375 2.3115639388583,47.126130634031,873.43395996094 2.3128171172015,47.121417908973,873.345703125 2.3140878975413,47.116734897762,873.8623046875 2.3153984081022,47.112087551548,874.17895507812 2.3166788276307,47.107461788735,873.60180664062 2.3178131505869,47.102820477492,875.53784179688 2.3189083300553,47.098151338331,876.37487792969 2.3200371209554,47.093465351543,876.51281738281 2.3212395049653,47.08878074777,874.50244140625 2.3224767576925,47.084129252515,874.68383789062 2.3237358033679,47.079513464167,876.14233398438 2.3249853774927,47.074876218147,877.02465820312 2.326178122314,47.070224722891,876.99926757812 2.3273034766338,47.065553446344,876.86108398438 2.3284533899299,47.060895329385,877.51171875 2.3296874575339,47.056251461661,877.28576660156 2.3309338465355,47.051627123772,876.68627929688 2.3321320395938,47.04701778949,878.021484375 2.3332697153113,47.042398983656,878.00048828125 2.3343721032164,47.037763958841,876.75012207031 2.335541630166,47.033143979541,876.94506835938 2.3367817327402,47.028584182306,877.25231933594 2.3380344081692,47.024056655399,877.82104492188 2.3392752651147,47.019397784068,867.08984375 2.3403775692008,47.014903449497,845.27258300781 2.3414481896929,47.010257779664,822.97802734375 2.3425894696287,47.005530721552,799.30053710938 2.3438127245776,47.000733423091,774.76354980469 2.3450434394203,46.995913283943,752.17016601562 2.3463238589487,46.991055258594,727.36096191406 2.3476046975724,46.986232353418,706.31225585938 2.3488479014508,46.981426714963,682.55834960938 2.3499932885192,46.976634152277,657.88623046875 2.3511837702266,46.971916398077,640.15307617188 2.3524351045511,46.967322612225,628.46240234375 2.3536493070446,46.962814992337,613.02685546875 2.3550074268154,46.958007970869,601.05102539062 2.3563325218878,46.953202793418,589.74975585938 2.3575595486931,46.94839057517,580.47607421875 2.3586291633568,46.943738786547,580.29467773438 2.359824255111,46.938993497795,586.45483398438 2.3609789460919,46.93433416546,590.93115234375 2.3617174755804,46.931401253722,592.87451171875 2.3617999535076,46.929920087612,595.93872070312 2.3617978580318,46.925180247097,593.95227050781 2.3623301088832,46.920393719382,592.94470214844 2.363267792391,46.91560769458,596.53637695312 2.3640022147469,46.911074467978,588.138671875 2.3648902773879,46.906322599432,589.76220703125 2.3660592176042,46.901724999814,595.33129882812 2.3674613423668,46.897117341912,592.58642578125 2.3686612956248,46.893719653643,592.62219238281 2.3695688881002,46.889106505594,589.52124023438 2.3705693520628,46.884405305653,591.62939453125 2.3714919481449,46.879736124582,591.37414550781 2.3715109750651,46.878561149395,592.57934570312 2.371370745825,46.877394011288,592.4375 2.3711532354377,46.876631383828,592.35339355469 2.3708203062437,46.875890130221,592.30126953125 2.3701530229322,46.874809786721,591.11474609375 2.3674079496436,46.871029506481,607.17749023438 2.3671384714566,46.870352877348,613.51354980469 2.3669782094679,46.86968090017,618.884765625 2.3669220507167,46.869012862488,622.81701660156 2.3669681511841,46.86836259444,626.73071289062 2.3671314306579,46.867711194835,627.59790039062 2.3674234561644,46.867061639248,627.13366699219 2.3678515199594,46.866428889378,625.00842285156 2.3684035521023,46.865828954658,624.59777832031 2.3690721765183,46.865279772363,625.55187988281 2.3698528669797,46.864783857061,624.92700195312 2.3707263451092,46.864342382221,624.16796875 2.3716876655839,46.863963101103,623.05346679688 2.3727250937395,46.863653515509,622.88037109375 2.3738289065681,46.863416559107,623.20263671875 2.3749818373494,46.863242676525,623.32495117188 2.3761626798682,46.863148841119,623.43933105469 2.377362130212,46.863144314892,624.10021972656 2.378575159239,46.863230229399,622.10900878906 2.3797941394172,46.863408805846,619.07861328125 2.3852411191933,46.864599664739,606.90759277344 2.3919119406514,46.866199015683,593.08984375 2.39840959199,46.867752769074,590.04284667969 2.4049867875896,46.869068099229,581.93798828125 2.4108012300007,46.87053447128,573.03491210938 2.4119208008073,46.870959978594,572.09851074219 2.4134733807318,46.871728641025,574.39880371094 2.4148691352479,46.872631833001,574.42858886719 2.4161291867517,46.873651198155,570.04711914062 2.4176090955757,46.87513538175,563.73095703125 2.4194853007816,46.877525649077,556.46313476562 2.4207487050466,46.879604025788,545.55053710938 2.4215122964256,46.881333589597,534.47045898438 2.4220615625404,46.883104685738,523.6083984375 2.4224109202646,46.885363105728,516.24609375 2.4225376546405,46.888497225053,505.21459960938 2.422200618314,46.891571832864,500.5791015625 2.421640288087,46.894120015248,494.99340820312 2.4204105790727,46.897474620535,482.14770507812 2.4199441261612,46.898284982934,476.83227539062 2.4193401262187,46.899052974812,472.18194580078 2.4186029378347,46.899763257286,467.95056152344 2.4177386797987,46.900400491475,463.23913574219 2.4167761858575,46.900957971855,459.66931152344 2.4157421104632,46.901429453908,459.640625 2.4146610125922,46.901819882958,461.21539306641 2.412987649443,46.902272882915,463.33770751953 2.4118518177442,46.902485531798,461.79168701172 2.4106792733096,46.902597597844,458.1826171875 2.4094996880762,46.902625048577,453.31671142578 2.4083161633484,46.902565243698,449.23657226562 2.4018087051831,46.901868246539,442.15270996094 2.3949166853003,46.90102330879,452.36779785156 2.3884040303551,46.900224387689,465.22064208984 2.3815841786586,46.899250703907,467.67395019531 2.3746872972719,46.898619504689,474.6982421875 2.3677717242412,46.898150411478,488.4462890625 2.3635991290234,46.897689406804,499.97302246094 2.357271295043,46.896594227335,493.58569335938 2.350632408636,46.895151073157,501.8046875 2.3490037210308,46.894902130633,502.76879882812 2.3423639964334,46.894267201467,521.64978027344 2.335531236606,46.893682060807,519.20385742188 2.3335574660472,46.893463125496,515.75036621094 2.332803681495,46.893303575969,510.912109375 2.3317190632246,46.892979154407,503.84423828125 2.3313902411632,46.892840224362,501.74682617188 2.3310874030016,46.892683859958,499.52893066406 2.3308132309488,46.89250968401,497.0302734375 2.3303464427612,46.892124200283,490.55883789062 2.3299666587285,46.891697687141,485.08056640625 2.3298296984307,46.891462532847,483.39538574219 2.328794533389,46.889276029586,463.31750488281 2.3283569142244,46.887816740244,448.79968261719 2.3277119267754,46.884597460783,417.5478515625 2.3275064025096,46.882648542567,396.65844726562 2.3275520000628,46.88012579926,365.97021484375 2.3271643370412,46.875510765283,337.77935791016 2.3273681011073,46.8734421954,323.73461914062 2.327650235968,46.872478318444,319.57214355469 2.3284010868541,46.870500063567,322.57116699219 2.3287428170464,46.870062444403,320.58728027344 2.3289628420047,46.869867648973,320.27600097656 2.3292119521669,46.869699382267,319.1484375 2.3297543451212,46.869389293759,315.88391113281 2.3303535673789,46.869118809744,312.28857421875 2.3316723760239,46.868664845868,309.04956054688 2.3324039485327,46.868501566394,308.25659179688 2.3343441076598,46.86828380455,303.62652587891 2.3355223517887,46.868256856731,301.1494140625 2.3422638326905,46.868451358794,276.00024414062 2.3489405214808,46.86888885223,248.79516601562 2.3555694334231,46.869142153344,218.28088378906 2.3622964136324,46.869556219361,198.13916015625 2.3652008269004,46.869772891558,184.22729492188 2.371952198448,46.870088176845,168.64666748047 2.374954512345,46.870260131589,170.61444091797 2.3752705939136,46.870247810191,171.21844482422 2.3756936285667,46.870168391659,172.40740966797 2.3757727537326,46.869903900704,170.09680175781 2.3753285966836,46.869868864349,169.76904296875 2.3749292828165,46.869836510203,169.21270751953 2.374462829905,46.869808556556,168.77770996094 2.3740323353581,46.869793175763,169.19018554688 2.373627740892,46.869779387533,168.47088623047 2.373270839455,46.869658604308,166.67163085938 2.3728885408513,46.869583879641,166.89422607422 2.3724370077274,46.869551902681,166.484375 2.3720026575051,46.869529229632,165.92120361328 2.3715859930984,46.869499892971,165.81896972656 2.371188439431,46.869478938213,166.74383544922 2.3707459587626,46.869452535218,167.02111816406 2.3704310506604,46.869272952943,166.28680419922 2.3705046437703,46.869001756466,165.12817382812</coordinates>
                </LineString>
            </Placemark>
            <Folder>
                <name>Points</name>
                <Style>
                    <ListStyle>
                        <listItemType>check</listItemType>
                        <bgColor>00ffffff</bgColor>
                        <maxSnippetLines>2</maxSnippetLines>
                    </ListStyle>
                </Style>
                
                <Placemark>
                    <name>08:59:11 - 3 kts - 92 ft</name>
                    <visibility>0</visibility>
                    <description>latitude: 48.997791
longitude: 1.931175
altitude: 28 m / 92 ft
elevation: 28 m / 92 ft
course: 29°
speed: 3 kts
</description>
                    <LookAt>
                        <longitude>1.9311753194797</longitude>
                        <latitude>48.997790627227</latitude>
                        <altitude>0</altitude>
                        <heading>0</heading>
                        <tilt>70</tilt>
                        <range>3000</range>
                        <gx:altitudeMode>relativeToSeaFloor</gx:altitudeMode>
                    </LookAt>
                    <styleUrl>#msn_ylw-pushpin0</styleUrl>
                    <Point>
                        <extrude>1</extrude>
                        <altitudeMode>absolute</altitudeMode>
                        <gx:drawOrder>1</gx:drawOrder>
                        <coordinates>1.9311753194797,48.997790627227,28.090209960938</coordinates>
                    </Point>
                </Placemark>
                
                <Placemark>
                    <name>08:59:23 - 8 kts - 90 ft</name>
                    <visibility>0</visibility>
                    <description>latitude: 48.998089
longitude: 1.931089
altitude: 27 m / 90 ft
elevation: 28 m / 92 ft
course: 353°
speed: 8 kts
</description>
                    <LookAt>
                        <longitude>1.9310892373341</longitude>
                        <latitude>48.998088897252</latitude>
                        <altitude>0</altitude>
                        <heading>0</heading>
                        <tilt>70</tilt>
                        <range>3000</range>
                        <gx:altitudeMode>relativeToSeaFloor</gx:altitudeMode>
                    </LookAt>
                    <styleUrl>#msn_ylw-pushpin0</styleUrl>
                    <Point>
                        <extrude>1</extrude>
                        <altitudeMode>absolute</altitudeMode>
                        <gx:drawOrder>1</gx:drawOrder>
                        <coordinates>1.9310892373341,48.998088897252,27.38330078125</coordinates>
                    </Point>
                </Placemark>
                
                <Placemark>
                    <name>08:59:31 - 8 kts - 90 ft</name>
                    <visibility>0</visibility>
                    <description>latitude: 48.998375
longitude: 1.931101
altitude: 27 m / 90 ft
elevation: 28 m / 92 ft
course: 10°
speed: 8 kts
</description>
                    <LookAt>
                        <longitude>1.9311014749128</longitude>
                        <latitude>48.998375223064</latitude>
                        <altitude>0</altitude>
                        <heading>0</heading>
                        <tilt>70</tilt>
                        <range>3000</range>
                        <gx:altitudeMode>relativeToSeaFloor</gx:altitudeMode>
                    </LookAt>
                    <styleUrl>#msn_ylw-pushpin0</styleUrl>
                    <Point>
                        <extrude>1</extrude>
                        <altitudeMode>absolute</altitudeMode>
                        <gx:drawOrder>1</gx:drawOrder>
                        <coordinates>1.9311014749128,48.998375223064,27.320617675781</coordinates>
                    </Point>
                </Placemark>
                
                <Placemark>
                    <name>08:59:41 - 6 kts - 87 ft</name>
                    <visibility>0</visibility>
                    <description>latitude: 48.998671
longitude: 1.931110
altitude: 26 m / 87 ft
elevation: 28 m / 92 ft
course: 353°
speed: 6 kts
</description>
                    <LookAt>
                        <longitude>1.9311096891779</longitude>
                        <latitude>48.99867072706</latitude>
                        <altitude>0</altitude>
                        <heading>0</heading>
                        <tilt>70</tilt>
                        <range>3000</range>
                        <gx:altitudeMode>relativeToSeaFloor</gx:altitudeMode>
                    </LookAt>
                    <styleUrl>#msn_ylw-pushpin0</styleUrl>
                    <Point>
                        <extrude>1</extrude>
                        <altitudeMode>absolute</altitudeMode>
                        <gx:drawOrder>1</gx:drawOrder>
                        <coordinates>1.9311096891779,48.99867072706,26.421813964844</coordinates>
                    </Point>
                </Placemark>
                
                <Placemark>
                    <name>08:59:52 - 8 kts - 84 ft</name>
                    <visibility>0</visibility>
                    <description>latitude: 48.998822
longitude: 1.930731
altitude: 26 m / 84 ft
elevation: 28 m / 92 ft
course: 272°
speed: 8 kts
</description>
                    <LookAt>
                        <longitude>1.9307312462497</longitude>
                        <latitude>48.998821727046</latitude>
                        <altitude>0</altitude>
                        <heading>0</heading>
                        <tilt>70</tilt>
                        <range>3000</range>
                        <gx:altitudeMode>relativeToSeaFloor</gx:altitudeMode>
                    </LookAt>
                    <styleUrl>#msn_ylw-pushpin0</styleUrl>
                    <Point>
                        <extrude>1</extrude>
                        <altitudeMode>absolute</altitudeMode>
                        <gx:drawOrder>1</gx:drawOrder>
                        <coordinates>1.9307312462497,48.998821727046,25.732360839844</coordinates>
                    </Point>
                </Placemark>
                
                <Placemark>
                    <name>08:59:59 - 9 kts - 86 ft</name>
                    <visibility>0</visibility>
                    <description>latitude: 48.998864
longitude: 1.930311
altitude: 26 m / 86 ft
elevation: 28 m / 92 ft
course: 283°
speed: 9 kts
</description>
                    <LookAt>
                        <longitude>1.9303107261676</longitude>
                        <latitude>48.998864265204</latitude>
                        <altitude>0</altitude>
                        <heading>0</heading>
                        <tilt>70</tilt>
                        <range>3000</range>
                        <gx:altitudeMode>relativeToSeaFloor</gx:altitudeMode>
                    </LookAt>
                    <styleUrl>#msn_ylw-pushpin0</styleUrl>
                    <Point>
                        <extrude>1</extrude>
                        <altitudeMode>absolute</altitudeMode>
                        <gx:drawOrder>1</gx:drawOrder>
                        <coordinates>1.9303107261676,48.998864265204,26.13916015625</coordinates>
                    </Point>
                </Placemark>
                
                <Placemark>
                    <name>09:04:15 - 3 kts - 84 ft</name>
                    <visibility>0</visibility>
                    <description>latitude: 48.998996
longitude: 1.929947
altitude: 26 m / 84 ft
elevation: 28 m / 92 ft
course: 337°
speed: 3 kts
</description>
                    <LookAt>
                        <longitude>1.9299465324748</longitude>
                        <latitude>48.998995567718</latitude>
                        <altitude>0</altitude>
                        <heading>0</heading>
                        <tilt>70</tilt>
                        <range>3000</range>
                        <gx:altitudeMode>relativeToSeaFloor</gx:altitudeMode>
                    </LookAt>
                    <styleUrl>#msn_ylw-pushpin0</styleUrl>
                    <Point>
                        <extrude>1</extrude>
                        <altitudeMode>absolute</altitudeMode>
                        <gx:drawOrder>1</gx:drawOrder>
                        <coordinates>1.9299465324748,48.998995567718,25.587219238281</coordinates>
                    </Point>
                </Placemark>
                
                <Placemark>
                    <name>09:04:25 - 9 kts - 83 ft</name>
                    <visibility>0</visibility>
                    <description>latitude: 48.999057
longitude: 1.929497
altitude: 25 m / 83 ft
elevation: 28 m / 92 ft
course: 278°
speed: 9 kts
</description>
                    <LookAt>
                        <longitude>1.9294968433696</longitude>
                        <latitude>48.999056629882</latitude>
                        <altitude>0</altitude>
                        <heading>0</heading>
                        <tilt>70</tilt>
                        <range>3000</range>
                        <gx:altitudeMode>relativeToSeaFloor</gx:altitudeMode>
                    </LookAt>
                    <styleUrl>#msn_ylw-pushpin0</styleUrl>
                    <Point>
                        <extrude>1</extrude>
                        <altitudeMode>absolute</altitudeMode>
                        <gx:drawOrder>1</gx:drawOrder>
                        <coordinates>1.9294968433696,48.999056629882,25.214538574219</coordinates>
                    </Point>
                </Placemark>
                
                <Placemark>
                    <name>09:04:33 - 8 kts - 83 ft</name>
                    <visibility>0</visibility>
                    <description>latitude: 48.999253
longitude: 1.929208
altitude: 25 m / 83 ft
elevation: 24 m / 79 ft
course: 12°
speed: 8 kts
</description>
                    <LookAt>
                        <longitude>1.9292083382624</longitude>
                        <latitude>48.999252850235</latitude>
                        <altitude>0</altitude>
                        <heading>0</heading>
                        <tilt>70</tilt>
                        <range>3000</range>
                        <gx:altitudeMode>relativeToSeaFloor</gx:altitudeMode>
                    </LookAt>
                    <styleUrl>#msn_ylw-pushpin0</styleUrl>
                    <Point>
                        <extrude>1</extrude>
                        <altitudeMode>absolute</altitudeMode>
                        <gx:drawOrder>1</gx:drawOrder>
                        <coordinates>1.9292083382624,48.999252850235,25.450378417969</coordinates>
                    </Point>
                </Placemark>
                
                <Placemark>
                    <name>09:04:42 - 7 kts - 83 ft</name>
                    <visibility>0</visibility>
                    <description>latitude: 48.999457
longitude: 1.929523
altitude: 25 m / 83 ft
elevation: 24 m / 79 ft
course: 88°
speed: 7 kts
</description>
                    <LookAt>
                        <longitude>1.9295230787265</longitude>
                        <latitude>48.999456572392</latitude>
                        <altitude>0</altitude>
                        <heading>0</heading>
                        <tilt>70</tilt>
                        <range>3000</range>
                        <gx:altitudeMode>relativeToSeaFloor</gx:altitudeMode>
                    </LookAt>
                    <styleUrl>#msn_ylw-pushpin0</styleUrl>
                    <Point>
                        <extrude>1</extrude>
                        <altitudeMode>absolute</altitudeMode>
                        <gx:drawOrder>1</gx:drawOrder>
                        <coordinates>1.9295230787265,48.999456572392,25.371704101562</coordinates>
                    </Point>
                </Placemark>
                
                <Placemark>
                    <name>09:05:20 - 14 kts - 85 ft</name>
                    <visibility>0</visibility>
                    <description>latitude: 48.999421
longitude: 1.929993
altitude: 26 m / 85 ft
elevation: 24 m / 79 ft
course: 98°
speed: 14 kts
</description>
                    <LookAt>
                        <longitude>1.9299925491232</longitude>
                        <latitude>48.999420655937</latitude>
                        <altitude>0</altitude>
                        <heading>0</heading>
                        <tilt>70</tilt>
                        <range>3000</range>
                        <gx:altitudeMode>relativeToSeaFloor</gx:altitudeMode>
                    </LookAt>
                    <styleUrl>#msn_ylw-pushpin0</styleUrl>
                    <Point>
                        <extrude>1</extrude>
                        <altitudeMode>absolute</altitudeMode>
                        <gx:drawOrder>1</gx:drawOrder>
                        <coordinates>1.9299925491232,48.999420655937,25.863098144531</coordinates>
                    </Point>
                </Placemark>
                
                <Placemark>
                    <name>09:05:43 - 57 kts - 164 ft</name>
                    <visibility>0</visibility>
                    <description>latitude: 48.998762
longitude: 1.936874
altitude: 50 m / 164 ft
elevation: 31 m / 102 ft
course: 99°
speed: 57 kts
</description>
                    <LookAt>
                        <longitude>1.9368736725319</longitude>
                        <latitude>48.998762341262</latitude>
                        <altitude>0</altitude>
                        <heading>0</heading>
                        <tilt>70</tilt>
                        <range>3000</range>
                        <gx:altitudeMode>relativeToSeaFloor</gx:altitudeMode>
                    </LookAt>
                    <styleUrl>#msn_ylw-pushpin0</styleUrl>
                    <Point>
                        <extrude>1</extrude>
                        <altitudeMode>absolute</altitudeMode>
                        <gx:drawOrder>1</gx:drawOrder>
                        <coordinates>1.9368736725319,48.998762341262,49.838745117188</coordinates>
                    </Point>
                </Placemark>
                
                <Placemark>
                    <name>09:05:54 - 57 kts - 269 ft</name>
                    <visibility>0</visibility>
                    <description>latitude: 48.998274
longitude: 1.941159
altitude: 82 m / 269 ft
elevation: 29 m / 95 ft
course: 101°
speed: 57 kts
</description>
                    <LookAt>
                        <longitude>1.9411588367093</longitude>
                        <latitude>48.998274346859</latitude>
                        <altitude>0</altitude>
                        <heading>0</heading>
                        <tilt>70</tilt>
                        <range>3000</range>
                        <gx:altitudeMode>relativeToSeaFloor</gx:altitudeMode>
                    </LookAt>
                    <styleUrl>#msn_ylw-pushpin0</styleUrl>
                    <Point>
                        <extrude>1</extrude>
                        <altitudeMode>absolute</altitudeMode>
                        <gx:drawOrder>1</gx:drawOrder>
                        <coordinates>1.9411588367093,48.998274346859,81.982788085938</coordinates>
                    </Point>
                </Placemark>
                
                <Placemark>
                    <name>09:06:06 - 55 kts - 372 ft</name>
                    <visibility>0</visibility>
                    <description>latitude: 48.997819
longitude: 1.945828
altitude: 113 m / 372 ft
elevation: 24 m / 79 ft
course: 97°
speed: 55 kts
</description>
                    <LookAt>
                        <longitude>1.94582805969</longitude>
                        <latitude>48.997819125698</latitude>
                        <altitude>0</altitude>
                        <heading>0</heading>
                        <tilt>70</tilt>
                        <range>3000</range>
                        <gx:altitudeMode>relativeToSeaFloor</gx:altitudeMode>
                    </LookAt>
                    <styleUrl>#msn_ylw-pushpin0</styleUrl>
                    <Point>
                        <extrude>1</extrude>
                        <altitudeMode>absolute</altitudeMode>
                        <gx:drawOrder>1</gx:drawOrder>
                        <coordinates>1.94582805969,48.997819125698,113.45550537109</coordinates>
                    </Point>
                </Placemark>
                
                <Placemark>
                    <name>09:06:23 - 66 kts - 477 ft</name>
                    <visibility>0</visibility>
                    <description>latitude: 48.997248
longitude: 1.952723
altitude: 146 m / 477 ft
elevation: 28 m / 92 ft
course: 96°
speed: 66 kts
</description>
                    <LookAt>
                        <longitude>1.9527233485151</longitude>
                        <latitude>48.997247898997</latitude>
                        <altitude>0</altitude>
                        <heading>0</heading>
                        <tilt>70</tilt>
                        <range>3000</range>
                        <gx:altitudeMode>relativeToSeaFloor</gx:altitudeMode>
                    </LookAt>
                    <styleUrl>#msn_ylw-pushpin0</styleUrl>
                    <Point>
                        <extrude>1</extrude>
                        <altitudeMode>absolute</altitudeMode>
                        <gx:drawOrder>1</gx:drawOrder>
                        <coordinates>1.9527233485151,48.997247898997,145.53759765625</coordinates>
                    </Point>
                </Placemark>
                
                <Placemark>
                    <name>09:06:34 - 65 kts - 583 ft</name>
                    <visibility>0</visibility>
                    <description>latitude: 48.996819
longitude: 1.957824
altitude: 178 m / 583 ft
elevation: 28 m / 92 ft
course: 97°
speed: 65 kts
</description>
                    <LookAt>
                        <longitude>1.9578243233282</longitude>
                        <latitude>48.996819332288</latitude>
                        <altitude>0</altitude>
                        <heading>0</heading>
                        <tilt>70</tilt>
                        <range>3000</range>
                        <gx:altitudeMode>relativeToSeaFloor</gx:altitudeMode>
                    </LookAt>
                    <styleUrl>#msn_ylw-pushpin0</styleUrl>
                    <Point>
                        <extrude>1</extrude>
                        <altitudeMode>absolute</altitudeMode>
                        <gx:drawOrder>1</gx:drawOrder>
                        <coordinates>1.9578243233282,48.996819332288,177.83044433594</coordinates>
                    </Point>
                </Placemark>
                
                <Placemark>
                    <name>09:06:41 - 59 kts - 692 ft</name>
                    <visibility>0</visibility>
                    <description>latitude: 48.996505
longitude: 1.960835
altitude: 211 m / 692 ft
elevation: 27 m / 89 ft
course: 100°
speed: 59 kts
</description>
                    <LookAt>
                        <longitude>1.9608351867664</longitude>
                        <latitude>48.996504633733</latitude>
                        <altitude>0</altitude>
                        <heading>0</heading>
                        <tilt>70</tilt>
                        <range>3000</range>
                        <gx:altitudeMode>relativeToSeaFloor</gx:altitudeMode>
                    </LookAt>
                    <styleUrl>#msn_ylw-pushpin0</styleUrl>
                    <Point>
                        <extrude>1</extrude>
                        <altitudeMode>absolute</altitudeMode>
                        <gx:drawOrder>1</gx:drawOrder>
                        <coordinates>1.9608351867664,48.996504633733,210.798828125</coordinates>
                    </Point>
                </Placemark>
                
                <Placemark>
                    <name>09:06:52 - 62 kts - 780 ft</name>
                    <visibility>0</visibility>
                    <description>latitude: 48.995917
longitude: 1.965380
altitude: 238 m / 780 ft
elevation: 24 m / 79 ft
course: 106°
speed: 62 kts
</description>
                    <LookAt>
                        <longitude>1.9653801061231</longitude>
                        <latitude>48.995916559407</latitude>
                        <altitude>0</altitude>
                        <heading>0</heading>
                        <tilt>70</tilt>
                        <range>3000</range>
                        <gx:altitudeMode>relativeToSeaFloor</gx:altitudeMode>
                    </LookAt>
                    <styleUrl>#msn_ylw-pushpin0</styleUrl>
                    <Point>
                        <extrude>1</extrude>
                        <altitudeMode>absolute</altitudeMode>
                        <gx:drawOrder>1</gx:drawOrder>
                        <coordinates>1.9653801061231,48.995916559407,237.61682128906</coordinates>
                    </Point>
                </Placemark>
                
                <Placemark>
                    <name>09:06:57 - 62 kts - 836 ft</name>
                    <visibility>0</visibility>
                    <description>latitude: 48.995463
longitude: 1.967442
altitude: 255 m / 836 ft
elevation: 17 m / 56 ft
course: 112°
speed: 62 kts
</description>
                    <LookAt>
                        <longitude>1.9674422219414</longitude>
                        <latitude>48.995463014626</latitude>
                        <altitude>0</altitude>
                        <heading>0</heading>
                        <tilt>70</tilt>
                        <range>3000</range>
                        <gx:altitudeMode>relativeToSeaFloor</gx:altitudeMode>
                    </LookAt>
                    <styleUrl>#msn_ylw-pushpin0</styleUrl>
                    <Point>
                        <extrude>1</extrude>
                        <altitudeMode>absolute</altitudeMode>
                        <gx:drawOrder>1</gx:drawOrder>
                        <coordinates>1.9674422219414,48.995463014626,254.67669677734</coordinates>
                    </Point>
                </Placemark>
                
                <Placemark>
                    <name>09:07:05 - 60 kts - 937 ft</name>
                    <visibility>0</visibility>
                    <description>latitude: 48.994563
longitude: 1.970536
altitude: 286 m / 937 ft
elevation: 17 m / 56 ft
course: 114°
speed: 60 kts
</description>
                    <LookAt>
                        <longitude>1.9705357309449</longitude>
                        <latitude>48.994563007773</latitude>
                        <altitude>0</altitude>
                        <heading>0</heading>
                        <tilt>70</tilt>
                        <range>3000</range>
                        <gx:altitudeMode>relativeToSeaFloor</gx:altitudeMode>
                    </LookAt>
                    <styleUrl>#msn_ylw-pushpin0</styleUrl>
                    <Point>
                        <extrude>1</extrude>
                        <altitudeMode>absolute</altitudeMode>
                        <gx:drawOrder>1</gx:drawOrder>
                        <coordinates>1.9705357309449,48.994563007773,285.62060546875</coordinates>
                    </Point>
                </Placemark>
                
                <Placemark>
                    <name>09:07:16 - 67 kts - 992 ft</name>
                    <visibility>0</visibility>
                    <description>latitude: 48.993150
longitude: 1.975012
altitude: 302 m / 992 ft
elevation: 22 m / 72 ft
course: 121°
speed: 67 kts
</description>
                    <LookAt>
                        <longitude>1.9750124216098</longitude>
                        <latitude>48.993149776989</latitude>
                        <altitude>0</altitude>
                        <heading>0</heading>
                        <tilt>70</tilt>
                        <range>3000</range>
                        <gx:altitudeMode>relativeToSeaFloor</gx:altitudeMode>
                    </LookAt>
                    <styleUrl>#msn_ylw-pushpin0</styleUrl>
                    <Point>
                        <extrude>1</extrude>
                        <altitudeMode>absolute</altitudeMode>
                        <gx:drawOrder>1</gx:drawOrder>
                        <coordinates>1.9750124216098,48.993149776989,302.32580566406</coordinates>
                    </Point>
                </Placemark>
                
                <Placemark>
                    <name>09:07:21 - 69 kts - 1016 ft</name>
                    <visibility>0</visibility>
                    <description>latitude: 48.992267
longitude: 1.977011
altitude: 310 m / 1016 ft
elevation: 20 m / 66 ft
course: 127°
speed: 69 kts
</description>
                    <LookAt>
                        <longitude>1.9770114216972</longitude>
                        <latitude>48.992267372132</latitude>
                        <altitude>0</altitude>
                        <heading>0</heading>
                        <tilt>70</tilt>
                        <range>3000</range>
                        <gx:altitudeMode>relativeToSeaFloor</gx:altitudeMode>
                    </LookAt>
                    <styleUrl>#msn_ylw-pushpin0</styleUrl>
                    <Point>
                        <extrude>1</extrude>
                        <altitudeMode>absolute</altitudeMode>
                        <gx:drawOrder>1</gx:drawOrder>
                        <coordinates>1.9770114216972,48.992267372132,309.71148681641</coordinates>
                    </Point>
                </Placemark>
                
                <Placemark>
                    <name>09:07:25 - 70 kts - 1041 ft</name>
                    <visibility>0</visibility>
                    <description>latitude: 48.991419
longitude: 1.978514
altitude: 317 m / 1041 ft
elevation: 20 m / 66 ft
course: 134°
speed: 70 kts
</description>
                    <LookAt>
                        <longitude>1.9785139616597</longitude>
                        <latitude>48.991418578708</latitude>
                        <altitude>0</altitude>
                        <heading>0</heading>
                        <tilt>70</tilt>
                        <range>3000</range>
                        <gx:altitudeMode>relativeToSeaFloor</gx:altitudeMode>
                    </LookAt>
                    <styleUrl>#msn_ylw-pushpin0</styleUrl>
                    <Point>
                        <extrude>1</extrude>
                        <altitudeMode>absolute</altitudeMode>
                        <gx:drawOrder>1</gx:drawOrder>
                        <coordinates>1.9785139616597,48.991418578708,317.44482421875</coordinates>
                    </Point>
                </Placemark>
                
                <Placemark>
                    <name>09:07:39 - 76 kts - 1141 ft</name>
                    <visibility>0</visibility>
                    <description>latitude: 48.988025
longitude: 1.983628
altitude: 348 m / 1141 ft
elevation: 20 m / 66 ft
course: 131°
speed: 76 kts
</description>
                    <LookAt>
                        <longitude>1.9836276769657</longitude>
                        <latitude>48.988024746113</latitude>
                        <altitude>0</altitude>
                        <heading>0</heading>
                        <tilt>70</tilt>
                        <range>3000</range>
                        <gx:altitudeMode>relativeToSeaFloor</gx:altitudeMode>
                    </LookAt>
                    <styleUrl>#msn_ylw-pushpin0</styleUrl>
                    <Point>
                        <extrude>1</extrude>
                        <altitudeMode>absolute</altitudeMode>
                        <gx:drawOrder>1</gx:drawOrder>
                        <coordinates>1.9836276769657,48.988024746113,347.78668212891</coordinates>
                    </Point>
                </Placemark>
                
                <Placemark>
                    <name>09:07:52 - 77 kts - 1233 ft</name>
                    <visibility>0</visibility>
                    <description>latitude: 48.985077
longitude: 1.988965
altitude: 376 m / 1233 ft
elevation: 20 m / 66 ft
course: 132°
speed: 77 kts
</description>
                    <LookAt>
                        <longitude>1.9889654405434</longitude>
                        <latitude>48.985076705039</latitude>
                        <altitude>0</altitude>
                        <heading>0</heading>
                        <tilt>70</tilt>
                        <range>3000</range>
                        <gx:altitudeMode>relativeToSeaFloor</gx:altitudeMode>
                    </LookAt>
                    <styleUrl>#msn_ylw-pushpin0</styleUrl>
                    <Point>
                        <extrude>1</extrude>
                        <altitudeMode>absolute</altitudeMode>
                        <gx:drawOrder>1</gx:drawOrder>
                        <coordinates>1.9889654405434,48.985076705039,375.77868652344</coordinates>
                    </Point>
                </Placemark>
                
                <Placemark>
                    <name>09:07:57 - 76 kts - 1277 ft</name>
                    <visibility>0</visibility>
                    <description>latitude: 48.983832
longitude: 1.990849
altitude: 389 m / 1277 ft
elevation: 20 m / 66 ft
course: 137°
speed: 76 kts
</description>
                    <LookAt>
                        <longitude>1.9908491056431</longitude>
                        <latitude>48.983831992418</latitude>
                        <altitude>0</altitude>
                        <heading>0</heading>
                        <tilt>70</tilt>
                        <range>3000</range>
                        <gx:altitudeMode>relativeToSeaFloor</gx:altitudeMode>
                    </LookAt>
                    <styleUrl>#msn_ylw-pushpin0</styleUrl>
                    <Point>
                        <extrude>1</extrude>
                        <altitudeMode>absolute</altitudeMode>
                        <gx:drawOrder>1</gx:drawOrder>
                        <coordinates>1.9908491056431,48.983831992418,389.09802246094</coordinates>
                    </Point>
                </Placemark>
                
                <Placemark>
                    <name>09:08:02 - 75 kts - 1317 ft</name>
                    <visibility>0</visibility>
                    <description>latitude: 48.982501
longitude: 1.992545
altitude: 401 m / 1317 ft
elevation: 21 m / 69 ft
course: 143°
speed: 75 kts
</description>
                    <LookAt>
                        <longitude>1.9925446808357</longitude>
                        <latitude>48.982500569009</latitude>
                        <altitude>0</altitude>
                        <heading>0</heading>
                        <tilt>70</tilt>
                        <range>3000</range>
                        <gx:altitudeMode>relativeToSeaFloor</gx:altitudeMode>
                    </LookAt>
                    <styleUrl>#msn_ylw-pushpin0</styleUrl>
                    <Point>
                        <extrude>1</extrude>
                        <altitudeMode>absolute</altitudeMode>
                        <gx:drawOrder>1</gx:drawOrder>
                        <coordinates>1.9925446808357,48.982500569009,401.47729492188</coordinates>
                    </Point>
                </Placemark>
                
                <Placemark>
                    <name>09:08:05 - 74 kts - 1334 ft</name>
                    <visibility>0</visibility>
                    <description>latitude: 48.981656
longitude: 1.993423
altitude: 406 m / 1334 ft
elevation: 20 m / 66 ft
course: 149°
speed: 74 kts
</description>
                    <LookAt>
                        <longitude>1.9934234395642</longitude>
                        <latitude>48.981655798898</latitude>
                        <altitude>0</altitude>
                        <heading>0</heading>
                        <tilt>70</tilt>
                        <range>3000</range>
                        <gx:altitudeMode>relativeToSeaFloor</gx:altitudeMode>
                    </LookAt>
                    <styleUrl>#msn_ylw-pushpin0</styleUrl>
                    <Point>
                        <extrude>1</extrude>
                        <altitudeMode>absolute</altitudeMode>
                        <gx:drawOrder>1</gx:drawOrder>
                        <coordinates>1.9934234395642,48.981655798898,406.46710205078</coordinates>
                    </Point>
                </Placemark>
                
                <Placemark>
                    <name>09:08:08 - 73 kts - 1348 ft</name>
                    <visibility>0</visibility>
                    <description>latitude: 48.980754
longitude: 1.994146
altitude: 411 m / 1348 ft
elevation: 22 m / 72 ft
course: 156°
speed: 73 kts
</description>
                    <LookAt>
                        <longitude>1.9941456243414</longitude>
                        <latitude>48.980753696569</latitude>
                        <altitude>0</altitude>
                        <heading>0</heading>
                        <tilt>70</tilt>
                        <range>3000</range>
                        <gx:altitudeMode>relativeToSeaFloor</gx:altitudeMode>
                    </LookAt>
                    <styleUrl>#msn_ylw-pushpin0</styleUrl>
                    <Point>
                        <extrude>1</extrude>
                        <altitudeMode>absolute</altitudeMode>
                        <gx:drawOrder>1</gx:drawOrder>
                        <coordinates>1.9941456243414,48.980753696569,410.98034667969</coordinates>
                    </Point>
                </Placemark>
                
                <Placemark>
                    <name>09:08:11 - 72 kts - 1368 ft</name>
                    <visibility>0</visibility>
                    <description>latitude: 48.979823
longitude: 1.994666
altitude: 417 m / 1368 ft
elevation: 21 m / 69 ft
course: 163°
speed: 72 kts
</description>
                    <LookAt>
                        <longitude>1.9946660567094</longitude>
                        <latitude>48.979822592855</latitude>
                        <altitude>0</altitude>
                        <heading>0</heading>
                        <tilt>70</tilt>
                        <range>3000</range>
                        <gx:altitudeMode>relativeToSeaFloor</gx:altitudeMode>
                    </LookAt>
                    <styleUrl>#msn_ylw-pushpin0</styleUrl>
                    <Point>
                        <extrude>1</extrude>
                        <altitudeMode>absolute</altitudeMode>
                        <gx:drawOrder>1</gx:drawOrder>
                        <coordinates>1.9946660567094,48.979822592855,417.10235595703</coordinates>
                    </Point>
                </Placemark>
                
                <Placemark>
                    <name>09:08:21 - 73 kts - 1409 ft</name>
                    <visibility>0</visibility>
                    <description>latitude: 48.976593
longitude: 1.995822
altitude: 429 m / 1409 ft
elevation: 21 m / 69 ft
course: 168°
speed: 73 kts
</description>
                    <LookAt>
                        <longitude>1.9958215020616</longitude>
                        <latitude>48.976593255111</latitude>
                        <altitude>0</altitude>
                        <heading>0</heading>
                        <tilt>70</tilt>
                        <range>3000</range>
                        <gx:altitudeMode>relativeToSeaFloor</gx:altitudeMode>
                    </LookAt>
                    <styleUrl>#msn_ylw-pushpin0</styleUrl>
                    <Point>
                        <extrude>1</extrude>
                        <altitudeMode>absolute</altitudeMode>
                        <gx:drawOrder>1</gx:drawOrder>
                        <coordinates>1.9958215020616,48.976593255111,429.48089599609</coordinates>
                    </Point>
                </Placemark>
                
                <Placemark>
                    <name>09:08:28 - 73 kts - 1445 ft</name>
                    <visibility>0</visibility>
                    <description>latitude: 48.974267
longitude: 1.996410
altitude: 440 m / 1445 ft
elevation: 17 m / 56 ft
course: 174°
speed: 73 kts
</description>
                    <LookAt>
                        <longitude>1.9964103307594</longitude>
                        <latitude>48.974266815976</latitude>
                        <altitude>0</altitude>
                        <heading>0</heading>
                        <tilt>70</tilt>
                        <range>3000</range>
                        <gx:altitudeMode>relativeToSeaFloor</gx:altitudeMode>
                    </LookAt>
                    <styleUrl>#msn_ylw-pushpin0</styleUrl>
                    <Point>
                        <extrude>1</extrude>
                        <altitudeMode>absolute</altitudeMode>
                        <gx:drawOrder>1</gx:drawOrder>
                        <coordinates>1.9964103307594,48.974266815976,440.423828125</coordinates>
                    </Point>
                </Placemark>
                
                <Placemark>
                    <name>09:08:32 - 72 kts - 1472 ft</name>
                    <visibility>0</visibility>
                    <description>latitude: 48.972941
longitude: 1.996521
altitude: 449 m / 1472 ft
elevation: 22 m / 72 ft
course: 180°
speed: 72 kts
</description>
                    <LookAt>
                        <longitude>1.9965208042432</longitude>
                        <latitude>48.972940547437</latitude>
                        <altitude>0</altitude>
                        <heading>0</heading>
                        <tilt>70</tilt>
                        <range>3000</range>
                        <gx:altitudeMode>relativeToSeaFloor</gx:altitudeMode>
                    </LookAt>
                    <styleUrl>#msn_ylw-pushpin0</styleUrl>
                    <Point>
                        <extrude>1</extrude>
                        <altitudeMode>absolute</altitudeMode>
                        <gx:drawOrder>1</gx:drawOrder>
                        <coordinates>1.9965208042432,48.972940547437,448.71246337891</coordinates>
                    </Point>
                </Placemark>
                
                <Placemark>
                    <name>09:08:35 - 72 kts - 1490 ft</name>
                    <visibility>0</visibility>
                    <description>latitude: 48.971946
longitude: 1.996452
altitude: 454 m / 1490 ft
elevation: 21 m / 69 ft
course: 185°
speed: 72 kts
</description>
                    <LookAt>
                        <longitude>1.9964520726372</longitude>
                        <latitude>48.971945531712</latitude>
                        <altitude>0</altitude>
                        <heading>0</heading>
                        <tilt>70</tilt>
                        <range>3000</range>
                        <gx:altitudeMode>relativeToSeaFloor</gx:altitudeMode>
                    </LookAt>
                    <styleUrl>#msn_ylw-pushpin0</styleUrl>
                    <Point>
                        <extrude>1</extrude>
                        <altitudeMode>absolute</altitudeMode>
                        <gx:drawOrder>1</gx:drawOrder>
                        <coordinates>1.9964520726372,48.971945531712,454.22155761719</coordinates>
                    </Point>
                </Placemark>
                
                <Placemark>
                    <name>09:08:39 - 71 kts - 1517 ft</name>
                    <visibility>0</visibility>
                    <description>latitude: 48.970642
longitude: 1.996157
altitude: 463 m / 1517 ft
elevation: 21 m / 69 ft
course: 191°
speed: 71 kts
</description>
                    <LookAt>
                        <longitude>1.9961574487407</longitude>
                        <latitude>48.970641684764</latitude>
                        <altitude>0</altitude>
                        <heading>0</heading>
                        <tilt>70</tilt>
                        <range>3000</range>
                        <gx:altitudeMode>relativeToSeaFloor</gx:altitudeMode>
                    </LookAt>
                    <styleUrl>#msn_ylw-pushpin0</styleUrl>
                    <Point>
                        <extrude>1</extrude>
                        <altitudeMode>absolute</altitudeMode>
                        <gx:drawOrder>1</gx:drawOrder>
                        <coordinates>1.9961574487407,48.970641684764,462.52563476562</coordinates>
                    </Point>
                </Placemark>
                
                <Placemark>
                    <name>09:08:47 - 86 kts - 1428 ft</name>
                    <visibility>0</visibility>
                    <description>latitude: 48.967856
longitude: 1.995156
altitude: 435 m / 1428 ft
elevation: 21 m / 69 ft
course: 197°
speed: 86 kts
</description>
                    <LookAt>
                        <longitude>1.9951556436736</longitude>
                        <latitude>48.967855707788</latitude>
                        <altitude>0</altitude>
                        <heading>0</heading>
                        <tilt>70</tilt>
                        <range>3000</range>
                        <gx:altitudeMode>relativeToSeaFloor</gx:altitudeMode>
                    </LookAt>
                    <styleUrl>#msn_ylw-pushpin0</styleUrl>
                    <Point>
                        <extrude>1</extrude>
                        <altitudeMode>absolute</altitudeMode>
                        <gx:drawOrder>1</gx:drawOrder>
                        <coordinates>1.9951556436736,48.967855707788,435.37817382812</coordinates>
                    </Point>
                </Placemark>
                
                <Placemark>
                    <name>09:08:50 - 88 kts - 1414 ft</name>
                    <visibility>0</visibility>
                    <description>latitude: 48.966714
longitude: 1.994534
altitude: 431 m / 1414 ft
elevation: 24 m / 79 ft
course: 202°
speed: 88 kts
</description>
                    <LookAt>
                        <longitude>1.9945337902773</longitude>
                        <latitude>48.966714092576</latitude>
                        <altitude>0</altitude>
                        <heading>0</heading>
                        <tilt>70</tilt>
                        <range>3000</range>
                        <gx:altitudeMode>relativeToSeaFloor</gx:altitudeMode>
                    </LookAt>
                    <styleUrl>#msn_ylw-pushpin0</styleUrl>
                    <Point>
                        <extrude>1</extrude>
                        <altitudeMode>absolute</altitudeMode>
                        <gx:drawOrder>1</gx:drawOrder>
                        <coordinates>1.9945337902773,48.966714092576,431.08081054688</coordinates>
                    </Point>
                </Placemark>
                
                <Placemark>
                    <name>09:08:53 - 89 kts - 1419 ft</name>
                    <visibility>0</visibility>
                    <description>latitude: 48.965606
longitude: 1.993727
altitude: 433 m / 1419 ft
elevation: 41 m / 135 ft
course: 209°
speed: 89 kts
</description>
                    <LookAt>
                        <longitude>1.9937270320971</longitude>
                        <latitude>48.965606130705</latitude>
                        <altitude>0</altitude>
                        <heading>0</heading>
                        <tilt>70</tilt>
                        <range>3000</range>
                        <gx:altitudeMode>relativeToSeaFloor</gx:altitudeMode>
                    </LookAt>
                    <styleUrl>#msn_ylw-pushpin0</styleUrl>
                    <Point>
                        <extrude>1</extrude>
                        <altitudeMode>absolute</altitudeMode>
                        <gx:drawOrder>1</gx:drawOrder>
                        <coordinates>1.9937270320971,48.965606130705,432.62524414062</coordinates>
                    </Point>
                </Placemark>
                
                <Placemark>
                    <name>09:08:57 - 87 kts - 1441 ft</name>
                    <visibility>0</visibility>
                    <description>latitude: 48.964233
longitude: 1.992418
altitude: 439 m / 1441 ft
elevation: 41 m / 135 ft
course: 215°
speed: 87 kts
</description>
                    <LookAt>
                        <longitude>1.9924181140978</longitude>
                        <latitude>48.964232881599</latitude>
                        <altitude>0</altitude>
                        <heading>0</heading>
                        <tilt>70</tilt>
                        <range>3000</range>
                        <gx:altitudeMode>relativeToSeaFloor</gx:altitudeMode>
                    </LookAt>
                    <styleUrl>#msn_ylw-pushpin0</styleUrl>
                    <Point>
                        <extrude>1</extrude>
                        <altitudeMode>absolute</altitudeMode>
                        <gx:drawOrder>1</gx:drawOrder>
                        <coordinates>1.9924181140978,48.964232881599,439.07037353516</coordinates>
                    </Point>
                </Placemark>
                
                <Placemark>
                    <name>09:09:08 - 86 kts - 1467 ft</name>
                    <visibility>0</visibility>
                    <description>latitude: 48.960822
longitude: 1.988220
altitude: 447 m / 1467 ft
elevation: 64 m / 210 ft
course: 220°
speed: 86 kts
</description>
                    <LookAt>
                        <longitude>1.9882204569895</longitude>
                        <latitude>48.960821782284</latitude>
                        <altitude>0</altitude>
                        <heading>0</heading>
                        <tilt>70</tilt>
                        <range>3000</range>
                        <gx:altitudeMode>relativeToSeaFloor</gx:altitudeMode>
                    </LookAt>
                    <styleUrl>#msn_ylw-pushpin0</styleUrl>
                    <Point>
                        <extrude>1</extrude>
                        <altitudeMode>absolute</altitudeMode>
                        <gx:drawOrder>1</gx:drawOrder>
                        <coordinates>1.9882204569895,48.960821782284,447.09509277344</coordinates>
                    </Point>
                </Placemark>
                
                <Placemark>
                    <name>09:09:19 - 88 kts - 1464 ft</name>
                    <visibility>0</visibility>
                    <description>latitude: 48.957530
longitude: 1.983787
altitude: 446 m / 1464 ft
elevation: 74 m / 243 ft
course: 226°
speed: 88 kts
</description>
                    <LookAt>
                        <longitude>1.9837867654878</longitude>
                        <latitude>48.957530460366</latitude>
                        <altitude>0</altitude>
                        <heading>0</heading>
                        <tilt>70</tilt>
                        <range>3000</range>
                        <gx:altitudeMode>relativeToSeaFloor</gx:altitudeMode>
                    </LookAt>
                    <styleUrl>#msn_ylw-pushpin0</styleUrl>
                    <Point>
                        <extrude>1</extrude>
                        <altitudeMode>absolute</altitudeMode>
                        <gx:drawOrder>1</gx:drawOrder>
                        <coordinates>1.9837867654878,48.957530460366,446.29406738281</coordinates>
                    </Point>
                </Placemark>
                
                <Placemark>
                    <name>09:09:31 - 88 kts - 1465 ft</name>
                    <visibility>0</visibility>
                    <description>latitude: 48.954088
longitude: 1.978622
altitude: 446 m / 1465 ft
elevation: 114 m / 374 ft
course: 223°
speed: 88 kts
</description>
                    <LookAt>
                        <longitude>1.9786220882106</longitude>
                        <latitude>48.954088431829</latitude>
                        <altitude>0</altitude>
                        <heading>0</heading>
                        <tilt>70</tilt>
                        <range>3000</range>
                        <gx:altitudeMode>relativeToSeaFloor</gx:altitudeMode>
                    </LookAt>
                    <styleUrl>#msn_ylw-pushpin0</styleUrl>
                    <Point>
                        <extrude>1</extrude>
                        <altitudeMode>absolute</altitudeMode>
                        <gx:drawOrder>1</gx:drawOrder>
                        <coordinates>1.9786220882106,48.954088431829,446.49194335938</coordinates>
                    </Point>
                </Placemark>
                
                <Placemark>
                    <name>09:09:42 - 91 kts - 1423 ft</name>
                    <visibility>0</visibility>
                    <description>latitude: 48.950686
longitude: 1.974150
altitude: 434 m / 1423 ft
elevation: 153 m / 502 ft
course: 218°
speed: 91 kts
</description>
                    <LookAt>
                        <longitude>1.9741499237735</longitude>
                        <latitude>48.950685882055</latitude>
                        <altitude>0</altitude>
                        <heading>0</heading>
                        <tilt>70</tilt>
                        <range>3000</range>
                        <gx:altitudeMode>relativeToSeaFloor</gx:altitudeMode>
                    </LookAt>
                    <styleUrl>#msn_ylw-pushpin0</styleUrl>
                    <Point>
                        <extrude>1</extrude>
                        <altitudeMode>absolute</altitudeMode>
                        <gx:drawOrder>1</gx:drawOrder>
                        <coordinates>1.9741499237735,48.950685882055,433.72729492188</coordinates>
                    </Point>
                </Placemark>
                
                <Placemark>
                    <name>09:09:53 - 87 kts - 1396 ft</name>
                    <visibility>0</visibility>
                    <description>latitude: 48.946998
longitude: 1.970208
altitude: 425 m / 1396 ft
elevation: 173 m / 568 ft
course: 213°
speed: 87 kts
</description>
                    <LookAt>
                        <longitude>1.9702078308928</longitude>
                        <latitude>48.946997718931</latitude>
                        <altitude>0</altitude>
                        <heading>0</heading>
                        <tilt>70</tilt>
                        <range>3000</range>
                        <gx:altitudeMode>relativeToSeaFloor</gx:altitudeMode>
                    </LookAt>
                    <styleUrl>#msn_ylw-pushpin0</styleUrl>
                    <Point>
                        <extrude>1</extrude>
                        <altitudeMode>absolute</altitudeMode>
                        <gx:drawOrder>1</gx:drawOrder>
                        <coordinates>1.9702078308928,48.946997718931,425.43505859375</coordinates>
                    </Point>
                </Placemark>
                
                <Placemark>
                    <name>09:10:05 - 83 kts - 1379 ft</name>
                    <visibility>0</visibility>
                    <description>latitude: 48.942993
longitude: 1.966472
altitude: 420 m / 1379 ft
elevation: 139 m / 456 ft
course: 210°
speed: 83 kts
</description>
                    <LookAt>
                        <longitude>1.9664720166493</longitude>
                        <latitude>48.942992803686</latitude>
                        <altitude>0</altitude>
                        <heading>0</heading>
                        <tilt>70</tilt>
                        <range>3000</range>
                        <gx:altitudeMode>relativeToSeaFloor</gx:altitudeMode>
                    </LookAt>
                    <styleUrl>#msn_ylw-pushpin0</styleUrl>
                    <Point>
                        <extrude>1</extrude>
                        <altitudeMode>absolute</altitudeMode>
                        <gx:drawOrder>1</gx:drawOrder>
                        <coordinates>1.9664720166493,48.942992803686,420.23687744141</coordinates>
                    </Point>
                </Placemark>
                
                <Placemark>
                    <name>09:10:11 - 82 kts - 1363 ft</name>
                    <visibility>0</visibility>
                    <description>latitude: 48.940968
longitude: 1.964908
altitude: 415 m / 1363 ft
elevation: 128 m / 420 ft
course: 204°
speed: 82 kts
</description>
                    <LookAt>
                        <longitude>1.9649082049746</longitude>
                        <latitude>48.940967610151</latitude>
                        <altitude>0</altitude>
                        <heading>0</heading>
                        <tilt>70</tilt>
                        <range>3000</range>
                        <gx:altitudeMode>relativeToSeaFloor</gx:altitudeMode>
                    </LookAt>
                    <styleUrl>#msn_ylw-pushpin0</styleUrl>
                    <Point>
                        <extrude>1</extrude>
                        <altitudeMode>absolute</altitudeMode>
                        <gx:drawOrder>1</gx:drawOrder>
                        <coordinates>1.9649082049746,48.940967610151,415.30981445312</coordinates>
                    </Point>
                </Placemark>
                
                <Placemark>
                    <name>09:10:22 - 80 kts - 1346 ft</name>
                    <visibility>0</visibility>
                    <description>latitude: 48.937165
longitude: 1.962656
altitude: 410 m / 1346 ft
elevation: 99 m / 325 ft
course: 198°
speed: 80 kts
</description>
                    <LookAt>
                        <longitude>1.9626564905066</longitude>
                        <latitude>48.937165243597</latitude>
                        <altitude>0</altitude>
                        <heading>0</heading>
                        <tilt>70</tilt>
                        <range>3000</range>
                        <gx:altitudeMode>relativeToSeaFloor</gx:altitudeMode>
                    </LookAt>
                    <styleUrl>#msn_ylw-pushpin0</styleUrl>
                    <Point>
                        <extrude>1</extrude>
                        <altitudeMode>absolute</altitudeMode>
                        <gx:drawOrder>1</gx:drawOrder>
                        <coordinates>1.9626564905066,48.937165243597,410.19958496094</coordinates>
                    </Point>
                </Placemark>
                
                <Placemark>
                    <name>09:10:35 - 78 kts - 1348 ft</name>
                    <visibility>0</visibility>
                    <description>latitude: 48.932618
longitude: 1.960657
altitude: 411 m / 1348 ft
elevation: 79 m / 259 ft
course: 195°
speed: 78 kts
</description>
                    <LookAt>
                        <longitude>1.9606574066002</longitude>
                        <latitude>48.932618438312</latitude>
                        <altitude>0</altitude>
                        <heading>0</heading>
                        <tilt>70</tilt>
                        <range>3000</range>
                        <gx:altitudeMode>relativeToSeaFloor</gx:altitudeMode>
                    </LookAt>
                    <styleUrl>#msn_ylw-pushpin0</styleUrl>
                    <Point>
                        <extrude>1</extrude>
                        <altitudeMode>absolute</altitudeMode>
                        <gx:drawOrder>1</gx:drawOrder>
                        <coordinates>1.9606574066002,48.932618438312,410.82287597656</coordinates>
                    </Point>
                </Placemark>
                
                <Placemark>
                    <name>09:10:46 - 77 kts - 1334 ft</name>
                    <visibility>0</visibility>
                    <description>latitude: 48.928765
longitude: 1.959303
altitude: 407 m / 1334 ft
elevation: 93 m / 305 ft
course: 189°
speed: 77 kts
</description>
                    <LookAt>
                        <longitude>1.9593029748667</longitude>
                        <latitude>48.928765277424</latitude>
                        <altitude>0</altitude>
                        <heading>0</heading>
                        <tilt>70</tilt>
                        <range>3000</range>
                        <gx:altitudeMode>relativeToSeaFloor</gx:altitudeMode>
                    </LookAt>
                    <styleUrl>#msn_ylw-pushpin0</styleUrl>
                    <Point>
                        <extrude>1</extrude>
                        <altitudeMode>absolute</altitudeMode>
                        <gx:drawOrder>1</gx:drawOrder>
                        <coordinates>1.9593029748667,48.928765277424,406.69091796875</coordinates>
                    </Point>
                </Placemark>
                
                <Placemark>
                    <name>09:10:59 - 77 kts - 1303 ft</name>
                    <visibility>0</visibility>
                    <description>latitude: 48.924213
longitude: 1.957893
altitude: 397 m / 1303 ft
elevation: 123 m / 404 ft
course: 194°
speed: 77 kts
</description>
                    <LookAt>
                        <longitude>1.9578933902103</longitude>
                        <latitude>48.924213107721</latitude>
                        <altitude>0</altitude>
                        <heading>0</heading>
                        <tilt>70</tilt>
                        <range>3000</range>
                        <gx:altitudeMode>relativeToSeaFloor</gx:altitudeMode>
                    </LookAt>
                    <styleUrl>#msn_ylw-pushpin0</styleUrl>
                    <Point>
                        <extrude>1</extrude>
                        <altitudeMode>absolute</altitudeMode>
                        <gx:drawOrder>1</gx:drawOrder>
                        <coordinates>1.9578933902103,48.924213107721,397.27783203125</coordinates>
                    </Point>
                </Placemark>
                
                <Placemark>
                    <name>09:11:12 - 75 kts - 1313 ft</name>
                    <visibility>0</visibility>
                    <description>latitude: 48.919800
longitude: 1.956086
altitude: 400 m / 1313 ft
elevation: 166 m / 545 ft
course: 192°
speed: 75 kts
</description>
                    <LookAt>
                        <longitude>1.9560862518865</longitude>
                        <latitude>48.919800496706</latitude>
                        <altitude>0</altitude>
                        <heading>0</heading>
                        <tilt>70</tilt>
                        <range>3000</range>
                        <gx:altitudeMode>relativeToSeaFloor</gx:altitudeMode>
                    </LookAt>
                    <styleUrl>#msn_ylw-pushpin0</styleUrl>
                    <Point>
                        <extrude>1</extrude>
                        <altitudeMode>absolute</altitudeMode>
                        <gx:drawOrder>1</gx:drawOrder>
                        <coordinates>1.9560862518865,48.919800496706,400.15521240234</coordinates>
                    </Point>
                </Placemark>
                
                <Placemark>
                    <name>09:11:21 - 76 kts - 1301 ft</name>
                    <visibility>0</visibility>
                    <description>latitude: 48.916729
longitude: 1.955314
altitude: 397 m / 1301 ft
elevation: 178 m / 584 ft
course: 187°
speed: 76 kts
</description>
                    <LookAt>
                        <longitude>1.9553138595093</longitude>
                        <latitude>48.916728654922</latitude>
                        <altitude>0</altitude>
                        <heading>0</heading>
                        <tilt>70</tilt>
                        <range>3000</range>
                        <gx:altitudeMode>relativeToSeaFloor</gx:altitudeMode>
                    </LookAt>
                    <styleUrl>#msn_ylw-pushpin0</styleUrl>
                    <Point>
                        <extrude>1</extrude>
                        <altitudeMode>absolute</altitudeMode>
                        <gx:drawOrder>1</gx:drawOrder>
                        <coordinates>1.9553138595093,48.916728654922,396.68469238281</coordinates>
                    </Point>
                </Placemark>
                
                <Placemark>
                    <name>09:11:27 - 75 kts - 1297 ft</name>
                    <visibility>0</visibility>
                    <description>latitude: 48.914640
longitude: 1.955115
altitude: 395 m / 1297 ft
elevation: 178 m / 584 ft
course: 181°
speed: 75 kts
</description>
                    <LookAt>
                        <longitude>1.955114873128</longitude>
                        <latitude>48.914639675104</latitude>
                        <altitude>0</altitude>
                        <heading>0</heading>
                        <tilt>70</tilt>
                        <range>3000</range>
                        <gx:altitudeMode>relativeToSeaFloor</gx:altitudeMode>
                    </LookAt>
                    <styleUrl>#msn_ylw-pushpin0</styleUrl>
                    <Point>
                        <extrude>1</extrude>
                        <altitudeMode>absolute</altitudeMode>
                        <gx:drawOrder>1</gx:drawOrder>
                        <coordinates>1.955114873128,48.914639675104,395.25903320312</coordinates>
                    </Point>
                </Placemark>
                
                <Placemark>
                    <name>09:11:35 - 76 kts - 1295 ft</name>
                    <visibility>0</visibility>
                    <description>latitude: 48.911834
longitude: 1.955154
altitude: 395 m / 1295 ft
elevation: 134 m / 440 ft
course: 176°
speed: 76 kts
</description>
                    <LookAt>
                        <longitude>1.9551539327967</longitude>
                        <latitude>48.911834000655</latitude>
                        <altitude>0</altitude>
                        <heading>0</heading>
                        <tilt>70</tilt>
                        <range>3000</range>
                        <gx:altitudeMode>relativeToSeaFloor</gx:altitudeMode>
                    </LookAt>
                    <styleUrl>#msn_ylw-pushpin0</styleUrl>
                    <Point>
                        <extrude>1</extrude>
                        <altitudeMode>absolute</altitudeMode>
                        <gx:drawOrder>1</gx:drawOrder>
                        <coordinates>1.9551539327967,48.911834000655,394.79095458984</coordinates>
                    </Point>
                </Placemark>
                
                <Placemark>
                    <name>09:11:48 - 74 kts - 1298 ft</name>
                    <visibility>0</visibility>
                    <description>latitude: 48.907011
longitude: 1.955417
altitude: 396 m / 1298 ft
elevation: 178 m / 584 ft
course: 181°
speed: 74 kts
</description>
                    <LookAt>
                        <longitude>1.9554167892802</longitude>
                        <latitude>48.907010885932</latitude>
                        <altitude>0</altitude>
                        <heading>0</heading>
                        <tilt>70</tilt>
                        <range>3000</range>
                        <gx:altitudeMode>relativeToSeaFloor</gx:altitudeMode>
                    </LookAt>
                    <styleUrl>#msn_ylw-pushpin0</styleUrl>
                    <Point>
                        <extrude>1</extrude>
                        <altitudeMode>absolute</altitudeMode>
                        <gx:drawOrder>1</gx:drawOrder>
                        <coordinates>1.9554167892802,48.907010885932,395.50952148438</coordinates>
                    </Point>
                </Placemark>
                
                <Placemark>
                    <name>09:11:57 - 73 kts - 1309 ft</name>
                    <visibility>0</visibility>
                    <description>latitude: 48.903944
longitude: 1.955128
altitude: 399 m / 1309 ft
elevation: 175 m / 574 ft
course: 187°
speed: 73 kts
</description>
                    <LookAt>
                        <longitude>1.9551276974398</longitude>
                        <latitude>48.903943989471</latitude>
                        <altitude>0</altitude>
                        <heading>0</heading>
                        <tilt>70</tilt>
                        <range>3000</range>
                        <gx:altitudeMode>relativeToSeaFloor</gx:altitudeMode>
                    </LookAt>
                    <styleUrl>#msn_ylw-pushpin0</styleUrl>
                    <Point>
                        <extrude>1</extrude>
                        <altitudeMode>absolute</altitudeMode>
                        <gx:drawOrder>1</gx:drawOrder>
                        <coordinates>1.9551276974398,48.903943989471,399.05969238281</coordinates>
                    </Point>
                </Placemark>
                
                <Placemark>
                    <name>09:12:12 - 76 kts - 1310 ft</name>
                    <visibility>0</visibility>
                    <description>latitude: 48.899211
longitude: 1.953854
altitude: 399 m / 1310 ft
elevation: 181 m / 594 ft
course: 190°
speed: 76 kts
</description>
                    <LookAt>
                        <longitude>1.9538539834339</longitude>
                        <latitude>48.899211189755</latitude>
                        <altitude>0</altitude>
                        <heading>0</heading>
                        <tilt>70</tilt>
                        <range>3000</range>
                        <gx:altitudeMode>relativeToSeaFloor</gx:altitudeMode>
                    </LookAt>
                    <styleUrl>#msn_ylw-pushpin0</styleUrl>
                    <Point>
                        <extrude>1</extrude>
                        <altitudeMode>absolute</altitudeMode>
                        <gx:drawOrder>1</gx:drawOrder>
                        <coordinates>1.9538539834339,48.899211189755,399.43737792969</coordinates>
                    </Point>
                </Placemark>
                
                <Placemark>
                    <name>09:12:25 - 79 kts - 1385 ft</name>
                    <visibility>0</visibility>
                    <description>latitude: 48.894670
longitude: 1.952534
altitude: 422 m / 1385 ft
elevation: 178 m / 584 ft
course: 192°
speed: 79 kts
</description>
                    <LookAt>
                        <longitude>1.9525341689605</longitude>
                        <latitude>48.894670126074</latitude>
                        <altitude>0</altitude>
                        <heading>0</heading>
                        <tilt>70</tilt>
                        <range>3000</range>
                        <gx:altitudeMode>relativeToSeaFloor</gx:altitudeMode>
                    </LookAt>
                    <styleUrl>#msn_ylw-pushpin0</styleUrl>
                    <Point>
                        <extrude>1</extrude>
                        <altitudeMode>absolute</altitudeMode>
                        <gx:drawOrder>1</gx:drawOrder>
                        <coordinates>1.9525341689605,48.894670126074,422.26214599609</coordinates>
                    </Point>
                </Placemark>
                
                <Placemark>
                    <name>09:12:29 - 79 kts - 1409 ft</name>
                    <visibility>0</visibility>
                    <description>latitude: 48.893226
longitude: 1.952181
altitude: 430 m / 1409 ft
elevation: 181 m / 594 ft
course: 186°
speed: 79 kts
</description>
                    <LookAt>
                        <longitude>1.9521806202847</longitude>
                        <latitude>48.893225840338</latitude>
                        <altitude>0</altitude>
                        <heading>0</heading>
                        <tilt>70</tilt>
                        <range>3000</range>
                        <gx:altitudeMode>relativeToSeaFloor</gx:altitudeMode>
                    </LookAt>
                    <styleUrl>#msn_ylw-pushpin0</styleUrl>
                    <Point>
                        <extrude>1</extrude>
                        <altitudeMode>absolute</altitudeMode>
                        <gx:drawOrder>1</gx:drawOrder>
                        <coordinates>1.9521806202847,48.893225840338,429.59307861328</coordinates>
                    </Point>
                </Placemark>
                
                <Placemark>
                    <name>09:12:36 - 77 kts - 1452 ft</name>
                    <visibility>0</visibility>
                    <description>latitude: 48.890725
longitude: 1.952019
altitude: 443 m / 1452 ft
elevation: 182 m / 597 ft
course: 180°
speed: 77 kts
</description>
                    <LookAt>
                        <longitude>1.9520189333725</longitude>
                        <latitude>48.890724596613</latitude>
                        <altitude>0</altitude>
                        <heading>0</heading>
                        <tilt>70</tilt>
                        <range>3000</range>
                        <gx:altitudeMode>relativeToSeaFloor</gx:altitudeMode>
                    </LookAt>
                    <styleUrl>#msn_ylw-pushpin0</styleUrl>
                    <Point>
                        <extrude>1</extrude>
                        <altitudeMode>absolute</altitudeMode>
                        <gx:drawOrder>1</gx:drawOrder>
                        <coordinates>1.9520189333725,48.890724596613,442.66003417969</coordinates>
                    </Point>
                </Placemark>
                
                <Placemark>
                    <name>09:12:44 - 77 kts - 1482 ft</name>
                    <visibility>0</visibility>
                    <description>latitude: 48.887856
longitude: 1.951926
altitude: 452 m / 1482 ft
elevation: 189 m / 620 ft
course: 186°
speed: 77 kts
</description>
                    <LookAt>
                        <longitude>1.9519262295235</longitude>
                        <latitude>48.887855680705</latitude>
                        <altitude>0</altitude>
                        <heading>0</heading>
                        <tilt>70</tilt>
                        <range>3000</range>
                        <gx:altitudeMode>relativeToSeaFloor</gx:altitudeMode>
                    </LookAt>
                    <styleUrl>#msn_ylw-pushpin0</styleUrl>
                    <Point>
                        <extrude>1</extrude>
                        <altitudeMode>absolute</altitudeMode>
                        <gx:drawOrder>1</gx:drawOrder>
                        <coordinates>1.9519262295235,48.887855680705,451.63732910156</coordinates>
                    </Point>
                </Placemark>
                
                <Placemark>
                    <name>09:12:48 - 77 kts - 1512 ft</name>
                    <visibility>0</visibility>
                    <description>latitude: 48.886448
longitude: 1.951591
altitude: 461 m / 1512 ft
elevation: 195 m / 640 ft
course: 191°
speed: 77 kts
</description>
                    <LookAt>
                        <longitude>1.9515913724917</longitude>
                        <latitude>48.886447856248</latitude>
                        <altitude>0</altitude>
                        <heading>0</heading>
                        <tilt>70</tilt>
                        <range>3000</range>
                        <gx:altitudeMode>relativeToSeaFloor</gx:altitudeMode>
                    </LookAt>
                    <styleUrl>#msn_ylw-pushpin0</styleUrl>
                    <Point>
                        <extrude>1</extrude>
                        <altitudeMode>absolute</altitudeMode>
                        <gx:drawOrder>1</gx:drawOrder>
                        <coordinates>1.9515913724917,48.886447856248,460.73742675781</coordinates>
                    </Point>
                </Placemark>
                
                <Placemark>
                    <name>09:13:01 - 78 kts - 1608 ft</name>
                    <visibility>0</visibility>
                    <description>latitude: 48.881918
longitude: 1.949931
altitude: 490 m / 1608 ft
elevation: 130 m / 427 ft
course: 196°
speed: 78 kts
</description>
                    <LookAt>
                        <longitude>1.9499308336544</longitude>
                        <latitude>48.881917856679</latitude>
                        <altitude>0</altitude>
                        <heading>0</heading>
                        <tilt>70</tilt>
                        <range>3000</range>
                        <gx:altitudeMode>relativeToSeaFloor</gx:altitudeMode>
                    </LookAt>
                    <styleUrl>#msn_ylw-pushpin0</styleUrl>
                    <Point>
                        <extrude>1</extrude>
                        <altitudeMode>absolute</altitudeMode>
                        <gx:drawOrder>1</gx:drawOrder>
                        <coordinates>1.9499308336544,48.881917856679,490.01293945312</coordinates>
                    </Point>
                </Placemark>
                
                <Placemark>
                    <name>09:13:05 - 77 kts - 1644 ft</name>
                    <visibility>0</visibility>
                    <description>latitude: 48.880556
longitude: 1.949248
altitude: 501 m / 1644 ft
elevation: 117 m / 384 ft
course: 201°
speed: 77 kts
</description>
                    <LookAt>
                        <longitude>1.949247876184</longitude>
                        <latitude>48.880555587866</latitude>
                        <altitude>0</altitude>
                        <heading>0</heading>
                        <tilt>70</tilt>
                        <range>3000</range>
                        <gx:altitudeMode>relativeToSeaFloor</gx:altitudeMode>
                    </LookAt>
                    <styleUrl>#msn_ylw-pushpin0</styleUrl>
                    <Point>
                        <extrude>1</extrude>
                        <altitudeMode>absolute</altitudeMode>
                        <gx:drawOrder>1</gx:drawOrder>
                        <coordinates>1.949247876184,48.880555587866,500.95654296875</coordinates>
                    </Point>
                </Placemark>
                
                <Placemark>
                    <name>09:13:18 - 74 kts - 1744 ft</name>
                    <visibility>0</visibility>
                    <description>latitude: 48.876402
longitude: 1.946512
altitude: 532 m / 1744 ft
elevation: 113 m / 371 ft
course: 204°
speed: 74 kts
</description>
                    <LookAt>
                        <longitude>1.946512442084</longitude>
                        <latitude>48.876401684292</latitude>
                        <altitude>0</altitude>
                        <heading>0</heading>
                        <tilt>70</tilt>
                        <range>3000</range>
                        <gx:altitudeMode>relativeToSeaFloor</gx:altitudeMode>
                    </LookAt>
                    <styleUrl>#msn_ylw-pushpin0</styleUrl>
                    <Point>
                        <extrude>1</extrude>
                        <altitudeMode>absolute</altitudeMode>
                        <gx:drawOrder>1</gx:drawOrder>
                        <coordinates>1.946512442084,48.876401684292,531.50036621094</coordinates>
                    </Point>
                </Placemark>
                
                <Placemark>
                    <name>09:13:26 - 76 kts - 1773 ft</name>
                    <visibility>0</visibility>
                    <description>latitude: 48.873912
longitude: 1.944625
altitude: 541 m / 1773 ft
elevation: 123 m / 404 ft
course: 210°
speed: 76 kts
</description>
                    <LookAt>
                        <longitude>1.9446250051278</longitude>
                        <latitude>48.873912426689</latitude>
                        <altitude>0</altitude>
                        <heading>0</heading>
                        <tilt>70</tilt>
                        <range>3000</range>
                        <gx:altitudeMode>relativeToSeaFloor</gx:altitudeMode>
                    </LookAt>
                    <styleUrl>#msn_ylw-pushpin0</styleUrl>
                    <Point>
                        <extrude>1</extrude>
                        <altitudeMode>absolute</altitudeMode>
                        <gx:drawOrder>1</gx:drawOrder>
                        <coordinates>1.9446250051278,48.873912426689,540.53881835938</coordinates>
                    </Point>
                </Placemark>
                
                <Placemark>
                    <name>09:13:39 - 83 kts - 1792 ft</name>
                    <visibility>0</visibility>
                    <description>latitude: 48.869690
longitude: 1.941229
altitude: 546 m / 1792 ft
elevation: 107 m / 351 ft
course: 208°
speed: 83 kts
</description>
                    <LookAt>
                        <longitude>1.9412292446959</longitude>
                        <latitude>48.869690420152</latitude>
                        <altitude>0</altitude>
                        <heading>0</heading>
                        <tilt>70</tilt>
                        <range>3000</range>
                        <gx:altitudeMode>relativeToSeaFloor</gx:altitudeMode>
                    </LookAt>
                    <styleUrl>#msn_ylw-pushpin0</styleUrl>
                    <Point>
                        <extrude>1</extrude>
                        <altitudeMode>absolute</altitudeMode>
                        <gx:drawOrder>1</gx:drawOrder>
                        <coordinates>1.9412292446959,48.869690420152,546.34399414062</coordinates>
                    </Point>
                </Placemark>
                
                <Placemark>
                    <name>09:13:50 - 83 kts - 1834 ft</name>
                    <visibility>0</visibility>
                    <description>latitude: 48.865572
longitude: 1.938024
altitude: 559 m / 1834 ft
elevation: 120 m / 394 ft
course: 204°
speed: 83 kts
</description>
                    <LookAt>
                        <longitude>1.9380239211041</longitude>
                        <latitude>48.865571511024</latitude>
                        <altitude>0</altitude>
                        <heading>0</heading>
                        <tilt>70</tilt>
                        <range>3000</range>
                        <gx:altitudeMode>relativeToSeaFloor</gx:altitudeMode>
                    </LookAt>
                    <styleUrl>#msn_ylw-pushpin0</styleUrl>
                    <Point>
                        <extrude>1</extrude>
                        <altitudeMode>absolute</altitudeMode>
                        <gx:drawOrder>1</gx:drawOrder>
                        <coordinates>1.9380239211041,48.865571511024,558.951171875</coordinates>
                    </Point>
                </Placemark>
                
                <Placemark>
                    <name>09:14:01 - 83 kts - 1862 ft</name>
                    <visibility>0</visibility>
                    <description>latitude: 48.861617
longitude: 1.935853
altitude: 567 m / 1862 ft
elevation: 121 m / 397 ft
course: 198°
speed: 83 kts
</description>
                    <LookAt>
                        <longitude>1.9358534272778</longitude>
                        <latitude>48.861617222474</latitude>
                        <altitude>0</altitude>
                        <heading>0</heading>
                        <tilt>70</tilt>
                        <range>3000</range>
                        <gx:altitudeMode>relativeToSeaFloor</gx:altitudeMode>
                    </LookAt>
                    <styleUrl>#msn_ylw-pushpin0</styleUrl>
                    <Point>
                        <extrude>1</extrude>
                        <altitudeMode>absolute</altitudeMode>
                        <gx:drawOrder>1</gx:drawOrder>
                        <coordinates>1.9358534272778,48.861617222474,567.44897460938</coordinates>
                    </Point>
                </Placemark>
                
                <Placemark>
                    <name>09:14:13 - 87 kts - 1840 ft</name>
                    <visibility>0</visibility>
                    <description>latitude: 48.857042
longitude: 1.933841
altitude: 561 m / 1840 ft
elevation: 106 m / 348 ft
course: 194°
speed: 87 kts
</description>
                    <LookAt>
                        <longitude>1.9338410999644</longitude>
                        <latitude>48.857041625352</latitude>
                        <altitude>0</altitude>
                        <heading>0</heading>
                        <tilt>70</tilt>
                        <range>3000</range>
                        <gx:altitudeMode>relativeToSeaFloor</gx:altitudeMode>
                    </LookAt>
                    <styleUrl>#msn_ylw-pushpin0</styleUrl>
                    <Point>
                        <extrude>1</extrude>
                        <altitudeMode>absolute</altitudeMode>
                        <gx:drawOrder>1</gx:drawOrder>
                        <coordinates>1.9338410999644,48.857041625352,560.82177734375</coordinates>
                    </Point>
                </Placemark>
                
                <Placemark>
                    <name>09:14:25 - 88 kts - 1856 ft</name>
                    <visibility>0</visibility>
                    <description>latitude: 48.852345
longitude: 1.932209
altitude: 566 m / 1856 ft
elevation: 71 m / 233 ft
course: 193°
speed: 88 kts
</description>
                    <LookAt>
                        <longitude>1.9322089757788</longitude>
                        <latitude>48.852345412643</latitude>
                        <altitude>0</altitude>
                        <heading>0</heading>
                        <tilt>70</tilt>
                        <range>3000</range>
                        <gx:altitudeMode>relativeToSeaFloor</gx:altitudeMode>
                    </LookAt>
                    <styleUrl>#msn_ylw-pushpin0</styleUrl>
                    <Point>
                        <extrude>1</extrude>
                        <altitudeMode>absolute</altitudeMode>
                        <gx:drawOrder>1</gx:drawOrder>
                        <coordinates>1.9322089757788,48.852345412643,565.81469726562</coordinates>
                    </Point>
                </Placemark>
                
                <Placemark>
                    <name>09:14:38 - 85 kts - 1911 ft</name>
                    <visibility>0</visibility>
                    <description>latitude: 48.847607
longitude: 1.930796
altitude: 583 m / 1911 ft
elevation: 93 m / 305 ft
course: 189°
speed: 85 kts
</description>
                    <LookAt>
                        <longitude>1.9307963736373</longitude>
                        <latitude>48.847607332327</latitude>
                        <altitude>0</altitude>
                        <heading>0</heading>
                        <tilt>70</tilt>
                        <range>3000</range>
                        <gx:altitudeMode>relativeToSeaFloor</gx:altitudeMode>
                    </LookAt>
                    <styleUrl>#msn_ylw-pushpin0</styleUrl>
                    <Point>
                        <extrude>1</extrude>
                        <altitudeMode>absolute</altitudeMode>
                        <gx:drawOrder>1</gx:drawOrder>
                        <coordinates>1.9307963736373,48.847607332327,582.50744628906</coordinates>
                    </Point>
                </Placemark>
                
                <Placemark>
                    <name>09:14:50 - 88 kts - 1894 ft</name>
                    <visibility>0</visibility>
                    <description>latitude: 48.842823
longitude: 1.929801
altitude: 577 m / 1894 ft
elevation: 124 m / 407 ft
course: 188°
speed: 88 kts
</description>
                    <LookAt>
                        <longitude>1.9298014417309</longitude>
                        <latitude>48.84282264863</latitude>
                        <altitude>0</altitude>
                        <heading>0</heading>
                        <tilt>70</tilt>
                        <range>3000</range>
                        <gx:altitudeMode>relativeToSeaFloor</gx:altitudeMode>
                    </LookAt>
                    <styleUrl>#msn_ylw-pushpin0</styleUrl>
                    <Point>
                        <extrude>1</extrude>
                        <altitudeMode>absolute</altitudeMode>
                        <gx:drawOrder>1</gx:drawOrder>
                        <coordinates>1.9298014417309,48.84282264863,577.23364257812</coordinates>
                    </Point>
                </Placemark>
                
                <Placemark>
                    <name>09:15:02 - 87 kts - 1920 ft</name>
                    <visibility>0</visibility>
                    <description>latitude: 48.837993
longitude: 1.928912
altitude: 585 m / 1920 ft
elevation: 92 m / 302 ft
course: 186°
speed: 87 kts
</description>
                    <LookAt>
                        <longitude>1.9289121218044</longitude>
                        <latitude>48.837993037932</latitude>
                        <altitude>0</altitude>
                        <heading>0</heading>
                        <tilt>70</tilt>
                        <range>3000</range>
                        <gx:altitudeMode>relativeToSeaFloor</gx:altitudeMode>
                    </LookAt>
                    <styleUrl>#msn_ylw-pushpin0</styleUrl>
                    <Point>
                        <extrude>1</extrude>
                        <altitudeMode>absolute</altitudeMode>
                        <gx:drawOrder>1</gx:drawOrder>
                        <coordinates>1.9289121218044,48.837993037932,585.08081054688</coordinates>
                    </Point>
                </Placemark>
                
                <Placemark>
                    <name>09:15:14 - 86 kts - 1965 ft</name>
                    <visibility>0</visibility>
                    <description>latitude: 48.833257
longitude: 1.928122
altitude: 599 m / 1965 ft
elevation: 110 m / 361 ft
course: 186°
speed: 86 kts
</description>
                    <LookAt>
                        <longitude>1.9281222950685</longitude>
                        <latitude>48.833256927364</latitude>
                        <altitude>0</altitude>
                        <heading>0</heading>
                        <tilt>70</tilt>
                        <range>3000</range>
                        <gx:altitudeMode>relativeToSeaFloor</gx:altitudeMode>
                    </LookAt>
                    <styleUrl>#msn_ylw-pushpin0</styleUrl>
                    <Point>
                        <extrude>1</extrude>
                        <altitudeMode>absolute</altitudeMode>
                        <gx:drawOrder>1</gx:drawOrder>
                        <coordinates>1.9281222950685,48.833256927364,598.83703613281</coordinates>
                    </Point>
                </Placemark>
                
                <Placemark>
                    <name>09:15:24 - 94 kts - 1855 ft</name>
                    <visibility>0</visibility>
                    <description>latitude: 48.829189
longitude: 1.927420
altitude: 565 m / 1855 ft
elevation: 113 m / 371 ft
course: 188°
speed: 94 kts
</description>
                    <LookAt>
                        <longitude>1.9274202268589</longitude>
                        <latitude>48.829188644931</latitude>
                        <altitude>0</altitude>
                        <heading>0</heading>
                        <tilt>70</tilt>
                        <range>3000</range>
                        <gx:altitudeMode>relativeToSeaFloor</gx:altitudeMode>
                    </LookAt>
                    <styleUrl>#msn_ylw-pushpin0</styleUrl>
                    <Point>
                        <extrude>1</extrude>
                        <altitudeMode>absolute</altitudeMode>
                        <gx:drawOrder>1</gx:drawOrder>
                        <coordinates>1.9274202268589,48.829188644931,565.25329589844</coordinates>
                    </Point>
                </Placemark>
                
                <Placemark>
                    <name>09:15:29 - 97 kts - 1781 ft</name>
                    <visibility>0</visibility>
                    <description>latitude: 48.827001
longitude: 1.926811
altitude: 543 m / 1781 ft
elevation: 117 m / 384 ft
course: 194°
speed: 97 kts
</description>
                    <LookAt>
                        <longitude>1.9268110301364</longitude>
                        <latitude>48.827000758656</latitude>
                        <altitude>0</altitude>
                        <heading>0</heading>
                        <tilt>70</tilt>
                        <range>3000</range>
                        <gx:altitudeMode>relativeToSeaFloor</gx:altitudeMode>
                    </LookAt>
                    <styleUrl>#msn_ylw-pushpin0</styleUrl>
                    <Point>
                        <extrude>1</extrude>
                        <altitudeMode>absolute</altitudeMode>
                        <gx:drawOrder>1</gx:drawOrder>
                        <coordinates>1.9268110301364,48.827000758656,542.90979003906</coordinates>
                    </Point>
                </Placemark>
                
                <Placemark>
                    <name>09:15:34 - 93 kts - 1766 ft</name>
                    <visibility>0</visibility>
                    <description>latitude: 48.824919
longitude: 1.925808
altitude: 538 m / 1766 ft
elevation: 124 m / 407 ft
course: 200°
speed: 93 kts
</description>
                    <LookAt>
                        <longitude>1.9258079677838</longitude>
                        <latitude>48.824918651999</latitude>
                        <altitude>0</altitude>
                        <heading>0</heading>
                        <tilt>70</tilt>
                        <range>3000</range>
                        <gx:altitudeMode>relativeToSeaFloor</gx:altitudeMode>
                    </LookAt>
                    <styleUrl>#msn_ylw-pushpin0</styleUrl>
                    <Point>
                        <extrude>1</extrude>
                        <altitudeMode>absolute</altitudeMode>
                        <gx:drawOrder>1</gx:drawOrder>
                        <coordinates>1.9258079677838,48.824918651999,538.13745117188</coordinates>
                    </Point>
                </Placemark>
                
                <Placemark>
                    <name>09:15:46 - 81 kts - 1772 ft</name>
                    <visibility>0</visibility>
                    <description>latitude: 48.820533
longitude: 1.923033
altitude: 540 m / 1772 ft
elevation: 166 m / 545 ft
course: 203°
speed: 81 kts
</description>
                    <LookAt>
                        <longitude>1.923033390196</longitude>
                        <latitude>48.820533030712</latitude>
                        <altitude>0</altitude>
                        <heading>0</heading>
                        <tilt>70</tilt>
                        <range>3000</range>
                        <gx:altitudeMode>relativeToSeaFloor</gx:altitudeMode>
                    </LookAt>
                    <styleUrl>#msn_ylw-pushpin0</styleUrl>
                    <Point>
                        <extrude>1</extrude>
                        <altitudeMode>absolute</altitudeMode>
                        <gx:drawOrder>1</gx:drawOrder>
                        <coordinates>1.923033390196,48.820533030712,540.09729003906</coordinates>
                    </Point>
                </Placemark>
                
                <Placemark>
                    <name>09:15:52 - 78 kts - 1766 ft</name>
                    <visibility>0</visibility>
                    <description>latitude: 48.818466
longitude: 1.921935
altitude: 538 m / 1766 ft
elevation: 160 m / 525 ft
course: 198°
speed: 78 kts
</description>
                    <LookAt>
                        <longitude>1.9219354446995</longitude>
                        <latitude>48.818466388666</latitude>
                        <altitude>0</altitude>
                        <heading>0</heading>
                        <tilt>70</tilt>
                        <range>3000</range>
                        <gx:altitudeMode>relativeToSeaFloor</gx:altitudeMode>
                    </LookAt>
                    <styleUrl>#msn_ylw-pushpin0</styleUrl>
                    <Point>
                        <extrude>1</extrude>
                        <altitudeMode>absolute</altitudeMode>
                        <gx:drawOrder>1</gx:drawOrder>
                        <coordinates>1.9219354446995,48.818466388666,538.19372558594</coordinates>
                    </Point>
                </Placemark>
                
                <Placemark>
                    <name>09:16:04 - 74 kts - 1751 ft</name>
                    <visibility>0</visibility>
                    <description>latitude: 48.814042
longitude: 1.920167
altitude: 534 m / 1751 ft
elevation: 166 m / 545 ft
course: 195°
speed: 74 kts
</description>
                    <LookAt>
                        <longitude>1.9201670307684</longitude>
                        <latitude>48.814042001077</latitude>
                        <altitude>0</altitude>
                        <heading>0</heading>
                        <tilt>70</tilt>
                        <range>3000</range>
                        <gx:altitudeMode>relativeToSeaFloor</gx:altitudeMode>
                    </LookAt>
                    <styleUrl>#msn_ylw-pushpin0</styleUrl>
                    <Point>
                        <extrude>1</extrude>
                        <altitudeMode>absolute</altitudeMode>
                        <gx:drawOrder>1</gx:drawOrder>
                        <coordinates>1.9201670307684,48.814042001077,533.77368164062</coordinates>
                    </Point>
                </Placemark>
                
                <Placemark>
                    <name>09:16:18 - 71 kts - 1770 ft</name>
                    <visibility>0</visibility>
                    <description>latitude: 48.809502
longitude: 1.918478
altitude: 539 m / 1770 ft
elevation: 166 m / 545 ft
course: 194°
speed: 71 kts
</description>
                    <LookAt>
                        <longitude>1.9184776581842</longitude>
                        <latitude>48.809501649857</latitude>
                        <altitude>0</altitude>
                        <heading>0</heading>
                        <tilt>70</tilt>
                        <range>3000</range>
                        <gx:altitudeMode>relativeToSeaFloor</gx:altitudeMode>
                    </LookAt>
                    <styleUrl>#msn_ylw-pushpin0</styleUrl>
                    <Point>
                        <extrude>1</extrude>
                        <altitudeMode>absolute</altitudeMode>
                        <gx:drawOrder>1</gx:drawOrder>
                        <coordinates>1.9184776581842,48.809501649857,539.38647460938</coordinates>
                    </Point>
                </Placemark>
                
                <Placemark>
                    <name>09:16:32 - 70 kts - 1772 ft</name>
                    <visibility>0</visibility>
                    <description>latitude: 48.805102
longitude: 1.916894
altitude: 540 m / 1772 ft
elevation: 170 m / 558 ft
course: 193°
speed: 70 kts
</description>
                    <LookAt>
                        <longitude>1.9168944004941</longitude>
                        <latitude>48.805102449887</latitude>
                        <altitude>0</altitude>
                        <heading>0</heading>
                        <tilt>70</tilt>
                        <range>3000</range>
                        <gx:altitudeMode>relativeToSeaFloor</gx:altitudeMode>
                    </LookAt>
                    <styleUrl>#msn_ylw-pushpin0</styleUrl>
                    <Point>
                        <extrude>1</extrude>
                        <altitudeMode>absolute</altitudeMode>
                        <gx:drawOrder>1</gx:drawOrder>
                        <coordinates>1.9168944004941,48.805102449887,540.16748046875</coordinates>
                    </Point>
                </Placemark>
                
                <Placemark>
                    <name>09:16:46 - 73 kts - 1778 ft</name>
                    <visibility>0</visibility>
                    <description>latitude: 48.800644
longitude: 1.915179
altitude: 542 m / 1778 ft
elevation: 124 m / 407 ft
course: 195°
speed: 73 kts
</description>
                    <LookAt>
                        <longitude>1.9151787925529</longitude>
                        <latitude>48.800643864133</latitude>
                        <altitude>0</altitude>
                        <heading>0</heading>
                        <tilt>70</tilt>
                        <range>3000</range>
                        <gx:altitudeMode>relativeToSeaFloor</gx:altitudeMode>
                    </LookAt>
                    <styleUrl>#msn_ylw-pushpin0</styleUrl>
                    <Point>
                        <extrude>1</extrude>
                        <altitudeMode>absolute</altitudeMode>
                        <gx:drawOrder>1</gx:drawOrder>
                        <coordinates>1.9151787925529,48.800643864133,542.05993652344</coordinates>
                    </Point>
                </Placemark>
                
                <Placemark>
                    <name>09:17:00 - 77 kts - 1766 ft</name>
                    <visibility>0</visibility>
                    <description>latitude: 48.796246
longitude: 1.913474
altitude: 538 m / 1766 ft
elevation: 89 m / 292 ft
course: 195°
speed: 77 kts
</description>
                    <LookAt>
                        <longitude>1.9134737458098</longitude>
                        <latitude>48.796245628082</latitude>
                        <altitude>0</altitude>
                        <heading>0</heading>
                        <tilt>70</tilt>
                        <range>3000</range>
                        <gx:altitudeMode>relativeToSeaFloor</gx:altitudeMode>
                    </LookAt>
                    <styleUrl>#msn_ylw-pushpin0</styleUrl>
                    <Point>
                        <extrude>1</extrude>
                        <altitudeMode>absolute</altitudeMode>
                        <gx:drawOrder>1</gx:drawOrder>
                        <coordinates>1.9134737458098,48.796245628082,538.27490234375</coordinates>
                    </Point>
                </Placemark>
                
                <Placemark>
                    <name>09:17:13 - 80 kts - 1762 ft</name>
                    <visibility>0</visibility>
                    <description>latitude: 48.791747
longitude: 1.911234
altitude: 537 m / 1762 ft
elevation: 84 m / 276 ft
course: 200°
speed: 80 kts
</description>
                    <LookAt>
                        <longitude>1.9112343527394</longitude>
                        <latitude>48.791747102559</latitude>
                        <altitude>0</altitude>
                        <heading>0</heading>
                        <tilt>70</tilt>
                        <range>3000</range>
                        <gx:altitudeMode>relativeToSeaFloor</gx:altitudeMode>
                    </LookAt>
                    <styleUrl>#msn_ylw-pushpin0</styleUrl>
                    <Point>
                        <extrude>1</extrude>
                        <altitudeMode>absolute</altitudeMode>
                        <gx:drawOrder>1</gx:drawOrder>
                        <coordinates>1.9112343527394,48.791747102559,536.91333007812</coordinates>
                    </Point>
                </Placemark>
                
                <Placemark>
                    <name>09:17:26 - 80 kts - 1762 ft</name>
                    <visibility>0</visibility>
                    <description>latitude: 48.787244
longitude: 1.908706
altitude: 537 m / 1762 ft
elevation: 91 m / 299 ft
course: 200°
speed: 80 kts
</description>
                    <LookAt>
                        <longitude>1.9087061192858</longitude>
                        <latitude>48.787244302266</latitude>
                        <altitude>0</altitude>
                        <heading>0</heading>
                        <tilt>70</tilt>
                        <range>3000</range>
                        <gx:altitudeMode>relativeToSeaFloor</gx:altitudeMode>
                    </LookAt>
                    <styleUrl>#msn_ylw-pushpin0</styleUrl>
                    <Point>
                        <extrude>1</extrude>
                        <altitudeMode>absolute</altitudeMode>
                        <gx:drawOrder>1</gx:drawOrder>
                        <coordinates>1.9087061192858,48.787244302266,537.14221191406</coordinates>
                    </Point>
                </Placemark>
                
                <Placemark>
                    <name>09:17:39 - 80 kts - 1764 ft</name>
                    <visibility>0</visibility>
                    <description>latitude: 48.782718
longitude: 1.906335
altitude: 538 m / 1764 ft
elevation: 100 m / 328 ft
course: 198°
speed: 80 kts
</description>
                    <LookAt>
                        <longitude>1.9063351303357</longitude>
                        <latitude>48.782717697368</latitude>
                        <altitude>0</altitude>
                        <heading>0</heading>
                        <tilt>70</tilt>
                        <range>3000</range>
                        <gx:altitudeMode>relativeToSeaFloor</gx:altitudeMode>
                    </LookAt>
                    <styleUrl>#msn_ylw-pushpin0</styleUrl>
                    <Point>
                        <extrude>1</extrude>
                        <altitudeMode>absolute</altitudeMode>
                        <gx:drawOrder>1</gx:drawOrder>
                        <coordinates>1.9063351303357,48.782717697368,537.75451660156</coordinates>
                    </Point>
                </Placemark>
                
                <Placemark>
                    <name>09:17:51 - 82 kts - 1756 ft</name>
                    <visibility>0</visibility>
                    <description>latitude: 48.778396
longitude: 1.904356
altitude: 535 m / 1756 ft
elevation: 117 m / 384 ft
course: 196°
speed: 82 kts
</description>
                    <LookAt>
                        <longitude>1.9043557439017</longitude>
                        <latitude>48.778395568997</latitude>
                        <altitude>0</altitude>
                        <heading>0</heading>
                        <tilt>70</tilt>
                        <range>3000</range>
                        <gx:altitudeMode>relativeToSeaFloor</gx:altitudeMode>
                    </LookAt>
                    <styleUrl>#msn_ylw-pushpin0</styleUrl>
                    <Point>
                        <extrude>1</extrude>
                        <altitudeMode>absolute</altitudeMode>
                        <gx:drawOrder>1</gx:drawOrder>
                        <coordinates>1.9043557439017,48.778395568997,535.31591796875</coordinates>
                    </Point>
                </Placemark>
                
                <Placemark>
                    <name>09:18:02 - 82 kts - 1750 ft</name>
                    <visibility>0</visibility>
                    <description>latitude: 48.774031
longitude: 1.902407
altitude: 533 m / 1750 ft
elevation: 173 m / 568 ft
course: 197°
speed: 82 kts
</description>
                    <LookAt>
                        <longitude>1.9024070352334</longitude>
                        <latitude>48.774030902468</latitude>
                        <altitude>0</altitude>
                        <heading>0</heading>
                        <tilt>70</tilt>
                        <range>3000</range>
                        <gx:altitudeMode>relativeToSeaFloor</gx:altitudeMode>
                    </LookAt>
                    <styleUrl>#msn_ylw-pushpin0</styleUrl>
                    <Point>
                        <extrude>1</extrude>
                        <altitudeMode>absolute</altitudeMode>
                        <gx:drawOrder>1</gx:drawOrder>
                        <coordinates>1.9024070352334,48.774030902468,533.47827148438</coordinates>
                    </Point>
                </Placemark>
                
                <Placemark>
                    <name>09:18:15 - 80 kts - 1752 ft</name>
                    <visibility>0</visibility>
                    <description>latitude: 48.769395
longitude: 1.900217
altitude: 534 m / 1752 ft
elevation: 174 m / 571 ft
course: 198°
speed: 80 kts
</description>
                    <LookAt>
                        <longitude>1.9002172630298</longitude>
                        <latitude>48.769394829915</latitude>
                        <altitude>0</altitude>
                        <heading>0</heading>
                        <tilt>70</tilt>
                        <range>3000</range>
                        <gx:altitudeMode>relativeToSeaFloor</gx:altitudeMode>
                    </LookAt>
                    <styleUrl>#msn_ylw-pushpin0</styleUrl>
                    <Point>
                        <extrude>1</extrude>
                        <altitudeMode>absolute</altitudeMode>
                        <gx:drawOrder>1</gx:drawOrder>
                        <coordinates>1.9002172630298,48.769394829915,534.13305664062</coordinates>
                    </Point>
                </Placemark>
                
                <Placemark>
                    <name>09:18:28 - 80 kts - 1759 ft</name>
                    <visibility>0</visibility>
                    <description>latitude: 48.764821
longitude: 1.898003
altitude: 536 m / 1759 ft
elevation: 128 m / 420 ft
course: 198°
speed: 80 kts
</description>
                    <LookAt>
                        <longitude>1.8980028480309</longitude>
                        <latitude>48.764821412087</latitude>
                        <altitude>0</altitude>
                        <heading>0</heading>
                        <tilt>70</tilt>
                        <range>3000</range>
                        <gx:altitudeMode>relativeToSeaFloor</gx:altitudeMode>
                    </LookAt>
                    <styleUrl>#msn_ylw-pushpin0</styleUrl>
                    <Point>
                        <extrude>1</extrude>
                        <altitudeMode>absolute</altitudeMode>
                        <gx:drawOrder>1</gx:drawOrder>
                        <coordinates>1.8980028480309,48.764821412087,536.20812988281</coordinates>
                    </Point>
                </Placemark>
                
                <Placemark>
                    <name>09:18:42 - 82 kts - 1754 ft</name>
                    <visibility>0</visibility>
                    <description>latitude: 48.760175
longitude: 1.895776
altitude: 535 m / 1754 ft
elevation: 157 m / 515 ft
course: 198°
speed: 82 kts
</description>
                    <LookAt>
                        <longitude>1.8957762792724</longitude>
                        <latitude>48.760175365069</latitude>
                        <altitude>0</altitude>
                        <heading>0</heading>
                        <tilt>70</tilt>
                        <range>3000</range>
                        <gx:altitudeMode>relativeToSeaFloor</gx:altitudeMode>
                    </LookAt>
                    <styleUrl>#msn_ylw-pushpin0</styleUrl>
                    <Point>
                        <extrude>1</extrude>
                        <altitudeMode>absolute</altitudeMode>
                        <gx:drawOrder>1</gx:drawOrder>
                        <coordinates>1.8957762792724,48.760175365069,534.61352539062</coordinates>
                    </Point>
                </Placemark>
                
                <Placemark>
                    <name>09:18:54 - 81 kts - 1753 ft</name>
                    <visibility>0</visibility>
                    <description>latitude: 48.755886
longitude: 1.893698
altitude: 534 m / 1753 ft
elevation: 124 m / 407 ft
course: 198°
speed: 81 kts
</description>
                    <LookAt>
                        <longitude>1.8936976511049</longitude>
                        <latitude>48.755885716573</latitude>
                        <altitude>0</altitude>
                        <heading>0</heading>
                        <tilt>70</tilt>
                        <range>3000</range>
                        <gx:altitudeMode>relativeToSeaFloor</gx:altitudeMode>
                    </LookAt>
                    <styleUrl>#msn_ylw-pushpin0</styleUrl>
                    <Point>
                        <extrude>1</extrude>
                        <altitudeMode>absolute</altitudeMode>
                        <gx:drawOrder>1</gx:drawOrder>
                        <coordinates>1.8936976511049,48.755885716573,534.3349609375</coordinates>
                    </Point>
                </Placemark>
                
                <Placemark>
                    <name>09:19:07 - 80 kts - 1757 ft</name>
                    <visibility>0</visibility>
                    <description>latitude: 48.751284
longitude: 1.891486
altitude: 535 m / 1757 ft
elevation: 156 m / 512 ft
course: 197°
speed: 80 kts
</description>
                    <LookAt>
                        <longitude>1.891485834496</longitude>
                        <latitude>48.751283716456</latitude>
                        <altitude>0</altitude>
                        <heading>0</heading>
                        <tilt>70</tilt>
                        <range>3000</range>
                        <gx:altitudeMode>relativeToSeaFloor</gx:altitudeMode>
                    </LookAt>
                    <styleUrl>#msn_ylw-pushpin0</styleUrl>
                    <Point>
                        <extrude>1</extrude>
                        <altitudeMode>absolute</altitudeMode>
                        <gx:drawOrder>1</gx:drawOrder>
                        <coordinates>1.891485834496,48.751283716456,535.46264648438</coordinates>
                    </Point>
                </Placemark>
                
                <Placemark>
                    <name>09:19:20 - 79 kts - 1756 ft</name>
                    <visibility>0</visibility>
                    <description>latitude: 48.746708
longitude: 1.889342
altitude: 535 m / 1756 ft
elevation: 177 m / 581 ft
course: 198°
speed: 79 kts
</description>
                    <LookAt>
                        <longitude>1.8893417436647</longitude>
                        <latitude>48.746708077424</latitude>
                        <altitude>0</altitude>
                        <heading>0</heading>
                        <tilt>70</tilt>
                        <range>3000</range>
                        <gx:altitudeMode>relativeToSeaFloor</gx:altitudeMode>
                    </LookAt>
                    <styleUrl>#msn_ylw-pushpin0</styleUrl>
                    <Point>
                        <extrude>1</extrude>
                        <altitudeMode>absolute</altitudeMode>
                        <gx:drawOrder>1</gx:drawOrder>
                        <coordinates>1.8893417436647,48.746708077424,535.22290039062</coordinates>
                    </Point>
                </Placemark>
                
                <Placemark>
                    <name>09:19:33 - 81 kts - 1763 ft</name>
                    <visibility>0</visibility>
                    <description>latitude: 48.742096
longitude: 1.887212
altitude: 537 m / 1763 ft
elevation: 163 m / 535 ft
course: 197°
speed: 81 kts
</description>
                    <LookAt>
                        <longitude>1.8872122373449</longitude>
                        <latitude>48.742096480028</latitude>
                        <altitude>0</altitude>
                        <heading>0</heading>
                        <tilt>70</tilt>
                        <range>3000</range>
                        <gx:altitudeMode>relativeToSeaFloor</gx:altitudeMode>
                    </LookAt>
                    <styleUrl>#msn_ylw-pushpin0</styleUrl>
                    <Point>
                        <extrude>1</extrude>
                        <altitudeMode>absolute</altitudeMode>
                        <gx:drawOrder>1</gx:drawOrder>
                        <coordinates>1.8872122373449,48.742096480028,537.28747558594</coordinates>
                    </Point>
                </Placemark>
                
                <Placemark>
                    <name>09:19:45 - 82 kts - 1760 ft</name>
                    <visibility>0</visibility>
                    <description>latitude: 48.737762
longitude: 1.885263
altitude: 537 m / 1760 ft
elevation: 163 m / 535 ft
course: 196°
speed: 82 kts
</description>
                    <LookAt>
                        <longitude>1.8852634448576</longitude>
                        <latitude>48.737762072169</latitude>
                        <altitude>0</altitude>
                        <heading>0</heading>
                        <tilt>70</tilt>
                        <range>3000</range>
                        <gx:altitudeMode>relativeToSeaFloor</gx:altitudeMode>
                    </LookAt>
                    <styleUrl>#msn_ylw-pushpin0</styleUrl>
                    <Point>
                        <extrude>1</extrude>
                        <altitudeMode>absolute</altitudeMode>
                        <gx:drawOrder>1</gx:drawOrder>
                        <coordinates>1.8852634448576,48.737762072169,536.55541992188</coordinates>
                    </Point>
                </Placemark>
                
                <Placemark>
                    <name>09:19:57 - 82 kts - 1757 ft</name>
                    <visibility>0</visibility>
                    <description>latitude: 48.733373
longitude: 1.883361
altitude: 535 m / 1757 ft
elevation: 174 m / 571 ft
course: 196°
speed: 82 kts
</description>
                    <LookAt>
                        <longitude>1.8833610042947</longitude>
                        <latitude>48.733372553297</latitude>
                        <altitude>0</altitude>
                        <heading>0</heading>
                        <tilt>70</tilt>
                        <range>3000</range>
                        <gx:altitudeMode>relativeToSeaFloor</gx:altitudeMode>
                    </LookAt>
                    <styleUrl>#msn_ylw-pushpin0</styleUrl>
                    <Point>
                        <extrude>1</extrude>
                        <altitudeMode>absolute</altitudeMode>
                        <gx:drawOrder>1</gx:drawOrder>
                        <coordinates>1.8833610042947,48.733372553297,535.4033203125</coordinates>
                    </Point>
                </Placemark>
                
                <Placemark>
                    <name>09:20:08 - 81 kts - 1764 ft</name>
                    <visibility>0</visibility>
                    <description>latitude: 48.729028
longitude: 1.881441
altitude: 538 m / 1764 ft
elevation: 170 m / 558 ft
course: 197°
speed: 81 kts
</description>
                    <LookAt>
                        <longitude>1.8814411293733</longitude>
                        <latitude>48.729027919517</latitude>
                        <altitude>0</altitude>
                        <heading>0</heading>
                        <tilt>70</tilt>
                        <range>3000</range>
                        <gx:altitudeMode>relativeToSeaFloor</gx:altitudeMode>
                    </LookAt>
                    <styleUrl>#msn_ylw-pushpin0</styleUrl>
                    <Point>
                        <extrude>1</extrude>
                        <altitudeMode>absolute</altitudeMode>
                        <gx:drawOrder>1</gx:drawOrder>
                        <coordinates>1.8814411293733,48.729027919517,537.53857421875</coordinates>
                    </Point>
                </Placemark>
                
                <Placemark>
                    <name>09:20:20 - 81 kts - 1763 ft</name>
                    <visibility>0</visibility>
                    <description>latitude: 48.724720
longitude: 1.879417
altitude: 537 m / 1763 ft
elevation: 174 m / 571 ft
course: 198°
speed: 81 kts
</description>
                    <LookAt>
                        <longitude>1.8794166483003</longitude>
                        <latitude>48.724720040382</latitude>
                        <altitude>0</altitude>
                        <heading>0</heading>
                        <tilt>70</tilt>
                        <range>3000</range>
                        <gx:altitudeMode>relativeToSeaFloor</gx:altitudeMode>
                    </LookAt>
                    <styleUrl>#msn_ylw-pushpin0</styleUrl>
                    <Point>
                        <extrude>1</extrude>
                        <altitudeMode>absolute</altitudeMode>
                        <gx:drawOrder>1</gx:drawOrder>
                        <coordinates>1.8794166483003,48.724720040382,537.47509765625</coordinates>
                    </Point>
                </Placemark>
                
                <Placemark>
                    <name>09:20:32 - 81 kts - 1767 ft</name>
                    <visibility>0</visibility>
                    <description>latitude: 48.720429
longitude: 1.877290
altitude: 539 m / 1767 ft
elevation: 175 m / 574 ft
course: 198°
speed: 81 kts
</description>
                    <LookAt>
                        <longitude>1.8772902432847</longitude>
                        <latitude>48.720428925053</latitude>
                        <altitude>0</altitude>
                        <heading>0</heading>
                        <tilt>70</tilt>
                        <range>3000</range>
                        <gx:altitudeMode>relativeToSeaFloor</gx:altitudeMode>
                    </LookAt>
                    <styleUrl>#msn_ylw-pushpin0</styleUrl>
                    <Point>
                        <extrude>1</extrude>
                        <altitudeMode>absolute</altitudeMode>
                        <gx:drawOrder>1</gx:drawOrder>
                        <coordinates>1.8772902432847,48.720428925053,538.55639648438</coordinates>
                    </Point>
                </Placemark>
                
                <Placemark>
                    <name>09:20:45 - 82 kts - 1767 ft</name>
                    <visibility>0</visibility>
                    <description>latitude: 48.716107
longitude: 1.875156
altitude: 539 m / 1767 ft
elevation: 173 m / 568 ft
course: 198°
speed: 82 kts
</description>
                    <LookAt>
                        <longitude>1.8751563783753</longitude>
                        <latitude>48.716107173868</latitude>
                        <altitude>0</altitude>
                        <heading>0</heading>
                        <tilt>70</tilt>
                        <range>3000</range>
                        <gx:altitudeMode>relativeToSeaFloor</gx:altitudeMode>
                    </LookAt>
                    <styleUrl>#msn_ylw-pushpin0</styleUrl>
                    <Point>
                        <extrude>1</extrude>
                        <altitudeMode>absolute</altitudeMode>
                        <gx:drawOrder>1</gx:drawOrder>
                        <coordinates>1.8751563783753,48.716107173868,538.51110839844</coordinates>
                    </Point>
                </Placemark>
                
                <Placemark>
                    <name>09:20:57 - 82 kts - 1762 ft</name>
                    <visibility>0</visibility>
                    <description>latitude: 48.711743
longitude: 1.873137
altitude: 537 m / 1762 ft
elevation: 173 m / 568 ft
course: 196°
speed: 82 kts
</description>
                    <LookAt>
                        <longitude>1.8731373455393</longitude>
                        <latitude>48.71174330362</latitude>
                        <altitude>0</altitude>
                        <heading>0</heading>
                        <tilt>70</tilt>
                        <range>3000</range>
                        <gx:altitudeMode>relativeToSeaFloor</gx:altitudeMode>
                    </LookAt>
                    <styleUrl>#msn_ylw-pushpin0</styleUrl>
                    <Point>
                        <extrude>1</extrude>
                        <altitudeMode>absolute</altitudeMode>
                        <gx:drawOrder>1</gx:drawOrder>
                        <coordinates>1.8731373455393,48.71174330362,537.18920898438</coordinates>
                    </Point>
                </Placemark>
                
                <Placemark>
                    <name>09:21:09 - 81 kts - 1767 ft</name>
                    <visibility>0</visibility>
                    <description>latitude: 48.707403
longitude: 1.871212
altitude: 539 m / 1767 ft
elevation: 171 m / 561 ft
course: 195°
speed: 81 kts
</description>
                    <LookAt>
                        <longitude>1.8712120223808</longitude>
                        <latitude>48.707402693153</latitude>
                        <altitude>0</altitude>
                        <heading>0</heading>
                        <tilt>70</tilt>
                        <range>3000</range>
                        <gx:altitudeMode>relativeToSeaFloor</gx:altitudeMode>
                    </LookAt>
                    <styleUrl>#msn_ylw-pushpin0</styleUrl>
                    <Point>
                        <extrude>1</extrude>
                        <altitudeMode>absolute</altitudeMode>
                        <gx:drawOrder>1</gx:drawOrder>
                        <coordinates>1.8712120223808,48.707402693153,538.50366210938</coordinates>
                    </Point>
                </Placemark>
                
                <Placemark>
                    <name>09:21:13 - 81 kts - 1764 ft</name>
                    <visibility>0</visibility>
                    <description>latitude: 48.705938
longitude: 1.870748
altitude: 538 m / 1764 ft
elevation: 171 m / 561 ft
course: 188°
speed: 81 kts
</description>
                    <LookAt>
                        <longitude>1.870747581126</longitude>
                        <latitude>48.705937578388</latitude>
                        <altitude>0</altitude>
                        <heading>0</heading>
                        <tilt>70</tilt>
                        <range>3000</range>
                        <gx:altitudeMode>relativeToSeaFloor</gx:altitudeMode>
                    </LookAt>
                    <styleUrl>#msn_ylw-pushpin0</styleUrl>
                    <Point>
                        <extrude>1</extrude>
                        <altitudeMode>absolute</altitudeMode>
                        <gx:drawOrder>1</gx:drawOrder>
                        <coordinates>1.870747581126,48.705937578388,537.66870117188</coordinates>
                    </Point>
                </Placemark>
                
                <Placemark>
                    <name>09:21:16 - 80 kts - 1762 ft</name>
                    <visibility>0</visibility>
                    <description>latitude: 48.704829
longitude: 1.870597
altitude: 537 m / 1762 ft
elevation: 174 m / 571 ft
course: 182°
speed: 80 kts
</description>
                    <LookAt>
                        <longitude>1.8705969583261</longitude>
                        <latitude>48.704829071694</latitude>
                        <altitude>0</altitude>
                        <heading>0</heading>
                        <tilt>70</tilt>
                        <range>3000</range>
                        <gx:altitudeMode>relativeToSeaFloor</gx:altitudeMode>
                    </LookAt>
                    <styleUrl>#msn_ylw-pushpin0</styleUrl>
                    <Point>
                        <extrude>1</extrude>
                        <altitudeMode>absolute</altitudeMode>
                        <gx:drawOrder>1</gx:drawOrder>
                        <coordinates>1.8705969583261,48.704829071694,536.92504882812</coordinates>
                    </Point>
                </Placemark>
                
                <Placemark>
                    <name>09:21:19 - 80 kts - 1761 ft</name>
                    <visibility>0</visibility>
                    <description>latitude: 48.703719
longitude: 1.870654
altitude: 537 m / 1761 ft
elevation: 170 m / 558 ft
course: 174°
speed: 80 kts
</description>
                    <LookAt>
                        <longitude>1.8706538714486</longitude>
                        <latitude>48.70371876289</latitude>
                        <altitude>0</altitude>
                        <heading>0</heading>
                        <tilt>70</tilt>
                        <range>3000</range>
                        <gx:altitudeMode>relativeToSeaFloor</gx:altitudeMode>
                    </LookAt>
                    <styleUrl>#msn_ylw-pushpin0</styleUrl>
                    <Point>
                        <extrude>1</extrude>
                        <altitudeMode>absolute</altitudeMode>
                        <gx:drawOrder>1</gx:drawOrder>
                        <coordinates>1.8706538714486,48.70371876289,536.88623046875</coordinates>
                    </Point>
                </Placemark>
                
                <Placemark>
                    <name>09:21:21 - 80 kts - 1764 ft</name>
                    <visibility>0</visibility>
                    <description>latitude: 48.702987
longitude: 1.870820
altitude: 538 m / 1764 ft
elevation: 170 m / 558 ft
course: 169°
speed: 80 kts
</description>
                    <LookAt>
                        <longitude>1.8708197493124</longitude>
                        <latitude>48.702986687467</latitude>
                        <altitude>0</altitude>
                        <heading>0</heading>
                        <tilt>70</tilt>
                        <range>3000</range>
                        <gx:altitudeMode>relativeToSeaFloor</gx:altitudeMode>
                    </LookAt>
                    <styleUrl>#msn_ylw-pushpin0</styleUrl>
                    <Point>
                        <extrude>1</extrude>
                        <altitudeMode>absolute</altitudeMode>
                        <gx:drawOrder>1</gx:drawOrder>
                        <coordinates>1.8708197493124,48.702986687467,537.6904296875</coordinates>
                    </Point>
                </Placemark>
                
                <Placemark>
                    <name>09:21:24 - 80 kts - 1768 ft</name>
                    <visibility>0</visibility>
                    <description>latitude: 48.701914
longitude: 1.871249
altitude: 539 m / 1768 ft
elevation: 170 m / 558 ft
course: 162°
speed: 80 kts
</description>
                    <LookAt>
                        <longitude>1.8712491542118</longitude>
                        <latitude>48.701914055318</latitude>
                        <altitude>0</altitude>
                        <heading>0</heading>
                        <tilt>70</tilt>
                        <range>3000</range>
                        <gx:altitudeMode>relativeToSeaFloor</gx:altitudeMode>
                    </LookAt>
                    <styleUrl>#msn_ylw-pushpin0</styleUrl>
                    <Point>
                        <extrude>1</extrude>
                        <altitudeMode>absolute</altitudeMode>
                        <gx:drawOrder>1</gx:drawOrder>
                        <coordinates>1.8712491542118,48.701914055318,538.90869140625</coordinates>
                    </Point>
                </Placemark>
                
                <Placemark>
                    <name>09:21:27 - 80 kts - 1773 ft</name>
                    <visibility>0</visibility>
                    <description>latitude: 48.700878
longitude: 1.871848
altitude: 540 m / 1773 ft
elevation: 170 m / 558 ft
course: 156°
speed: 80 kts
</description>
                    <LookAt>
                        <longitude>1.8718475382793</longitude>
                        <latitude>48.700877800629</latitude>
                        <altitude>0</altitude>
                        <heading>0</heading>
                        <tilt>70</tilt>
                        <range>3000</range>
                        <gx:altitudeMode>relativeToSeaFloor</gx:altitudeMode>
                    </LookAt>
                    <styleUrl>#msn_ylw-pushpin0</styleUrl>
                    <Point>
                        <extrude>1</extrude>
                        <altitudeMode>absolute</altitudeMode>
                        <gx:drawOrder>1</gx:drawOrder>
                        <coordinates>1.8718475382793,48.700877800629,540.42919921875</coordinates>
                    </Point>
                </Placemark>
                
                <Placemark>
                    <name>09:21:34 - 80 kts - 1777 ft</name>
                    <visibility>0</visibility>
                    <description>latitude: 48.698572
longitude: 1.873621
altitude: 541 m / 1777 ft
elevation: 173 m / 568 ft
course: 151°
speed: 80 kts
</description>
                    <LookAt>
                        <longitude>1.8736208137142</longitude>
                        <latitude>48.698571939067</latitude>
                        <altitude>0</altitude>
                        <heading>0</heading>
                        <tilt>70</tilt>
                        <range>3000</range>
                        <gx:altitudeMode>relativeToSeaFloor</gx:altitudeMode>
                    </LookAt>
                    <styleUrl>#msn_ylw-pushpin0</styleUrl>
                    <Point>
                        <extrude>1</extrude>
                        <altitudeMode>absolute</altitudeMode>
                        <gx:drawOrder>1</gx:drawOrder>
                        <coordinates>1.8736208137142,48.698571939067,541.49096679688</coordinates>
                    </Point>
                </Placemark>
                
                <Placemark>
                    <name>09:21:45 - 82 kts - 1767 ft</name>
                    <visibility>0</visibility>
                    <description>latitude: 48.694904
longitude: 1.876488
altitude: 538 m / 1767 ft
elevation: 168 m / 551 ft
course: 156°
speed: 82 kts
</description>
                    <LookAt>
                        <longitude>1.8764878436941</longitude>
                        <latitude>48.694903599144</latitude>
                        <altitude>0</altitude>
                        <heading>0</heading>
                        <tilt>70</tilt>
                        <range>3000</range>
                        <gx:altitudeMode>relativeToSeaFloor</gx:altitudeMode>
                    </LookAt>
                    <styleUrl>#msn_ylw-pushpin0</styleUrl>
                    <Point>
                        <extrude>1</extrude>
                        <altitudeMode>absolute</altitudeMode>
                        <gx:drawOrder>1</gx:drawOrder>
                        <coordinates>1.8764878436941,48.694903599144,538.44421386719</coordinates>
                    </Point>
                </Placemark>
                
                <Placemark>
                    <name>09:21:54 - 82 kts - 1767 ft</name>
                    <visibility>0</visibility>
                    <description>latitude: 48.691730
longitude: 1.878333
altitude: 539 m / 1767 ft
elevation: 170 m / 558 ft
course: 161°
speed: 82 kts
</description>
                    <LookAt>
                        <longitude>1.8783333711344</longitude>
                        <latitude>48.691730126784</latitude>
                        <altitude>0</altitude>
                        <heading>0</heading>
                        <tilt>70</tilt>
                        <range>3000</range>
                        <gx:altitudeMode>relativeToSeaFloor</gx:altitudeMode>
                    </LookAt>
                    <styleUrl>#msn_ylw-pushpin0</styleUrl>
                    <Point>
                        <extrude>1</extrude>
                        <altitudeMode>absolute</altitudeMode>
                        <gx:drawOrder>1</gx:drawOrder>
                        <coordinates>1.8783333711344,48.691730126784,538.548828125</coordinates>
                    </Point>
                </Placemark>
                
                <Placemark>
                    <name>09:22:06 - 82 kts - 1763 ft</name>
                    <visibility>0</visibility>
                    <description>latitude: 48.687359
longitude: 1.880279
altitude: 538 m / 1763 ft
elevation: 173 m / 568 ft
course: 165°
speed: 82 kts
</description>
                    <LookAt>
                        <longitude>1.8802787270414</longitude>
                        <latitude>48.687358754732</latitude>
                        <altitude>0</altitude>
                        <heading>0</heading>
                        <tilt>70</tilt>
                        <range>3000</range>
                        <gx:altitudeMode>relativeToSeaFloor</gx:altitudeMode>
                    </LookAt>
                    <styleUrl>#msn_ylw-pushpin0</styleUrl>
                    <Point>
                        <extrude>1</extrude>
                        <altitudeMode>absolute</altitudeMode>
                        <gx:drawOrder>1</gx:drawOrder>
                        <coordinates>1.8802787270414,48.687358754732,537.50256347656</coordinates>
                    </Point>
                </Placemark>
                
                <Placemark>
                    <name>09:22:17 - 82 kts - 1766 ft</name>
                    <visibility>0</visibility>
                    <description>latitude: 48.682952
longitude: 1.882053
altitude: 538 m / 1766 ft
elevation: 174 m / 571 ft
course: 165°
speed: 82 kts
</description>
                    <LookAt>
                        <longitude>1.8820529244858</longitude>
                        <latitude>48.68295192723</latitude>
                        <altitude>0</altitude>
                        <heading>0</heading>
                        <tilt>70</tilt>
                        <range>3000</range>
                        <gx:altitudeMode>relativeToSeaFloor</gx:altitudeMode>
                    </LookAt>
                    <styleUrl>#msn_ylw-pushpin0</styleUrl>
                    <Point>
                        <extrude>1</extrude>
                        <altitudeMode>absolute</altitudeMode>
                        <gx:drawOrder>1</gx:drawOrder>
                        <coordinates>1.8820529244858,48.68295192723,538.29443359375</coordinates>
                    </Point>
                </Placemark>
                
                <Placemark>
                    <name>09:22:29 - 83 kts - 1762 ft</name>
                    <visibility>0</visibility>
                    <description>latitude: 48.678542
longitude: 1.883967
altitude: 537 m / 1762 ft
elevation: 168 m / 551 ft
course: 163°
speed: 83 kts
</description>
                    <LookAt>
                        <longitude>1.8839667644369</longitude>
                        <latitude>48.678541956515</latitude>
                        <altitude>0</altitude>
                        <heading>0</heading>
                        <tilt>70</tilt>
                        <range>3000</range>
                        <gx:altitudeMode>relativeToSeaFloor</gx:altitudeMode>
                    </LookAt>
                    <styleUrl>#msn_ylw-pushpin0</styleUrl>
                    <Point>
                        <extrude>1</extrude>
                        <altitudeMode>absolute</altitudeMode>
                        <gx:drawOrder>1</gx:drawOrder>
                        <coordinates>1.8839667644369,48.678541956515,537.07153320312</coordinates>
                    </Point>
                </Placemark>
                
                <Placemark>
                    <name>09:22:42 - 83 kts - 1762 ft</name>
                    <visibility>0</visibility>
                    <description>latitude: 48.674142
longitude: 1.885996
altitude: 537 m / 1762 ft
elevation: 168 m / 551 ft
course: 163°
speed: 83 kts
</description>
                    <LookAt>
                        <longitude>1.8859964422899</longitude>
                        <latitude>48.674142127902</latitude>
                        <altitude>0</altitude>
                        <heading>0</heading>
                        <tilt>70</tilt>
                        <range>3000</range>
                        <gx:altitudeMode>relativeToSeaFloor</gx:altitudeMode>
                    </LookAt>
                    <styleUrl>#msn_ylw-pushpin0</styleUrl>
                    <Point>
                        <extrude>1</extrude>
                        <altitudeMode>absolute</altitudeMode>
                        <gx:drawOrder>1</gx:drawOrder>
                        <coordinates>1.8859964422899,48.674142127902,536.95422363281</coordinates>
                    </Point>
                </Placemark>
                
                <Placemark>
                    <name>09:22:54 - 83 kts - 1758 ft</name>
                    <visibility>0</visibility>
                    <description>latitude: 48.669721
longitude: 1.888017
altitude: 536 m / 1758 ft
elevation: 168 m / 551 ft
course: 164°
speed: 83 kts
</description>
                    <LookAt>
                        <longitude>1.8880165647733</longitude>
                        <latitude>48.669720673979</latitude>
                        <altitude>0</altitude>
                        <heading>0</heading>
                        <tilt>70</tilt>
                        <range>3000</range>
                        <gx:altitudeMode>relativeToSeaFloor</gx:altitudeMode>
                    </LookAt>
                    <styleUrl>#msn_ylw-pushpin0</styleUrl>
                    <Point>
                        <extrude>1</extrude>
                        <altitudeMode>absolute</altitudeMode>
                        <gx:drawOrder>1</gx:drawOrder>
                        <coordinates>1.8880165647733,48.669720673979,535.98022460938</coordinates>
                    </Point>
                </Placemark>
                
                <Placemark>
                    <name>09:23:06 - 83 kts - 1763 ft</name>
                    <visibility>0</visibility>
                    <description>latitude: 48.665261
longitude: 1.889875
altitude: 537 m / 1763 ft
elevation: 178 m / 584 ft
course: 165°
speed: 83 kts
</description>
                    <LookAt>
                        <longitude>1.8898749165255</longitude>
                        <latitude>48.665261375763</latitude>
                        <altitude>0</altitude>
                        <heading>0</heading>
                        <tilt>70</tilt>
                        <range>3000</range>
                        <gx:altitudeMode>relativeToSeaFloor</gx:altitudeMode>
                    </LookAt>
                    <styleUrl>#msn_ylw-pushpin0</styleUrl>
                    <Point>
                        <extrude>1</extrude>
                        <altitudeMode>absolute</altitudeMode>
                        <gx:drawOrder>1</gx:drawOrder>
                        <coordinates>1.8898749165255,48.665261375763,537.35107421875</coordinates>
                    </Point>
                </Placemark>
                
                <Placemark>
                    <name>09:23:18 - 83 kts - 1761 ft</name>
                    <visibility>0</visibility>
                    <description>latitude: 48.660786
longitude: 1.891620
altitude: 537 m / 1761 ft
elevation: 181 m / 594 ft
course: 166°
speed: 83 kts
</description>
                    <LookAt>
                        <longitude>1.8916199449467</longitude>
                        <latitude>48.660786151931</latitude>
                        <altitude>0</altitude>
                        <heading>0</heading>
                        <tilt>70</tilt>
                        <range>3000</range>
                        <gx:altitudeMode>relativeToSeaFloor</gx:altitudeMode>
                    </LookAt>
                    <styleUrl>#msn_ylw-pushpin0</styleUrl>
                    <Point>
                        <extrude>1</extrude>
                        <altitudeMode>absolute</altitudeMode>
                        <gx:drawOrder>1</gx:drawOrder>
                        <coordinates>1.8916199449467,48.660786151931,536.73120117188</coordinates>
                    </Point>
                </Placemark>
                
                <Placemark>
                    <name>09:23:30 - 84 kts - 1762 ft</name>
                    <visibility>0</visibility>
                    <description>latitude: 48.656282
longitude: 1.893289
altitude: 537 m / 1762 ft
elevation: 174 m / 571 ft
course: 166°
speed: 84 kts
</description>
                    <LookAt>
                        <longitude>1.8932888656872</longitude>
                        <latitude>48.656281800986</latitude>
                        <altitude>0</altitude>
                        <heading>0</heading>
                        <tilt>70</tilt>
                        <range>3000</range>
                        <gx:altitudeMode>relativeToSeaFloor</gx:altitudeMode>
                    </LookAt>
                    <styleUrl>#msn_ylw-pushpin0</styleUrl>
                    <Point>
                        <extrude>1</extrude>
                        <altitudeMode>absolute</altitudeMode>
                        <gx:drawOrder>1</gx:drawOrder>
                        <coordinates>1.8932888656872,48.656281800986,537.04052734375</coordinates>
                    </Point>
                </Placemark>
                
                <Placemark>
                    <name>09:23:42 - 83 kts - 1762 ft</name>
                    <visibility>0</visibility>
                    <description>latitude: 48.651788
longitude: 1.894990
altitude: 537 m / 1762 ft
elevation: 175 m / 574 ft
course: 166°
speed: 83 kts
</description>
                    <LookAt>
                        <longitude>1.894990308212</longitude>
                        <latitude>48.651787969329</latitude>
                        <altitude>0</altitude>
                        <heading>0</heading>
                        <tilt>70</tilt>
                        <range>3000</range>
                        <gx:altitudeMode>relativeToSeaFloor</gx:altitudeMode>
                    </LookAt>
                    <styleUrl>#msn_ylw-pushpin0</styleUrl>
                    <Point>
                        <extrude>1</extrude>
                        <altitudeMode>absolute</altitudeMode>
                        <gx:drawOrder>1</gx:drawOrder>
                        <coordinates>1.894990308212,48.651787969329,537.16967773438</coordinates>
                    </Point>
                </Placemark>
                
                <Placemark>
                    <name>09:23:54 - 83 kts - 1763 ft</name>
                    <visibility>0</visibility>
                    <description>latitude: 48.647309
longitude: 1.896622
altitude: 537 m / 1763 ft
elevation: 178 m / 584 ft
course: 167°
speed: 83 kts
</description>
                    <LookAt>
                        <longitude>1.8966221809405</longitude>
                        <latitude>48.647308680274</latitude>
                        <altitude>0</altitude>
                        <heading>0</heading>
                        <tilt>70</tilt>
                        <range>3000</range>
                        <gx:altitudeMode>relativeToSeaFloor</gx:altitudeMode>
                    </LookAt>
                    <styleUrl>#msn_ylw-pushpin0</styleUrl>
                    <Point>
                        <extrude>1</extrude>
                        <altitudeMode>absolute</altitudeMode>
                        <gx:drawOrder>1</gx:drawOrder>
                        <coordinates>1.8966221809405,48.647308680274,537.29089355469</coordinates>
                    </Point>
                </Placemark>
                
                <Placemark>
                    <name>09:24:06 - 83 kts - 1765 ft</name>
                    <visibility>0</visibility>
                    <description>latitude: 48.642831
longitude: 1.898188
altitude: 538 m / 1765 ft
elevation: 174 m / 571 ft
course: 167°
speed: 83 kts
</description>
                    <LookAt>
                        <longitude>1.898188088091</longitude>
                        <latitude>48.642831444786</latitude>
                        <altitude>0</altitude>
                        <heading>0</heading>
                        <tilt>70</tilt>
                        <range>3000</range>
                        <gx:altitudeMode>relativeToSeaFloor</gx:altitudeMode>
                    </LookAt>
                    <styleUrl>#msn_ylw-pushpin0</styleUrl>
                    <Point>
                        <extrude>1</extrude>
                        <altitudeMode>absolute</altitudeMode>
                        <gx:drawOrder>1</gx:drawOrder>
                        <coordinates>1.898188088091,48.642831444786,538.10546875</coordinates>
                    </Point>
                </Placemark>
                
                <Placemark>
                    <name>09:24:18 - 83 kts - 1766 ft</name>
                    <visibility>0</visibility>
                    <description>latitude: 48.638362
longitude: 1.899789
altitude: 538 m / 1766 ft
elevation: 174 m / 571 ft
course: 166°
speed: 83 kts
</description>
                    <LookAt>
                        <longitude>1.8997894506919</longitude>
                        <latitude>48.638362297834</latitude>
                        <altitude>0</altitude>
                        <heading>0</heading>
                        <tilt>70</tilt>
                        <range>3000</range>
                        <gx:altitudeMode>relativeToSeaFloor</gx:altitudeMode>
                    </LookAt>
                    <styleUrl>#msn_ylw-pushpin0</styleUrl>
                    <Point>
                        <extrude>1</extrude>
                        <altitudeMode>absolute</altitudeMode>
                        <gx:drawOrder>1</gx:drawOrder>
                        <coordinates>1.8997894506919,48.638362297834,538.42138671875</coordinates>
                    </Point>
                </Placemark>
                
                <Placemark>
                    <name>09:24:29 - 83 kts - 1765 ft</name>
                    <visibility>0</visibility>
                    <description>latitude: 48.633902
longitude: 1.901470
altitude: 538 m / 1765 ft
elevation: 178 m / 584 ft
course: 166°
speed: 83 kts
</description>
                    <LookAt>
                        <longitude>1.9014703575539</longitude>
                        <latitude>48.633902161427</latitude>
                        <altitude>0</altitude>
                        <heading>0</heading>
                        <tilt>70</tilt>
                        <range>3000</range>
                        <gx:altitudeMode>relativeToSeaFloor</gx:altitudeMode>
                    </LookAt>
                    <styleUrl>#msn_ylw-pushpin0</styleUrl>
                    <Point>
                        <extrude>1</extrude>
                        <altitudeMode>absolute</altitudeMode>
                        <gx:drawOrder>1</gx:drawOrder>
                        <coordinates>1.9014703575539,48.633902161427,538.00708007812</coordinates>
                    </Point>
                </Placemark>
                
                <Placemark>
                    <name>09:24:41 - 83 kts - 1761 ft</name>
                    <visibility>0</visibility>
                    <description>latitude: 48.629459
longitude: 1.903235
altitude: 537 m / 1761 ft
elevation: 174 m / 571 ft
course: 165°
speed: 83 kts
</description>
                    <LookAt>
                        <longitude>1.9032350834477</longitude>
                        <latitude>48.629458788828</latitude>
                        <altitude>0</altitude>
                        <heading>0</heading>
                        <tilt>70</tilt>
                        <range>3000</range>
                        <gx:altitudeMode>relativeToSeaFloor</gx:altitudeMode>
                    </LookAt>
                    <styleUrl>#msn_ylw-pushpin0</styleUrl>
                    <Point>
                        <extrude>1</extrude>
                        <altitudeMode>absolute</altitudeMode>
                        <gx:drawOrder>1</gx:drawOrder>
                        <coordinates>1.9032350834477,48.629458788828,536.68225097656</coordinates>
                    </Point>
                </Placemark>
                
                <Placemark>
                    <name>09:24:54 - 82 kts - 1766 ft</name>
                    <visibility>0</visibility>
                    <description>latitude: 48.625040
longitude: 1.905059
altitude: 538 m / 1766 ft
elevation: 156 m / 512 ft
course: 165°
speed: 82 kts
</description>
                    <LookAt>
                        <longitude>1.9050587341207</longitude>
                        <latitude>48.625040184752</latitude>
                        <altitude>0</altitude>
                        <heading>0</heading>
                        <tilt>70</tilt>
                        <range>3000</range>
                        <gx:altitudeMode>relativeToSeaFloor</gx:altitudeMode>
                    </LookAt>
                    <styleUrl>#msn_ylw-pushpin0</styleUrl>
                    <Point>
                        <extrude>1</extrude>
                        <altitudeMode>absolute</altitudeMode>
                        <gx:drawOrder>1</gx:drawOrder>
                        <coordinates>1.9050587341207,48.625040184752,538.2109375</coordinates>
                    </Point>
                </Placemark>
                
                <Placemark>
                    <name>09:25:06 - 82 kts - 1767 ft</name>
                    <visibility>0</visibility>
                    <description>latitude: 48.620617
longitude: 1.906793
altitude: 538 m / 1767 ft
elevation: 142 m / 466 ft
course: 166°
speed: 82 kts
</description>
                    <LookAt>
                        <longitude>1.9067927822488</longitude>
                        <latitude>48.620616844901</latitude>
                        <altitude>0</altitude>
                        <heading>0</heading>
                        <tilt>70</tilt>
                        <range>3000</range>
                        <gx:altitudeMode>relativeToSeaFloor</gx:altitudeMode>
                    </LookAt>
                    <styleUrl>#msn_ylw-pushpin0</styleUrl>
                    <Point>
                        <extrude>1</extrude>
                        <altitudeMode>absolute</altitudeMode>
                        <gx:drawOrder>1</gx:drawOrder>
                        <coordinates>1.9067927822488,48.620616844901,538.44287109375</coordinates>
                    </Point>
                </Placemark>
                
                <Placemark>
                    <name>09:25:18 - 82 kts - 1767 ft</name>
                    <visibility>0</visibility>
                    <description>latitude: 48.616203
longitude: 1.908395
altitude: 539 m / 1767 ft
elevation: 136 m / 446 ft
course: 167°
speed: 82 kts
</description>
                    <LookAt>
                        <longitude>1.9083954021352</longitude>
                        <latitude>48.61620293469</latitude>
                        <altitude>0</altitude>
                        <heading>0</heading>
                        <tilt>70</tilt>
                        <range>3000</range>
                        <gx:altitudeMode>relativeToSeaFloor</gx:altitudeMode>
                    </LookAt>
                    <styleUrl>#msn_ylw-pushpin0</styleUrl>
                    <Point>
                        <extrude>1</extrude>
                        <altitudeMode>absolute</altitudeMode>
                        <gx:drawOrder>1</gx:drawOrder>
                        <coordinates>1.9083954021352,48.61620293469,538.69970703125</coordinates>
                    </Point>
                </Placemark>
                
                <Placemark>
                    <name>09:25:30 - 82 kts - 1768 ft</name>
                    <visibility>0</visibility>
                    <description>latitude: 48.611791
longitude: 1.909971
altitude: 539 m / 1768 ft
elevation: 127 m / 417 ft
course: 167°
speed: 82 kts
</description>
                    <LookAt>
                        <longitude>1.9099709484744</longitude>
                        <latitude>48.611791245685</latitude>
                        <altitude>0</altitude>
                        <heading>0</heading>
                        <tilt>70</tilt>
                        <range>3000</range>
                        <gx:altitudeMode>relativeToSeaFloor</gx:altitudeMode>
                    </LookAt>
                    <styleUrl>#msn_ylw-pushpin0</styleUrl>
                    <Point>
                        <extrude>1</extrude>
                        <altitudeMode>absolute</altitudeMode>
                        <gx:drawOrder>1</gx:drawOrder>
                        <coordinates>1.9099709484744,48.611791245685,538.78662109375</coordinates>
                    </Point>
                </Placemark>
                
                <Placemark>
                    <name>09:25:42 - 82 kts - 1766 ft</name>
                    <visibility>0</visibility>
                    <description>latitude: 48.607367
longitude: 1.911587
altitude: 538 m / 1766 ft
elevation: 131 m / 430 ft
course: 166°
speed: 82 kts
</description>
                    <LookAt>
                        <longitude>1.9115868955868</longitude>
                        <latitude>48.607366941915</latitude>
                        <altitude>0</altitude>
                        <heading>0</heading>
                        <tilt>70</tilt>
                        <range>3000</range>
                        <gx:altitudeMode>relativeToSeaFloor</gx:altitudeMode>
                    </LookAt>
                    <styleUrl>#msn_ylw-pushpin0</styleUrl>
                    <Point>
                        <extrude>1</extrude>
                        <altitudeMode>absolute</altitudeMode>
                        <gx:drawOrder>1</gx:drawOrder>
                        <coordinates>1.9115868955868,48.607366941915,538.28198242188</coordinates>
                    </Point>
                </Placemark>
                
                <Placemark>
                    <name>09:25:54 - 81 kts - 1767 ft</name>
                    <visibility>0</visibility>
                    <description>latitude: 48.602967
longitude: 1.913283
altitude: 539 m / 1767 ft
elevation: 131 m / 430 ft
course: 166°
speed: 81 kts
</description>
                    <LookAt>
                        <longitude>1.9132831413317</longitude>
                        <latitude>48.602966819935</latitude>
                        <altitude>0</altitude>
                        <heading>0</heading>
                        <tilt>70</tilt>
                        <range>3000</range>
                        <gx:altitudeMode>relativeToSeaFloor</gx:altitudeMode>
                    </LookAt>
                    <styleUrl>#msn_ylw-pushpin0</styleUrl>
                    <Point>
                        <extrude>1</extrude>
                        <altitudeMode>absolute</altitudeMode>
                        <gx:drawOrder>1</gx:drawOrder>
                        <coordinates>1.9132831413317,48.602966819935,538.70166015625</coordinates>
                    </Point>
                </Placemark>
                
                <Placemark>
                    <name>09:26:06 - 82 kts - 1772 ft</name>
                    <visibility>0</visibility>
                    <description>latitude: 48.598604
longitude: 1.914975
altitude: 540 m / 1772 ft
elevation: 142 m / 466 ft
course: 166°
speed: 82 kts
</description>
                    <LookAt>
                        <longitude>1.9149750284868</longitude>
                        <latitude>48.598603997425</latitude>
                        <altitude>0</altitude>
                        <heading>0</heading>
                        <tilt>70</tilt>
                        <range>3000</range>
                        <gx:altitudeMode>relativeToSeaFloor</gx:altitudeMode>
                    </LookAt>
                    <styleUrl>#msn_ylw-pushpin0</styleUrl>
                    <Point>
                        <extrude>1</extrude>
                        <altitudeMode>absolute</altitudeMode>
                        <gx:drawOrder>1</gx:drawOrder>
                        <coordinates>1.9149750284868,48.598603997425,540.2177734375</coordinates>
                    </Point>
                </Placemark>
                
                <Placemark>
                    <name>09:26:18 - 82 kts - 1770 ft</name>
                    <visibility>0</visibility>
                    <description>latitude: 48.594193
longitude: 1.916634
altitude: 539 m / 1770 ft
elevation: 153 m / 502 ft
course: 167°
speed: 82 kts
</description>
                    <LookAt>
                        <longitude>1.9166342262197</longitude>
                        <latitude>48.594193398066</latitude>
                        <altitude>0</altitude>
                        <heading>0</heading>
                        <tilt>70</tilt>
                        <range>3000</range>
                        <gx:altitudeMode>relativeToSeaFloor</gx:altitudeMode>
                    </LookAt>
                    <styleUrl>#msn_ylw-pushpin0</styleUrl>
                    <Point>
                        <extrude>1</extrude>
                        <altitudeMode>absolute</altitudeMode>
                        <gx:drawOrder>1</gx:drawOrder>
                        <coordinates>1.9166342262197,48.594193398066,539.35607910156</coordinates>
                    </Point>
                </Placemark>
                
                <Placemark>
                    <name>09:26:29 - 81 kts - 1774 ft</name>
                    <visibility>0</visibility>
                    <description>latitude: 48.589802
longitude: 1.918210
altitude: 541 m / 1774 ft
elevation: 170 m / 558 ft
course: 167°
speed: 81 kts
</description>
                    <LookAt>
                        <longitude>1.9182101078349</longitude>
                        <latitude>48.589802454271</latitude>
                        <altitude>0</altitude>
                        <heading>0</heading>
                        <tilt>70</tilt>
                        <range>3000</range>
                        <gx:altitudeMode>relativeToSeaFloor</gx:altitudeMode>
                    </LookAt>
                    <styleUrl>#msn_ylw-pushpin0</styleUrl>
                    <Point>
                        <extrude>1</extrude>
                        <altitudeMode>absolute</altitudeMode>
                        <gx:drawOrder>1</gx:drawOrder>
                        <coordinates>1.9182101078349,48.589802454271,540.57104492188</coordinates>
                    </Point>
                </Placemark>
                
                <Placemark>
                    <name>09:26:41 - 82 kts - 1774 ft</name>
                    <visibility>0</visibility>
                    <description>latitude: 48.585386
longitude: 1.919779
altitude: 541 m / 1774 ft
elevation: 170 m / 558 ft
course: 167°
speed: 82 kts
</description>
                    <LookAt>
                        <longitude>1.9197792001086</longitude>
                        <latitude>48.58538602949</latitude>
                        <altitude>0</altitude>
                        <heading>0</heading>
                        <tilt>70</tilt>
                        <range>3000</range>
                        <gx:altitudeMode>relativeToSeaFloor</gx:altitudeMode>
                    </LookAt>
                    <styleUrl>#msn_ylw-pushpin0</styleUrl>
                    <Point>
                        <extrude>1</extrude>
                        <altitudeMode>absolute</altitudeMode>
                        <gx:drawOrder>1</gx:drawOrder>
                        <coordinates>1.9197792001086,48.58538602949,540.63500976562</coordinates>
                    </Point>
                </Placemark>
                
                <Placemark>
                    <name>09:26:54 - 82 kts - 1772 ft</name>
                    <visibility>0</visibility>
                    <description>latitude: 48.580938
longitude: 1.921368
altitude: 540 m / 1772 ft
elevation: 161 m / 528 ft
course: 166°
speed: 82 kts
</description>
                    <LookAt>
                        <longitude>1.9213678222168</longitude>
                        <latitude>48.580937627748</latitude>
                        <altitude>0</altitude>
                        <heading>0</heading>
                        <tilt>70</tilt>
                        <range>3000</range>
                        <gx:altitudeMode>relativeToSeaFloor</gx:altitudeMode>
                    </LookAt>
                    <styleUrl>#msn_ylw-pushpin0</styleUrl>
                    <Point>
                        <extrude>1</extrude>
                        <altitudeMode>absolute</altitudeMode>
                        <gx:drawOrder>1</gx:drawOrder>
                        <coordinates>1.9213678222168,48.580937627748,540.09106445312</coordinates>
                    </Point>
                </Placemark>
                
                <Placemark>
                    <name>09:27:06 - 82 kts - 1773 ft</name>
                    <visibility>0</visibility>
                    <description>latitude: 48.576543
longitude: 1.923098
altitude: 541 m / 1773 ft
elevation: 141 m / 463 ft
course: 165°
speed: 82 kts
</description>
                    <LookAt>
                        <longitude>1.9230976793933</longitude>
                        <latitude>48.576542995915</latitude>
                        <altitude>0</altitude>
                        <heading>0</heading>
                        <tilt>70</tilt>
                        <range>3000</range>
                        <gx:altitudeMode>relativeToSeaFloor</gx:altitudeMode>
                    </LookAt>
                    <styleUrl>#msn_ylw-pushpin0</styleUrl>
                    <Point>
                        <extrude>1</extrude>
                        <altitudeMode>absolute</altitudeMode>
                        <gx:drawOrder>1</gx:drawOrder>
                        <coordinates>1.9230976793933,48.576542995915,540.50231933594</coordinates>
                    </Point>
                </Placemark>
                
                <Placemark>
                    <name>09:27:18 - 82 kts - 1769 ft</name>
                    <visibility>0</visibility>
                    <description>latitude: 48.572156
longitude: 1.924881
altitude: 539 m / 1769 ft
elevation: 128 m / 420 ft
course: 165°
speed: 82 kts
</description>
                    <LookAt>
                        <longitude>1.9248810969311</longitude>
                        <latitude>48.572155907795</latitude>
                        <altitude>0</altitude>
                        <heading>0</heading>
                        <tilt>70</tilt>
                        <range>3000</range>
                        <gx:altitudeMode>relativeToSeaFloor</gx:altitudeMode>
                    </LookAt>
                    <styleUrl>#msn_ylw-pushpin0</styleUrl>
                    <Point>
                        <extrude>1</extrude>
                        <altitudeMode>absolute</altitudeMode>
                        <gx:drawOrder>1</gx:drawOrder>
                        <coordinates>1.9248810969311,48.572155907795,539.10693359375</coordinates>
                    </Point>
                </Placemark>
                
                <Placemark>
                    <name>09:27:30 - 82 kts - 1774 ft</name>
                    <visibility>0</visibility>
                    <description>latitude: 48.567772
longitude: 1.926671
altitude: 541 m / 1774 ft
elevation: 131 m / 430 ft
course: 166°
speed: 82 kts
</description>
                    <LookAt>
                        <longitude>1.9266712199915</longitude>
                        <latitude>48.567772298165</latitude>
                        <altitude>0</altitude>
                        <heading>0</heading>
                        <tilt>70</tilt>
                        <range>3000</range>
                        <gx:altitudeMode>relativeToSeaFloor</gx:altitudeMode>
                    </LookAt>
                    <styleUrl>#msn_ylw-pushpin0</styleUrl>
                    <Point>
                        <extrude>1</extrude>
                        <altitudeMode>absolute</altitudeMode>
                        <gx:drawOrder>1</gx:drawOrder>
                        <coordinates>1.9266712199915,48.567772298165,540.82104492188</coordinates>
                    </Point>
                </Placemark>
                
                <Placemark>
                    <name>09:27:42 - 82 kts - 1776 ft</name>
                    <visibility>0</visibility>
                    <description>latitude: 48.563354
longitude: 1.928279
altitude: 541 m / 1776 ft
elevation: 166 m / 545 ft
course: 167°
speed: 82 kts
</description>
                    <LookAt>
                        <longitude>1.9282785337436</longitude>
                        <latitude>48.563353819818</latitude>
                        <altitude>0</altitude>
                        <heading>0</heading>
                        <tilt>70</tilt>
                        <range>3000</range>
                        <gx:altitudeMode>relativeToSeaFloor</gx:altitudeMode>
                    </LookAt>
                    <styleUrl>#msn_ylw-pushpin0</styleUrl>
                    <Point>
                        <extrude>1</extrude>
                        <altitudeMode>absolute</altitudeMode>
                        <gx:drawOrder>1</gx:drawOrder>
                        <coordinates>1.9282785337436,48.563353819818,541.46435546875</coordinates>
                    </Point>
                </Placemark>
                
                <Placemark>
                    <name>09:27:54 - 83 kts - 1773 ft</name>
                    <visibility>0</visibility>
                    <description>latitude: 48.558902
longitude: 1.929846
altitude: 540 m / 1773 ft
elevation: 167 m / 548 ft
course: 167°
speed: 83 kts
</description>
                    <LookAt>
                        <longitude>1.9298462010938</longitude>
                        <latitude>48.558901520491</latitude>
                        <altitude>0</altitude>
                        <heading>0</heading>
                        <tilt>70</tilt>
                        <range>3000</range>
                        <gx:altitudeMode>relativeToSeaFloor</gx:altitudeMode>
                    </LookAt>
                    <styleUrl>#msn_ylw-pushpin0</styleUrl>
                    <Point>
                        <extrude>1</extrude>
                        <altitudeMode>absolute</altitudeMode>
                        <gx:drawOrder>1</gx:drawOrder>
                        <coordinates>1.9298462010938,48.558901520491,540.47119140625</coordinates>
                    </Point>
                </Placemark>
                
                <Placemark>
                    <name>09:28:06 - 84 kts - 1776 ft</name>
                    <visibility>0</visibility>
                    <description>latitude: 48.554413
longitude: 1.931460
altitude: 541 m / 1776 ft
elevation: 159 m / 522 ft
course: 166°
speed: 84 kts
</description>
                    <LookAt>
                        <longitude>1.9314603880066</longitude>
                        <latitude>48.5544132628</latitude>
                        <altitude>0</altitude>
                        <heading>0</heading>
                        <tilt>70</tilt>
                        <range>3000</range>
                        <gx:altitudeMode>relativeToSeaFloor</gx:altitudeMode>
                    </LookAt>
                    <styleUrl>#msn_ylw-pushpin0</styleUrl>
                    <Point>
                        <extrude>1</extrude>
                        <altitudeMode>absolute</altitudeMode>
                        <gx:drawOrder>1</gx:drawOrder>
                        <coordinates>1.9314603880066,48.5544132628,541.24438476562</coordinates>
                    </Point>
                </Placemark>
                
                <Placemark>
                    <name>09:28:18 - 84 kts - 1769 ft</name>
                    <visibility>0</visibility>
                    <description>latitude: 48.549916
longitude: 1.933209
altitude: 539 m / 1769 ft
elevation: 142 m / 466 ft
course: 166°
speed: 84 kts
</description>
                    <LookAt>
                        <longitude>1.9332092721033</longitude>
                        <latitude>48.549916371748</latitude>
                        <altitude>0</altitude>
                        <heading>0</heading>
                        <tilt>70</tilt>
                        <range>3000</range>
                        <gx:altitudeMode>relativeToSeaFloor</gx:altitudeMode>
                    </LookAt>
                    <styleUrl>#msn_ylw-pushpin0</styleUrl>
                    <Point>
                        <extrude>1</extrude>
                        <altitudeMode>absolute</altitudeMode>
                        <gx:drawOrder>1</gx:drawOrder>
                        <coordinates>1.9332092721033,48.549916371748,539.26062011719</coordinates>
                    </Point>
                </Placemark>
                
                <Placemark>
                    <name>09:28:30 - 79 kts - 1814 ft</name>
                    <visibility>0</visibility>
                    <description>latitude: 48.545452
longitude: 1.934597
altitude: 553 m / 1814 ft
elevation: 136 m / 446 ft
course: 170°
speed: 79 kts
</description>
                    <LookAt>
                        <longitude>1.9345968123543</longitude>
                        <latitude>48.545451541476</latitude>
                        <altitude>0</altitude>
                        <heading>0</heading>
                        <tilt>70</tilt>
                        <range>3000</range>
                        <gx:altitudeMode>relativeToSeaFloor</gx:altitudeMode>
                    </LookAt>
                    <styleUrl>#msn_ylw-pushpin0</styleUrl>
                    <Point>
                        <extrude>1</extrude>
                        <altitudeMode>absolute</altitudeMode>
                        <gx:drawOrder>1</gx:drawOrder>
                        <coordinates>1.9345968123543,48.545451541476,552.9794921875</coordinates>
                    </Point>
                </Placemark>
                
                <Placemark>
                    <name>09:28:43 - 77 kts - 1916 ft</name>
                    <visibility>0</visibility>
                    <description>latitude: 48.540859
longitude: 1.935939
altitude: 584 m / 1916 ft
elevation: 130 m / 427 ft
course: 168°
speed: 77 kts
</description>
                    <LookAt>
                        <longitude>1.9359394256044</longitude>
                        <latitude>48.540859348186</latitude>
                        <altitude>0</altitude>
                        <heading>0</heading>
                        <tilt>70</tilt>
                        <range>3000</range>
                        <gx:altitudeMode>relativeToSeaFloor</gx:altitudeMode>
                    </LookAt>
                    <styleUrl>#msn_ylw-pushpin0</styleUrl>
                    <Point>
                        <extrude>1</extrude>
                        <altitudeMode>absolute</altitudeMode>
                        <gx:drawOrder>1</gx:drawOrder>
                        <coordinates>1.9359394256044,48.540859348186,583.98706054688</coordinates>
                    </Point>
                </Placemark>
                
                <Placemark>
                    <name>09:28:56 - 74 kts - 2016 ft</name>
                    <visibility>0</visibility>
                    <description>latitude: 48.536400
longitude: 1.937200
altitude: 615 m / 2016 ft
elevation: 160 m / 525 ft
course: 170°
speed: 74 kts
</description>
                    <LookAt>
                        <longitude>1.9372003991175</longitude>
                        <latitude>48.536399840422</latitude>
                        <altitude>0</altitude>
                        <heading>0</heading>
                        <tilt>70</tilt>
                        <range>3000</range>
                        <gx:altitudeMode>relativeToSeaFloor</gx:altitudeMode>
                    </LookAt>
                    <styleUrl>#msn_ylw-pushpin0</styleUrl>
                    <Point>
                        <extrude>1</extrude>
                        <altitudeMode>absolute</altitudeMode>
                        <gx:drawOrder>1</gx:drawOrder>
                        <coordinates>1.9372003991175,48.536399840422,614.59411621094</coordinates>
                    </Point>
                </Placemark>
                
                <Placemark>
                    <name>09:29:09 - 72 kts - 2117 ft</name>
                    <visibility>0</visibility>
                    <description>latitude: 48.532073
longitude: 1.938316
altitude: 645 m / 2117 ft
elevation: 161 m / 528 ft
course: 170°
speed: 72 kts
</description>
                    <LookAt>
                        <longitude>1.9383161142487</longitude>
                        <latitude>48.532073353462</latitude>
                        <altitude>0</altitude>
                        <heading>0</heading>
                        <tilt>70</tilt>
                        <range>3000</range>
                        <gx:altitudeMode>relativeToSeaFloor</gx:altitudeMode>
                    </LookAt>
                    <styleUrl>#msn_ylw-pushpin0</styleUrl>
                    <Point>
                        <extrude>1</extrude>
                        <altitudeMode>absolute</altitudeMode>
                        <gx:drawOrder>1</gx:drawOrder>
                        <coordinates>1.9383161142487,48.532073353462,645.2802734375</coordinates>
                    </Point>
                </Placemark>
                
                <Placemark>
                    <name>09:29:23 - 72 kts - 2208 ft</name>
                    <visibility>0</visibility>
                    <description>latitude: 48.527457
longitude: 1.939526
altitude: 673 m / 2208 ft
elevation: 131 m / 430 ft
course: 170°
speed: 72 kts
</description>
                    <LookAt>
                        <longitude>1.9395257905144</longitude>
                        <latitude>48.527457313657</latitude>
                        <altitude>0</altitude>
                        <heading>0</heading>
                        <tilt>70</tilt>
                        <range>3000</range>
                        <gx:altitudeMode>relativeToSeaFloor</gx:altitudeMode>
                    </LookAt>
                    <styleUrl>#msn_ylw-pushpin0</styleUrl>
                    <Point>
                        <extrude>1</extrude>
                        <altitudeMode>absolute</altitudeMode>
                        <gx:drawOrder>1</gx:drawOrder>
                        <coordinates>1.9395257905144,48.527457313657,673.03527832031</coordinates>
                    </Point>
                </Placemark>
                
                <Placemark>
                    <name>09:29:37 - 76 kts - 2257 ft</name>
                    <visibility>0</visibility>
                    <description>latitude: 48.522710
longitude: 1.940683
altitude: 688 m / 2257 ft
elevation: 157 m / 515 ft
course: 172°
speed: 76 kts
</description>
                    <LookAt>
                        <longitude>1.9406828284282</longitude>
                        <latitude>48.522709761791</latitude>
                        <altitude>0</altitude>
                        <heading>0</heading>
                        <tilt>70</tilt>
                        <range>3000</range>
                        <gx:altitudeMode>relativeToSeaFloor</gx:altitudeMode>
                    </LookAt>
                    <styleUrl>#msn_ylw-pushpin0</styleUrl>
                    <Point>
                        <extrude>1</extrude>
                        <altitudeMode>absolute</altitudeMode>
                        <gx:drawOrder>1</gx:drawOrder>
                        <coordinates>1.9406828284282,48.522709761791,688.00573730469</coordinates>
                    </Point>
                </Placemark>
                
                <Placemark>
                    <name>09:29:50 - 81 kts - 2285 ft</name>
                    <visibility>0</visibility>
                    <description>latitude: 48.517976
longitude: 1.941664
altitude: 696 m / 2285 ft
elevation: 131 m / 430 ft
course: 172°
speed: 81 kts
</description>
                    <LookAt>
                        <longitude>1.9416635949183</longitude>
                        <latitude>48.517976333432</latitude>
                        <altitude>0</altitude>
                        <heading>0</heading>
                        <tilt>70</tilt>
                        <range>3000</range>
                        <gx:altitudeMode>relativeToSeaFloor</gx:altitudeMode>
                    </LookAt>
                    <styleUrl>#msn_ylw-pushpin0</styleUrl>
                    <Point>
                        <extrude>1</extrude>
                        <altitudeMode>absolute</altitudeMode>
                        <gx:drawOrder>1</gx:drawOrder>
                        <coordinates>1.9416635949183,48.517976333432,696.44067382812</coordinates>
                    </Point>
                </Placemark>
                
                <Placemark>
                    <name>09:30:02 - 85 kts - 2311 ft</name>
                    <visibility>0</visibility>
                    <description>latitude: 48.513409
longitude: 1.942696
altitude: 704 m / 2311 ft
elevation: 163 m / 535 ft
course: 171°
speed: 85 kts
</description>
                    <LookAt>
                        <longitude>1.9426960777509</longitude>
                        <latitude>48.513409285851</latitude>
                        <altitude>0</altitude>
                        <heading>0</heading>
                        <tilt>70</tilt>
                        <range>3000</range>
                        <gx:altitudeMode>relativeToSeaFloor</gx:altitudeMode>
                    </LookAt>
                    <styleUrl>#msn_ylw-pushpin0</styleUrl>
                    <Point>
                        <extrude>1</extrude>
                        <altitudeMode>absolute</altitudeMode>
                        <gx:drawOrder>1</gx:drawOrder>
                        <coordinates>1.9426960777509,48.513409285851,704.45385742188</coordinates>
                    </Point>
                </Placemark>
                
                <Placemark>
                    <name>09:30:14 - 90 kts - 2303 ft</name>
                    <visibility>0</visibility>
                    <description>latitude: 48.508585
longitude: 1.944008
altitude: 702 m / 2303 ft
elevation: 153 m / 502 ft
course: 169°
speed: 90 kts
</description>
                    <LookAt>
                        <longitude>1.9440079294163</longitude>
                        <latitude>48.508585039571</latitude>
                        <altitude>0</altitude>
                        <heading>0</heading>
                        <tilt>70</tilt>
                        <range>3000</range>
                        <gx:altitudeMode>relativeToSeaFloor</gx:altitudeMode>
                    </LookAt>
                    <styleUrl>#msn_ylw-pushpin0</styleUrl>
                    <Point>
                        <extrude>1</extrude>
                        <altitudeMode>absolute</altitudeMode>
                        <gx:drawOrder>1</gx:drawOrder>
                        <coordinates>1.9440079294163,48.508585039571,701.97265625</coordinates>
                    </Point>
                </Placemark>
                
                <Placemark>
                    <name>09:30:25 - 87 kts - 2299 ft</name>
                    <visibility>0</visibility>
                    <description>latitude: 48.504125
longitude: 1.945244
altitude: 701 m / 2299 ft
elevation: 156 m / 512 ft
course: 170°
speed: 87 kts
</description>
                    <LookAt>
                        <longitude>1.945243924858</longitude>
                        <latitude>48.504124567889</latitude>
                        <altitude>0</altitude>
                        <heading>0</heading>
                        <tilt>70</tilt>
                        <range>3000</range>
                        <gx:altitudeMode>relativeToSeaFloor</gx:altitudeMode>
                    </LookAt>
                    <styleUrl>#msn_ylw-pushpin0</styleUrl>
                    <Point>
                        <extrude>1</extrude>
                        <altitudeMode>absolute</altitudeMode>
                        <gx:drawOrder>1</gx:drawOrder>
                        <coordinates>1.945243924858,48.504124567889,700.86779785156</coordinates>
                    </Point>
                </Placemark>
                
                <Placemark>
                    <name>09:30:36 - 84 kts - 2299 ft</name>
                    <visibility>0</visibility>
                    <description>latitude: 48.499472
longitude: 1.946571
altitude: 701 m / 2299 ft
elevation: 156 m / 512 ft
course: 169°
speed: 84 kts
</description>
                    <LookAt>
                        <longitude>1.946570528673</longitude>
                        <latitude>48.499472066805</latitude>
                        <altitude>0</altitude>
                        <heading>0</heading>
                        <tilt>70</tilt>
                        <range>3000</range>
                        <gx:altitudeMode>relativeToSeaFloor</gx:altitudeMode>
                    </LookAt>
                    <styleUrl>#msn_ylw-pushpin0</styleUrl>
                    <Point>
                        <extrude>1</extrude>
                        <altitudeMode>absolute</altitudeMode>
                        <gx:drawOrder>1</gx:drawOrder>
                        <coordinates>1.946570528673,48.499472066805,700.84716796875</coordinates>
                    </Point>
                </Placemark>
                
                <Placemark>
                    <name>09:30:49 - 81 kts - 2298 ft</name>
                    <visibility>0</visibility>
                    <description>latitude: 48.494977
longitude: 1.947919
altitude: 700 m / 2298 ft
elevation: 156 m / 512 ft
course: 168°
speed: 81 kts
</description>
                    <LookAt>
                        <longitude>1.947918506341</longitude>
                        <latitude>48.494977313139</latitude>
                        <altitude>0</altitude>
                        <heading>0</heading>
                        <tilt>70</tilt>
                        <range>3000</range>
                        <gx:altitudeMode>relativeToSeaFloor</gx:altitudeMode>
                    </LookAt>
                    <styleUrl>#msn_ylw-pushpin0</styleUrl>
                    <Point>
                        <extrude>1</extrude>
                        <altitudeMode>absolute</altitudeMode>
                        <gx:drawOrder>1</gx:drawOrder>
                        <coordinates>1.947918506341,48.494977313139,700.36791992188</coordinates>
                    </Point>
                </Placemark>
                
                <Placemark>
                    <name>09:31:02 - 80 kts - 2309 ft</name>
                    <visibility>0</visibility>
                    <description>latitude: 48.490244
longitude: 1.949404
altitude: 704 m / 2309 ft
elevation: 152 m / 499 ft
course: 168°
speed: 80 kts
</description>
                    <LookAt>
                        <longitude>1.9494036119449</longitude>
                        <latitude>48.490243633323</latitude>
                        <altitude>0</altitude>
                        <heading>0</heading>
                        <tilt>70</tilt>
                        <range>3000</range>
                        <gx:altitudeMode>relativeToSeaFloor</gx:altitudeMode>
                    </LookAt>
                    <styleUrl>#msn_ylw-pushpin0</styleUrl>
                    <Point>
                        <extrude>1</extrude>
                        <altitudeMode>absolute</altitudeMode>
                        <gx:drawOrder>1</gx:drawOrder>
                        <coordinates>1.9494036119449,48.490243633323,703.72875976562</coordinates>
                    </Point>
                </Placemark>
                
                <Placemark>
                    <name>09:31:15 - 80 kts - 2307 ft</name>
                    <visibility>0</visibility>
                    <description>latitude: 48.485555
longitude: 1.950815
altitude: 703 m / 2307 ft
elevation: 155 m / 509 ft
course: 170°
speed: 80 kts
</description>
                    <LookAt>
                        <longitude>1.950814956801</longitude>
                        <latitude>48.485555257693</latitude>
                        <altitude>0</altitude>
                        <heading>0</heading>
                        <tilt>70</tilt>
                        <range>3000</range>
                        <gx:altitudeMode>relativeToSeaFloor</gx:altitudeMode>
                    </LookAt>
                    <styleUrl>#msn_ylw-pushpin0</styleUrl>
                    <Point>
                        <extrude>1</extrude>
                        <altitudeMode>absolute</altitudeMode>
                        <gx:drawOrder>1</gx:drawOrder>
                        <coordinates>1.950814956801,48.485555257693,703.0361328125</coordinates>
                    </Point>
                </Placemark>
                
                <Placemark>
                    <name>09:31:28 - 80 kts - 2308 ft</name>
                    <visibility>0</visibility>
                    <description>latitude: 48.480834
longitude: 1.951987
altitude: 703 m / 2308 ft
elevation: 150 m / 492 ft
course: 171°
speed: 80 kts
</description>
                    <LookAt>
                        <longitude>1.9519870821405</longitude>
                        <latitude>48.480833983094</latitude>
                        <altitude>0</altitude>
                        <heading>0</heading>
                        <tilt>70</tilt>
                        <range>3000</range>
                        <gx:altitudeMode>relativeToSeaFloor</gx:altitudeMode>
                    </LookAt>
                    <styleUrl>#msn_ylw-pushpin0</styleUrl>
                    <Point>
                        <extrude>1</extrude>
                        <altitudeMode>absolute</altitudeMode>
                        <gx:drawOrder>1</gx:drawOrder>
                        <coordinates>1.9519870821405,48.480833983094,703.42578125</coordinates>
                    </Point>
                </Placemark>
                
                <Placemark>
                    <name>09:31:41 - 80 kts - 2305 ft</name>
                    <visibility>0</visibility>
                    <description>latitude: 48.476084
longitude: 1.953136
altitude: 703 m / 2305 ft
elevation: 153 m / 502 ft
course: 171°
speed: 80 kts
</description>
                    <LookAt>
                        <longitude>1.9531362410653</longitude>
                        <latitude>48.476084168114</latitude>
                        <altitude>0</altitude>
                        <heading>0</heading>
                        <tilt>70</tilt>
                        <range>3000</range>
                        <gx:altitudeMode>relativeToSeaFloor</gx:altitudeMode>
                    </LookAt>
                    <styleUrl>#msn_ylw-pushpin0</styleUrl>
                    <Point>
                        <extrude>1</extrude>
                        <altitudeMode>absolute</altitudeMode>
                        <gx:drawOrder>1</gx:drawOrder>
                        <coordinates>1.9531362410653,48.476084168114,702.6474609375</coordinates>
                    </Point>
                </Placemark>
                
                <Placemark>
                    <name>09:31:54 - 80 kts - 2308 ft</name>
                    <visibility>0</visibility>
                    <description>latitude: 48.471318
longitude: 1.954314
altitude: 704 m / 2308 ft
elevation: 155 m / 509 ft
course: 170°
speed: 80 kts
</description>
                    <LookAt>
                        <longitude>1.954314066099</longitude>
                        <latitude>48.471317589328</latitude>
                        <altitude>0</altitude>
                        <heading>0</heading>
                        <tilt>70</tilt>
                        <range>3000</range>
                        <gx:altitudeMode>relativeToSeaFloor</gx:altitudeMode>
                    </LookAt>
                    <styleUrl>#msn_ylw-pushpin0</styleUrl>
                    <Point>
                        <extrude>1</extrude>
                        <altitudeMode>absolute</altitudeMode>
                        <gx:drawOrder>1</gx:drawOrder>
                        <coordinates>1.954314066099,48.471317589328,703.50622558594</coordinates>
                    </Point>
                </Placemark>
                
                <Placemark>
                    <name>09:32:07 - 82 kts - 2298 ft</name>
                    <visibility>0</visibility>
                    <description>latitude: 48.466520
longitude: 1.955578
altitude: 700 m / 2298 ft
elevation: 149 m / 489 ft
course: 170°
speed: 82 kts
</description>
                    <LookAt>
                        <longitude>1.9555778056401</longitude>
                        <latitude>48.466519704134</latitude>
                        <altitude>0</altitude>
                        <heading>0</heading>
                        <tilt>70</tilt>
                        <range>3000</range>
                        <gx:altitudeMode>relativeToSeaFloor</gx:altitudeMode>
                    </LookAt>
                    <styleUrl>#msn_ylw-pushpin0</styleUrl>
                    <Point>
                        <extrude>1</extrude>
                        <altitudeMode>absolute</altitudeMode>
                        <gx:drawOrder>1</gx:drawOrder>
                        <coordinates>1.9555778056401,48.466519704134,700.39025878906</coordinates>
                    </Point>
                </Placemark>
                
                <Placemark>
                    <name>09:32:19 - 81 kts - 2297 ft</name>
                    <visibility>0</visibility>
                    <description>latitude: 48.462092
longitude: 1.956850
altitude: 700 m / 2297 ft
elevation: 150 m / 492 ft
course: 169°
speed: 81 kts
</description>
                    <LookAt>
                        <longitude>1.9568500947225</longitude>
                        <latitude>48.462091628507</latitude>
                        <altitude>0</altitude>
                        <heading>0</heading>
                        <tilt>70</tilt>
                        <range>3000</range>
                        <gx:altitudeMode>relativeToSeaFloor</gx:altitudeMode>
                    </LookAt>
                    <styleUrl>#msn_ylw-pushpin0</styleUrl>
                    <Point>
                        <extrude>1</extrude>
                        <altitudeMode>absolute</altitudeMode>
                        <gx:drawOrder>1</gx:drawOrder>
                        <coordinates>1.9568500947225,48.462091628507,700.00415039062</coordinates>
                    </Point>
                </Placemark>
                
                <Placemark>
                    <name>09:32:32 - 81 kts - 2296 ft</name>
                    <visibility>0</visibility>
                    <description>latitude: 48.457333
longitude: 1.958318
altitude: 700 m / 2296 ft
elevation: 149 m / 489 ft
course: 168°
speed: 81 kts
</description>
                    <LookAt>
                        <longitude>1.9583183527011</longitude>
                        <latitude>48.457333054439</latitude>
                        <altitude>0</altitude>
                        <heading>0</heading>
                        <tilt>70</tilt>
                        <range>3000</range>
                        <gx:altitudeMode>relativeToSeaFloor</gx:altitudeMode>
                    </LookAt>
                    <styleUrl>#msn_ylw-pushpin0</styleUrl>
                    <Point>
                        <extrude>1</extrude>
                        <altitudeMode>absolute</altitudeMode>
                        <gx:drawOrder>1</gx:drawOrder>
                        <coordinates>1.9583183527011,48.457333054439,699.87292480469</coordinates>
                    </Point>
                </Placemark>
                
                <Placemark>
                    <name>09:32:44 - 81 kts - 2301 ft</name>
                    <visibility>0</visibility>
                    <description>latitude: 48.452575
longitude: 1.959762
altitude: 701 m / 2301 ft
elevation: 149 m / 489 ft
course: 169°
speed: 81 kts
</description>
                    <LookAt>
                        <longitude>1.9597623031605</longitude>
                        <latitude>48.452574606099</latitude>
                        <altitude>0</altitude>
                        <heading>0</heading>
                        <tilt>70</tilt>
                        <range>3000</range>
                        <gx:altitudeMode>relativeToSeaFloor</gx:altitudeMode>
                    </LookAt>
                    <styleUrl>#msn_ylw-pushpin0</styleUrl>
                    <Point>
                        <extrude>1</extrude>
                        <altitudeMode>absolute</altitudeMode>
                        <gx:drawOrder>1</gx:drawOrder>
                        <coordinates>1.9597623031605,48.452574606099,701.48962402344</coordinates>
                    </Point>
                </Placemark>
                
                <Placemark>
                    <name>09:32:57 - 81 kts - 2299 ft</name>
                    <visibility>0</visibility>
                    <description>latitude: 48.447797
longitude: 1.961013
altitude: 701 m / 2299 ft
elevation: 152 m / 499 ft
course: 171°
speed: 81 kts
</description>
                    <LookAt>
                        <longitude>1.9610127992946</longitude>
                        <latitude>48.447796627924</latitude>
                        <altitude>0</altitude>
                        <heading>0</heading>
                        <tilt>70</tilt>
                        <range>3000</range>
                        <gx:altitudeMode>relativeToSeaFloor</gx:altitudeMode>
                    </LookAt>
                    <styleUrl>#msn_ylw-pushpin0</styleUrl>
                    <Point>
                        <extrude>1</extrude>
                        <altitudeMode>absolute</altitudeMode>
                        <gx:drawOrder>1</gx:drawOrder>
                        <coordinates>1.9610127992946,48.447796627924,700.76098632812</coordinates>
                    </Point>
                </Placemark>
                
                <Placemark>
                    <name>09:33:11 - 80 kts - 2300 ft</name>
                    <visibility>0</visibility>
                    <description>latitude: 48.443040
longitude: 1.962149
altitude: 701 m / 2300 ft
elevation: 149 m / 489 ft
course: 171°
speed: 80 kts
</description>
                    <LookAt>
                        <longitude>1.9621485471744</longitude>
                        <latitude>48.443039814055</latitude>
                        <altitude>0</altitude>
                        <heading>0</heading>
                        <tilt>70</tilt>
                        <range>3000</range>
                        <gx:altitudeMode>relativeToSeaFloor</gx:altitudeMode>
                    </LookAt>
                    <styleUrl>#msn_ylw-pushpin0</styleUrl>
                    <Point>
                        <extrude>1</extrude>
                        <altitudeMode>absolute</altitudeMode>
                        <gx:drawOrder>1</gx:drawOrder>
                        <coordinates>1.9621485471744,48.443039814055,701.1005859375</coordinates>
                    </Point>
                </Placemark>
                
                <Placemark>
                    <name>09:33:24 - 81 kts - 2304 ft</name>
                    <visibility>0</visibility>
                    <description>latitude: 48.438262
longitude: 1.963384
altitude: 702 m / 2304 ft
elevation: 148 m / 486 ft
course: 170°
speed: 81 kts
</description>
                    <LookAt>
                        <longitude>1.963384291159</longitude>
                        <latitude>48.438261542514</latitude>
                        <altitude>0</altitude>
                        <heading>0</heading>
                        <tilt>70</tilt>
                        <range>3000</range>
                        <gx:altitudeMode>relativeToSeaFloor</gx:altitudeMode>
                    </LookAt>
                    <styleUrl>#msn_ylw-pushpin0</styleUrl>
                    <Point>
                        <extrude>1</extrude>
                        <altitudeMode>absolute</altitudeMode>
                        <gx:drawOrder>1</gx:drawOrder>
                        <coordinates>1.963384291159,48.438261542514,702.32934570312</coordinates>
                    </Point>
                </Placemark>
                
                <Placemark>
                    <name>09:33:36 - 81 kts - 2299 ft</name>
                    <visibility>0</visibility>
                    <description>latitude: 48.433833
longitude: 1.964596
altitude: 701 m / 2299 ft
elevation: 149 m / 489 ft
course: 169°
speed: 81 kts
</description>
                    <LookAt>
                        <longitude>1.9645957276243</longitude>
                        <latitude>48.433832922064</latitude>
                        <altitude>0</altitude>
                        <heading>0</heading>
                        <tilt>70</tilt>
                        <range>3000</range>
                        <gx:altitudeMode>relativeToSeaFloor</gx:altitudeMode>
                    </LookAt>
                    <styleUrl>#msn_ylw-pushpin0</styleUrl>
                    <Point>
                        <extrude>1</extrude>
                        <altitudeMode>absolute</altitudeMode>
                        <gx:drawOrder>1</gx:drawOrder>
                        <coordinates>1.9645957276243,48.433832922064,700.73901367188</coordinates>
                    </Point>
                </Placemark>
                
                <Placemark>
                    <name>09:33:49 - 81 kts - 2300 ft</name>
                    <visibility>0</visibility>
                    <description>latitude: 48.429053
longitude: 1.965999
altitude: 701 m / 2300 ft
elevation: 149 m / 489 ft
course: 168°
speed: 81 kts
</description>
                    <LookAt>
                        <longitude>1.9659985229391</longitude>
                        <latitude>48.429052848414</latitude>
                        <altitude>0</altitude>
                        <heading>0</heading>
                        <tilt>70</tilt>
                        <range>3000</range>
                        <gx:altitudeMode>relativeToSeaFloor</gx:altitudeMode>
                    </LookAt>
                    <styleUrl>#msn_ylw-pushpin0</styleUrl>
                    <Point>
                        <extrude>1</extrude>
                        <altitudeMode>absolute</altitudeMode>
                        <gx:drawOrder>1</gx:drawOrder>
                        <coordinates>1.9659985229391,48.429052848414,701.15417480469</coordinates>
                    </Point>
                </Placemark>
                
                <Placemark>
                    <name>09:34:02 - 81 kts - 2304 ft</name>
                    <visibility>0</visibility>
                    <description>latitude: 48.424280
longitude: 1.967443
altitude: 702 m / 2304 ft
elevation: 149 m / 489 ft
course: 169°
speed: 81 kts
</description>
                    <LookAt>
                        <longitude>1.9674431439507</longitude>
                        <latitude>48.42428002511</latitude>
                        <altitude>0</altitude>
                        <heading>0</heading>
                        <tilt>70</tilt>
                        <range>3000</range>
                        <gx:altitudeMode>relativeToSeaFloor</gx:altitudeMode>
                    </LookAt>
                    <styleUrl>#msn_ylw-pushpin0</styleUrl>
                    <Point>
                        <extrude>1</extrude>
                        <altitudeMode>absolute</altitudeMode>
                        <gx:drawOrder>1</gx:drawOrder>
                        <coordinates>1.9674431439507,48.42428002511,702.15234375</coordinates>
                    </Point>
                </Placemark>
                
                <Placemark>
                    <name>09:34:14 - 82 kts - 2294 ft</name>
                    <visibility>0</visibility>
                    <description>latitude: 48.419839
longitude: 1.968690
altitude: 699 m / 2294 ft
elevation: 149 m / 489 ft
course: 170°
speed: 82 kts
</description>
                    <LookAt>
                        <longitude>1.9686897844094</longitude>
                        <latitude>48.419838538438</latitude>
                        <altitude>0</altitude>
                        <heading>0</heading>
                        <tilt>70</tilt>
                        <range>3000</range>
                        <gx:altitudeMode>relativeToSeaFloor</gx:altitudeMode>
                    </LookAt>
                    <styleUrl>#msn_ylw-pushpin0</styleUrl>
                    <Point>
                        <extrude>1</extrude>
                        <altitudeMode>absolute</altitudeMode>
                        <gx:drawOrder>1</gx:drawOrder>
                        <coordinates>1.9686897844094,48.419838538438,699.15454101562</coordinates>
                    </Point>
                </Placemark>
                
                <Placemark>
                    <name>09:34:27 - 80 kts - 2297 ft</name>
                    <visibility>0</visibility>
                    <description>latitude: 48.415057
longitude: 1.969969
altitude: 700 m / 2297 ft
elevation: 149 m / 489 ft
course: 170°
speed: 80 kts
</description>
                    <LookAt>
                        <longitude>1.9699685275573</longitude>
                        <latitude>48.415057249412</latitude>
                        <altitude>0</altitude>
                        <heading>0</heading>
                        <tilt>70</tilt>
                        <range>3000</range>
                        <gx:altitudeMode>relativeToSeaFloor</gx:altitudeMode>
                    </LookAt>
                    <styleUrl>#msn_ylw-pushpin0</styleUrl>
                    <Point>
                        <extrude>1</extrude>
                        <altitudeMode>absolute</altitudeMode>
                        <gx:drawOrder>1</gx:drawOrder>
                        <coordinates>1.9699685275573,48.415057249412,700.09118652344</coordinates>
                    </Point>
                </Placemark>
                
                <Placemark>
                    <name>09:34:40 - 80 kts - 2300 ft</name>
                    <visibility>0</visibility>
                    <description>latitude: 48.410318
longitude: 1.971216
altitude: 701 m / 2300 ft
elevation: 149 m / 489 ft
course: 170°
speed: 80 kts
</description>
                    <LookAt>
                        <longitude>1.9712161738444</longitude>
                        <latitude>48.41031803754</latitude>
                        <altitude>0</altitude>
                        <heading>0</heading>
                        <tilt>70</tilt>
                        <range>3000</range>
                        <gx:altitudeMode>relativeToSeaFloor</gx:altitudeMode>
                    </LookAt>
                    <styleUrl>#msn_ylw-pushpin0</styleUrl>
                    <Point>
                        <extrude>1</extrude>
                        <altitudeMode>absolute</altitudeMode>
                        <gx:drawOrder>1</gx:drawOrder>
                        <coordinates>1.9712161738444,48.41031803754,701.1015625</coordinates>
                    </Point>
                </Placemark>
                
                <Placemark>
                    <name>09:34:52 - 81 kts - 2298 ft</name>
                    <visibility>0</visibility>
                    <description>latitude: 48.405548
longitude: 1.972378
altitude: 700 m / 2298 ft
elevation: 149 m / 489 ft
course: 171°
speed: 81 kts
</description>
                    <LookAt>
                        <longitude>1.9723781570811</longitude>
                        <latitude>48.405548483178</latitude>
                        <altitude>0</altitude>
                        <heading>0</heading>
                        <tilt>70</tilt>
                        <range>3000</range>
                        <gx:altitudeMode>relativeToSeaFloor</gx:altitudeMode>
                    </LookAt>
                    <styleUrl>#msn_ylw-pushpin0</styleUrl>
                    <Point>
                        <extrude>1</extrude>
                        <altitudeMode>absolute</altitudeMode>
                        <gx:drawOrder>1</gx:drawOrder>
                        <coordinates>1.9723781570811,48.405548483178,700.40234375</coordinates>
                    </Point>
                </Placemark>
                
                <Placemark>
                    <name>09:35:05 - 80 kts - 2303 ft</name>
                    <visibility>0</visibility>
                    <description>latitude: 48.400778
longitude: 1.973516
altitude: 702 m / 2303 ft
elevation: 148 m / 486 ft
course: 171°
speed: 80 kts
</description>
                    <LookAt>
                        <longitude>1.9735163357127</longitude>
                        <latitude>48.400777545803</latitude>
                        <altitude>0</altitude>
                        <heading>0</heading>
                        <tilt>70</tilt>
                        <range>3000</range>
                        <gx:altitudeMode>relativeToSeaFloor</gx:altitudeMode>
                    </LookAt>
                    <styleUrl>#msn_ylw-pushpin0</styleUrl>
                    <Point>
                        <extrude>1</extrude>
                        <altitudeMode>absolute</altitudeMode>
                        <gx:drawOrder>1</gx:drawOrder>
                        <coordinates>1.9735163357127,48.400777545803,701.81396484375</coordinates>
                    </Point>
                </Placemark>
                
                <Placemark>
                    <name>09:35:19 - 81 kts - 2300 ft</name>
                    <visibility>0</visibility>
                    <description>latitude: 48.395987
longitude: 1.974773
altitude: 701 m / 2300 ft
elevation: 142 m / 466 ft
course: 169°
speed: 81 kts
</description>
                    <LookAt>
                        <longitude>1.9747732859123</longitude>
                        <latitude>48.395986575678</latitude>
                        <altitude>0</altitude>
                        <heading>0</heading>
                        <tilt>70</tilt>
                        <range>3000</range>
                        <gx:altitudeMode>relativeToSeaFloor</gx:altitudeMode>
                    </LookAt>
                    <styleUrl>#msn_ylw-pushpin0</styleUrl>
                    <Point>
                        <extrude>1</extrude>
                        <altitudeMode>absolute</altitudeMode>
                        <gx:drawOrder>1</gx:drawOrder>
                        <coordinates>1.9747732859123,48.395986575678,701.00158691406</coordinates>
                    </Point>
                </Placemark>
                
                <Placemark>
                    <name>09:35:32 - 80 kts - 2366 ft</name>
                    <visibility>0</visibility>
                    <description>latitude: 48.391232
longitude: 1.976204
altitude: 721 m / 2366 ft
elevation: 145 m / 476 ft
course: 167°
speed: 80 kts
</description>
                    <LookAt>
                        <longitude>1.9762039091456</longitude>
                        <latitude>48.391232192561</latitude>
                        <altitude>0</altitude>
                        <heading>0</heading>
                        <tilt>70</tilt>
                        <range>3000</range>
                        <gx:altitudeMode>relativeToSeaFloor</gx:altitudeMode>
                    </LookAt>
                    <styleUrl>#msn_ylw-pushpin0</styleUrl>
                    <Point>
                        <extrude>1</extrude>
                        <altitudeMode>absolute</altitudeMode>
                        <gx:drawOrder>1</gx:drawOrder>
                        <coordinates>1.9762039091456,48.391232192561,721.03930664062</coordinates>
                    </Point>
                </Placemark>
                
                <Placemark>
                    <name>09:35:45 - 78 kts - 2452 ft</name>
                    <visibility>0</visibility>
                    <description>latitude: 48.386600
longitude: 1.977742
altitude: 747 m / 2452 ft
elevation: 145 m / 476 ft
course: 168°
speed: 78 kts
</description>
                    <LookAt>
                        <longitude>1.9777419883776</longitude>
                        <latitude>48.386599724226</latitude>
                        <altitude>0</altitude>
                        <heading>0</heading>
                        <tilt>70</tilt>
                        <range>3000</range>
                        <gx:altitudeMode>relativeToSeaFloor</gx:altitudeMode>
                    </LookAt>
                    <styleUrl>#msn_ylw-pushpin0</styleUrl>
                    <Point>
                        <extrude>1</extrude>
                        <altitudeMode>absolute</altitudeMode>
                        <gx:drawOrder>1</gx:drawOrder>
                        <coordinates>1.9777419883776,48.386599724226,747.40673828125</coordinates>
                    </Point>
                </Placemark>
                
                <Placemark>
                    <name>09:35:58 - 78 kts - 2528 ft</name>
                    <visibility>0</visibility>
                    <description>latitude: 48.382000
longitude: 1.979083
altitude: 771 m / 2528 ft
elevation: 142 m / 466 ft
course: 169°
speed: 78 kts
</description>
                    <LookAt>
                        <longitude>1.9790825899709</longitude>
                        <latitude>48.381999861494</latitude>
                        <altitude>0</altitude>
                        <heading>0</heading>
                        <tilt>70</tilt>
                        <range>3000</range>
                        <gx:altitudeMode>relativeToSeaFloor</gx:altitudeMode>
                    </LookAt>
                    <styleUrl>#msn_ylw-pushpin0</styleUrl>
                    <Point>
                        <extrude>1</extrude>
                        <altitudeMode>absolute</altitudeMode>
                        <gx:drawOrder>1</gx:drawOrder>
                        <coordinates>1.9790825899709,48.381999861494,770.63232421875</coordinates>
                    </Point>
                </Placemark>
                
                <Placemark>
                    <name>09:36:11 - 77 kts - 2607 ft</name>
                    <visibility>0</visibility>
                    <description>latitude: 48.377405
longitude: 1.980225
altitude: 795 m / 2607 ft
elevation: 142 m / 466 ft
course: 171°
speed: 77 kts
</description>
                    <LookAt>
                        <longitude>1.9802254624683</longitude>
                        <latitude>48.377405111723</latitude>
                        <altitude>0</altitude>
                        <heading>0</heading>
                        <tilt>70</tilt>
                        <range>3000</range>
                        <gx:altitudeMode>relativeToSeaFloor</gx:altitudeMode>
                    </LookAt>
                    <styleUrl>#msn_ylw-pushpin0</styleUrl>
                    <Point>
                        <extrude>1</extrude>
                        <altitudeMode>absolute</altitudeMode>
                        <gx:drawOrder>1</gx:drawOrder>
                        <coordinates>1.9802254624683,48.377405111723,794.67944335938</coordinates>
                    </Point>
                </Placemark>
                
                <Placemark>
                    <name>09:36:24 - 77 kts - 2692 ft</name>
                    <visibility>0</visibility>
                    <description>latitude: 48.372847
longitude: 1.981368
altitude: 821 m / 2692 ft
elevation: 142 m / 466 ft
course: 170°
speed: 77 kts
</description>
                    <LookAt>
                        <longitude>1.9813680835087</longitude>
                        <latitude>48.372847451873</latitude>
                        <altitude>0</altitude>
                        <heading>0</heading>
                        <tilt>70</tilt>
                        <range>3000</range>
                        <gx:altitudeMode>relativeToSeaFloor</gx:altitudeMode>
                    </LookAt>
                    <styleUrl>#msn_ylw-pushpin0</styleUrl>
                    <Point>
                        <extrude>1</extrude>
                        <altitudeMode>absolute</altitudeMode>
                        <gx:drawOrder>1</gx:drawOrder>
                        <coordinates>1.9813680835087,48.372847451873,820.6650390625</coordinates>
                    </Point>
                </Placemark>
                
                <Placemark>
                    <name>09:36:37 - 78 kts - 2779 ft</name>
                    <visibility>0</visibility>
                    <description>latitude: 48.368280
longitude: 1.982703
altitude: 847 m / 2779 ft
elevation: 128 m / 420 ft
course: 168°
speed: 78 kts
</description>
                    <LookAt>
                        <longitude>1.982703488322</longitude>
                        <latitude>48.368280362383</latitude>
                        <altitude>0</altitude>
                        <heading>0</heading>
                        <tilt>70</tilt>
                        <range>3000</range>
                        <gx:altitudeMode>relativeToSeaFloor</gx:altitudeMode>
                    </LookAt>
                    <styleUrl>#msn_ylw-pushpin0</styleUrl>
                    <Point>
                        <extrude>1</extrude>
                        <altitudeMode>absolute</altitudeMode>
                        <gx:drawOrder>1</gx:drawOrder>
                        <coordinates>1.982703488322,48.368280362383,846.92114257812</coordinates>
                    </Point>
                </Placemark>
                
                <Placemark>
                    <name>09:36:50 - 77 kts - 2864 ft</name>
                    <visibility>0</visibility>
                    <description>latitude: 48.363705
longitude: 1.984052
altitude: 873 m / 2864 ft
elevation: 131 m / 430 ft
course: 169°
speed: 77 kts
</description>
                    <LookAt>
                        <longitude>1.9840518850852</longitude>
                        <latitude>48.363704555713</latitude>
                        <altitude>0</altitude>
                        <heading>0</heading>
                        <tilt>70</tilt>
                        <range>3000</range>
                        <gx:altitudeMode>relativeToSeaFloor</gx:altitudeMode>
                    </LookAt>
                    <styleUrl>#msn_ylw-pushpin0</styleUrl>
                    <Point>
                        <extrude>1</extrude>
                        <altitudeMode>absolute</altitudeMode>
                        <gx:drawOrder>1</gx:drawOrder>
                        <coordinates>1.9840518850852,48.363704555713,873.00756835938</coordinates>
                    </Point>
                </Placemark>
                
                <Placemark>
                    <name>09:37:02 - 77 kts - 2948 ft</name>
                    <visibility>0</visibility>
                    <description>latitude: 48.359133
longitude: 1.985310
altitude: 898 m / 2948 ft
elevation: 139 m / 456 ft
course: 170°
speed: 77 kts
</description>
                    <LookAt>
                        <longitude>1.9853101763893</longitude>
                        <latitude>48.359133400999</latitude>
                        <altitude>0</altitude>
                        <heading>0</heading>
                        <tilt>70</tilt>
                        <range>3000</range>
                        <gx:altitudeMode>relativeToSeaFloor</gx:altitudeMode>
                    </LookAt>
                    <styleUrl>#msn_ylw-pushpin0</styleUrl>
                    <Point>
                        <extrude>1</extrude>
                        <altitudeMode>absolute</altitudeMode>
                        <gx:drawOrder>1</gx:drawOrder>
                        <coordinates>1.9853101763893,48.359133400999,898.40234375</coordinates>
                    </Point>
                </Placemark>
                
                <Placemark>
                    <name>09:37:15 - 77 kts - 3032 ft</name>
                    <visibility>0</visibility>
                    <description>latitude: 48.354569
longitude: 1.986459
altitude: 924 m / 3032 ft
elevation: 145 m / 476 ft
course: 171°
speed: 77 kts
</description>
                    <LookAt>
                        <longitude>1.986459000038</longitude>
                        <latitude>48.354569370903</latitude>
                        <altitude>0</altitude>
                        <heading>0</heading>
                        <tilt>70</tilt>
                        <range>3000</range>
                        <gx:altitudeMode>relativeToSeaFloor</gx:altitudeMode>
                    </LookAt>
                    <styleUrl>#msn_ylw-pushpin0</styleUrl>
                    <Point>
                        <extrude>1</extrude>
                        <altitudeMode>absolute</altitudeMode>
                        <gx:drawOrder>1</gx:drawOrder>
                        <coordinates>1.986459000038,48.354569370903,924.02551269531</coordinates>
                    </Point>
                </Placemark>
                
                <Placemark>
                    <name>09:37:29 - 76 kts - 3117 ft</name>
                    <visibility>0</visibility>
                    <description>latitude: 48.350027
longitude: 1.987528
altitude: 950 m / 3117 ft
elevation: 143 m / 469 ft
course: 171°
speed: 76 kts
</description>
                    <LookAt>
                        <longitude>1.9875281117875</longitude>
                        <latitude>48.350027385213</latitude>
                        <altitude>0</altitude>
                        <heading>0</heading>
                        <tilt>70</tilt>
                        <range>3000</range>
                        <gx:altitudeMode>relativeToSeaFloor</gx:altitudeMode>
                    </LookAt>
                    <styleUrl>#msn_ylw-pushpin0</styleUrl>
                    <Point>
                        <extrude>1</extrude>
                        <altitudeMode>absolute</altitudeMode>
                        <gx:drawOrder>1</gx:drawOrder>
                        <coordinates>1.9875281117875,48.350027385213,949.94775390625</coordinates>
                    </Point>
                </Placemark>
                
                <Placemark>
                    <name>09:37:42 - 76 kts - 3202 ft</name>
                    <visibility>0</visibility>
                    <description>latitude: 48.345510
longitude: 1.988674
altitude: 976 m / 3202 ft
elevation: 141 m / 463 ft
course: 170°
speed: 76 kts
</description>
                    <LookAt>
                        <longitude>1.9886742532272</longitude>
                        <latitude>48.345510042318</latitude>
                        <altitude>0</altitude>
                        <heading>0</heading>
                        <tilt>70</tilt>
                        <range>3000</range>
                        <gx:altitudeMode>relativeToSeaFloor</gx:altitudeMode>
                    </LookAt>
                    <styleUrl>#msn_ylw-pushpin0</styleUrl>
                    <Point>
                        <extrude>1</extrude>
                        <altitudeMode>absolute</altitudeMode>
                        <gx:drawOrder>1</gx:drawOrder>
                        <coordinates>1.9886742532272,48.345510042318,975.90490722656</coordinates>
                    </Point>
                </Placemark>
                
                <Placemark>
                    <name>09:37:54 - 87 kts - 3177 ft</name>
                    <visibility>0</visibility>
                    <description>latitude: 48.341021
longitude: 1.989816
altitude: 968 m / 3177 ft
elevation: 141 m / 463 ft
course: 172°
speed: 87 kts
</description>
                    <LookAt>
                        <longitude>1.9898157846201</longitude>
                        <latitude>48.341021197893</latitude>
                        <altitude>0</altitude>
                        <heading>0</heading>
                        <tilt>70</tilt>
                        <range>3000</range>
                        <gx:altitudeMode>relativeToSeaFloor</gx:altitudeMode>
                    </LookAt>
                    <styleUrl>#msn_ylw-pushpin0</styleUrl>
                    <Point>
                        <extrude>1</extrude>
                        <altitudeMode>absolute</altitudeMode>
                        <gx:drawOrder>1</gx:drawOrder>
                        <coordinates>1.9898157846201,48.341021197893,968.45556640625</coordinates>
                    </Point>
                </Placemark>
                
                <Placemark>
                    <name>09:38:05 - 91 kts - 3147 ft</name>
                    <visibility>0</visibility>
                    <description>latitude: 48.336548
longitude: 1.990783
altitude: 959 m / 3147 ft
elevation: 145 m / 476 ft
course: 172°
speed: 91 kts
</description>
                    <LookAt>
                        <longitude>1.9907830562461</longitude>
                        <latitude>48.336548320994</latitude>
                        <altitude>0</altitude>
                        <heading>0</heading>
                        <tilt>70</tilt>
                        <range>3000</range>
                        <gx:altitudeMode>relativeToSeaFloor</gx:altitudeMode>
                    </LookAt>
                    <styleUrl>#msn_ylw-pushpin0</styleUrl>
                    <Point>
                        <extrude>1</extrude>
                        <altitudeMode>absolute</altitudeMode>
                        <gx:drawOrder>1</gx:drawOrder>
                        <coordinates>1.9907830562461,48.336548320994,959.24755859375</coordinates>
                    </Point>
                </Placemark>
                
                <Placemark>
                    <name>09:38:16 - 94 kts - 3110 ft</name>
                    <visibility>0</visibility>
                    <description>latitude: 48.331897
longitude: 1.991862
altitude: 948 m / 3110 ft
elevation: 142 m / 466 ft
course: 171°
speed: 94 kts
</description>
                    <LookAt>
                        <longitude>1.9918622262794</longitude>
                        <latitude>48.331897286743</latitude>
                        <altitude>0</altitude>
                        <heading>0</heading>
                        <tilt>70</tilt>
                        <range>3000</range>
                        <gx:altitudeMode>relativeToSeaFloor</gx:altitudeMode>
                    </LookAt>
                    <styleUrl>#msn_ylw-pushpin0</styleUrl>
                    <Point>
                        <extrude>1</extrude>
                        <altitudeMode>absolute</altitudeMode>
                        <gx:drawOrder>1</gx:drawOrder>
                        <coordinates>1.9918622262794,48.331897286743,947.96765136719</coordinates>
                    </Point>
                </Placemark>
                
                <Placemark>
                    <name>09:38:27 - 93 kts - 3104 ft</name>
                    <visibility>0</visibility>
                    <description>latitude: 48.327180
longitude: 1.993110
altitude: 946 m / 3104 ft
elevation: 139 m / 456 ft
course: 169°
speed: 93 kts
</description>
                    <LookAt>
                        <longitude>1.9931103754807</longitude>
                        <latitude>48.327179574453</latitude>
                        <altitude>0</altitude>
                        <heading>0</heading>
                        <tilt>70</tilt>
                        <range>3000</range>
                        <gx:altitudeMode>relativeToSeaFloor</gx:altitudeMode>
                    </LookAt>
                    <styleUrl>#msn_ylw-pushpin0</styleUrl>
                    <Point>
                        <extrude>1</extrude>
                        <altitudeMode>absolute</altitudeMode>
                        <gx:drawOrder>1</gx:drawOrder>
                        <coordinates>1.9931103754807,48.327179574453,946.18481445312</coordinates>
                    </Point>
                </Placemark>
                
                <Placemark>
                    <name>09:38:38 - 90 kts - 3108 ft</name>
                    <visibility>0</visibility>
                    <description>latitude: 48.322643
longitude: 1.994474
altitude: 947 m / 3108 ft
elevation: 139 m / 456 ft
course: 168°
speed: 90 kts
</description>
                    <LookAt>
                        <longitude>1.9944743625838</longitude>
                        <latitude>48.322643330366</latitude>
                        <altitude>0</altitude>
                        <heading>0</heading>
                        <tilt>70</tilt>
                        <range>3000</range>
                        <gx:altitudeMode>relativeToSeaFloor</gx:altitudeMode>
                    </LookAt>
                    <styleUrl>#msn_ylw-pushpin0</styleUrl>
                    <Point>
                        <extrude>1</extrude>
                        <altitudeMode>absolute</altitudeMode>
                        <gx:drawOrder>1</gx:drawOrder>
                        <coordinates>1.9944743625838,48.322643330366,947.37548828125</coordinates>
                    </Point>
                </Placemark>
                
                <Placemark>
                    <name>09:38:50 - 87 kts - 3108 ft</name>
                    <visibility>0</visibility>
                    <description>latitude: 48.317873
longitude: 1.996060
altitude: 947 m / 3108 ft
elevation: 143 m / 469 ft
course: 168°
speed: 87 kts
</description>
                    <LookAt>
                        <longitude>1.996060470121</longitude>
                        <latitude>48.317873398818</latitude>
                        <altitude>0</altitude>
                        <heading>0</heading>
                        <tilt>70</tilt>
                        <range>3000</range>
                        <gx:altitudeMode>relativeToSeaFloor</gx:altitudeMode>
                    </LookAt>
                    <styleUrl>#msn_ylw-pushpin0</styleUrl>
                    <Point>
                        <extrude>1</extrude>
                        <altitudeMode>absolute</altitudeMode>
                        <gx:drawOrder>1</gx:drawOrder>
                        <coordinates>1.996060470121,48.317873398818,947.31921386719</coordinates>
                    </Point>
                </Placemark>
                
                <Placemark>
                    <name>09:39:01 - 85 kts - 3117 ft</name>
                    <visibility>0</visibility>
                    <description>latitude: 48.313215
longitude: 1.997597
altitude: 950 m / 3117 ft
elevation: 142 m / 466 ft
course: 168°
speed: 85 kts
</description>
                    <LookAt>
                        <longitude>1.9975973758865</longitude>
                        <latitude>48.313214737036</latitude>
                        <altitude>0</altitude>
                        <heading>0</heading>
                        <tilt>70</tilt>
                        <range>3000</range>
                        <gx:altitudeMode>relativeToSeaFloor</gx:altitudeMode>
                    </LookAt>
                    <styleUrl>#msn_ylw-pushpin0</styleUrl>
                    <Point>
                        <extrude>1</extrude>
                        <altitudeMode>absolute</altitudeMode>
                        <gx:drawOrder>1</gx:drawOrder>
                        <coordinates>1.9975973758865,48.313214737036,949.93115234375</coordinates>
                    </Point>
                </Placemark>
                
                <Placemark>
                    <name>09:39:13 - 84 kts - 3117 ft</name>
                    <visibility>0</visibility>
                    <description>latitude: 48.308620
longitude: 1.999018
altitude: 950 m / 3117 ft
elevation: 142 m / 466 ft
course: 169°
speed: 84 kts
</description>
                    <LookAt>
                        <longitude>1.9990176055599</longitude>
                        <latitude>48.308620238722</latitude>
                        <altitude>0</altitude>
                        <heading>0</heading>
                        <tilt>70</tilt>
                        <range>3000</range>
                        <gx:altitudeMode>relativeToSeaFloor</gx:altitudeMode>
                    </LookAt>
                    <styleUrl>#msn_ylw-pushpin0</styleUrl>
                    <Point>
                        <extrude>1</extrude>
                        <altitudeMode>absolute</altitudeMode>
                        <gx:drawOrder>1</gx:drawOrder>
                        <coordinates>1.9990176055599,48.308620238722,949.98559570312</coordinates>
                    </Point>
                </Placemark>
                
                <Placemark>
                    <name>09:39:25 - 83 kts - 3118 ft</name>
                    <visibility>0</visibility>
                    <description>latitude: 48.304039
longitude: 2.000280
altitude: 950 m / 3118 ft
elevation: 134 m / 440 ft
course: 170°
speed: 83 kts
</description>
                    <LookAt>
                        <longitude>2.0002803392727</longitude>
                        <latitude>48.304038648539</latitude>
                        <altitude>0</altitude>
                        <heading>0</heading>
                        <tilt>70</tilt>
                        <range>3000</range>
                        <gx:altitudeMode>relativeToSeaFloor</gx:altitudeMode>
                    </LookAt>
                    <styleUrl>#msn_ylw-pushpin0</styleUrl>
                    <Point>
                        <extrude>1</extrude>
                        <altitudeMode>absolute</altitudeMode>
                        <gx:drawOrder>1</gx:drawOrder>
                        <coordinates>2.0002803392727,48.304038648539,950.49108886719</coordinates>
                    </Point>
                </Placemark>
                
                <Placemark>
                    <name>09:39:38 - 83 kts - 3119 ft</name>
                    <visibility>0</visibility>
                    <description>latitude: 48.299488
longitude: 2.001425
altitude: 951 m / 3119 ft
elevation: 128 m / 420 ft
course: 171°
speed: 83 kts
</description>
                    <LookAt>
                        <longitude>2.0014248043317</longitude>
                        <latitude>48.299488113307</latitude>
                        <altitude>0</altitude>
                        <heading>0</heading>
                        <tilt>70</tilt>
                        <range>3000</range>
                        <gx:altitudeMode>relativeToSeaFloor</gx:altitudeMode>
                    </LookAt>
                    <styleUrl>#msn_ylw-pushpin0</styleUrl>
                    <Point>
                        <extrude>1</extrude>
                        <altitudeMode>absolute</altitudeMode>
                        <gx:drawOrder>1</gx:drawOrder>
                        <coordinates>2.0014248043317,48.299488113307,950.65795898438</coordinates>
                    </Point>
                </Placemark>
                
                <Placemark>
                    <name>09:39:50 - 83 kts - 3122 ft</name>
                    <visibility>0</visibility>
                    <description>latitude: 48.294955
longitude: 2.002518
altitude: 952 m / 3122 ft
elevation: 135 m / 443 ft
course: 171°
speed: 83 kts
</description>
                    <LookAt>
                        <longitude>2.0025175530482</longitude>
                        <latitude>48.294954970524</latitude>
                        <altitude>0</altitude>
                        <heading>0</heading>
                        <tilt>70</tilt>
                        <range>3000</range>
                        <gx:altitudeMode>relativeToSeaFloor</gx:altitudeMode>
                    </LookAt>
                    <styleUrl>#msn_ylw-pushpin0</styleUrl>
                    <Point>
                        <extrude>1</extrude>
                        <altitudeMode>absolute</altitudeMode>
                        <gx:drawOrder>1</gx:drawOrder>
                        <coordinates>2.0025175530482,48.294954970524,951.51940917969</coordinates>
                    </Point>
                </Placemark>
                
                <Placemark>
                    <name>09:40:02 - 82 kts - 3122 ft</name>
                    <visibility>0</visibility>
                    <description>latitude: 48.290435
longitude: 2.003605
altitude: 952 m / 3122 ft
elevation: 138 m / 453 ft
course: 171°
speed: 82 kts
</description>
                    <LookAt>
                        <longitude>2.0036052726228</longitude>
                        <latitude>48.290434777782</latitude>
                        <altitude>0</altitude>
                        <heading>0</heading>
                        <tilt>70</tilt>
                        <range>3000</range>
                        <gx:altitudeMode>relativeToSeaFloor</gx:altitudeMode>
                    </LookAt>
                    <styleUrl>#msn_ylw-pushpin0</styleUrl>
                    <Point>
                        <extrude>1</extrude>
                        <altitudeMode>absolute</altitudeMode>
                        <gx:drawOrder>1</gx:drawOrder>
                        <coordinates>2.0036052726228,48.290434777782,951.53735351562</coordinates>
                    </Point>
                </Placemark>
                
                <Placemark>
                    <name>09:40:14 - 82 kts - 3117 ft</name>
                    <visibility>0</visibility>
                    <description>latitude: 48.285945
longitude: 2.004767
altitude: 950 m / 3117 ft
elevation: 134 m / 440 ft
course: 170°
speed: 82 kts
</description>
                    <LookAt>
                        <longitude>2.0047665014882</longitude>
                        <latitude>48.285945011348</latitude>
                        <altitude>0</altitude>
                        <heading>0</heading>
                        <tilt>70</tilt>
                        <range>3000</range>
                        <gx:altitudeMode>relativeToSeaFloor</gx:altitudeMode>
                    </LookAt>
                    <styleUrl>#msn_ylw-pushpin0</styleUrl>
                    <Point>
                        <extrude>1</extrude>
                        <altitudeMode>absolute</altitudeMode>
                        <gx:drawOrder>1</gx:drawOrder>
                        <coordinates>2.0047665014882,48.285945011348,950.12512207031</coordinates>
                    </Point>
                </Placemark>
                
                <Placemark>
                    <name>09:40:26 - 82 kts - 3117 ft</name>
                    <visibility>0</visibility>
                    <description>latitude: 48.281437
longitude: 2.005953
altitude: 950 m / 3117 ft
elevation: 134 m / 440 ft
course: 170°
speed: 82 kts
</description>
                    <LookAt>
                        <longitude>2.0059531275202</longitude>
                        <latitude>48.28143743337</latitude>
                        <altitude>0</altitude>
                        <heading>0</heading>
                        <tilt>70</tilt>
                        <range>3000</range>
                        <gx:altitudeMode>relativeToSeaFloor</gx:altitudeMode>
                    </LookAt>
                    <styleUrl>#msn_ylw-pushpin0</styleUrl>
                    <Point>
                        <extrude>1</extrude>
                        <altitudeMode>absolute</altitudeMode>
                        <gx:drawOrder>1</gx:drawOrder>
                        <coordinates>2.0059531275202,48.28143743337,950.07861328125</coordinates>
                    </Point>
                </Placemark>
                
                <Placemark>
                    <name>09:40:38 - 82 kts - 3118 ft</name>
                    <visibility>0</visibility>
                    <description>latitude: 48.276943
longitude: 2.007204
altitude: 950 m / 3118 ft
elevation: 135 m / 443 ft
course: 169°
speed: 82 kts
</description>
                    <LookAt>
                        <longitude>2.0072038751114</longitude>
                        <latitude>48.276942721613</latitude>
                        <altitude>0</altitude>
                        <heading>0</heading>
                        <tilt>70</tilt>
                        <range>3000</range>
                        <gx:altitudeMode>relativeToSeaFloor</gx:altitudeMode>
                    </LookAt>
                    <styleUrl>#msn_ylw-pushpin0</styleUrl>
                    <Point>
                        <extrude>1</extrude>
                        <altitudeMode>absolute</altitudeMode>
                        <gx:drawOrder>1</gx:drawOrder>
                        <coordinates>2.0072038751114,48.276942721613,950.44897460938</coordinates>
                    </Point>
                </Placemark>
                
                <Placemark>
                    <name>09:40:50 - 83 kts - 3119 ft</name>
                    <visibility>0</visibility>
                    <description>latitude: 48.272449
longitude: 2.008586
altitude: 951 m / 3119 ft
elevation: 132 m / 433 ft
course: 168°
speed: 83 kts
</description>
                    <LookAt>
                        <longitude>2.0085863024015</longitude>
                        <latitude>48.272448931866</latitude>
                        <altitude>0</altitude>
                        <heading>0</heading>
                        <tilt>70</tilt>
                        <range>3000</range>
                        <gx:altitudeMode>relativeToSeaFloor</gx:altitudeMode>
                    </LookAt>
                    <styleUrl>#msn_ylw-pushpin0</styleUrl>
                    <Point>
                        <extrude>1</extrude>
                        <altitudeMode>absolute</altitudeMode>
                        <gx:drawOrder>1</gx:drawOrder>
                        <coordinates>2.0085863024015,48.272448931866,950.80920410156</coordinates>
                    </Point>
                </Placemark>
                
                <Placemark>
                    <name>09:41:02 - 83 kts - 3118 ft</name>
                    <visibility>0</visibility>
                    <description>latitude: 48.267922
longitude: 2.009877
altitude: 950 m / 3118 ft
elevation: 124 m / 407 ft
course: 170°
speed: 83 kts
</description>
                    <LookAt>
                        <longitude>2.009877199309</longitude>
                        <latitude>48.267921740234</latitude>
                        <altitude>0</altitude>
                        <heading>0</heading>
                        <tilt>70</tilt>
                        <range>3000</range>
                        <gx:altitudeMode>relativeToSeaFloor</gx:altitudeMode>
                    </LookAt>
                    <styleUrl>#msn_ylw-pushpin0</styleUrl>
                    <Point>
                        <extrude>1</extrude>
                        <altitudeMode>absolute</altitudeMode>
                        <gx:drawOrder>1</gx:drawOrder>
                        <coordinates>2.009877199309,48.267921740234,950.36987304688</coordinates>
                    </Point>
                </Placemark>
                
                <Placemark>
                    <name>09:41:13 - 83 kts - 3118 ft</name>
                    <visibility>0</visibility>
                    <description>latitude: 48.263367
longitude: 2.011062
altitude: 950 m / 3118 ft
elevation: 134 m / 440 ft
course: 170°
speed: 83 kts
</description>
                    <LookAt>
                        <longitude>2.0110620651413</longitude>
                        <latitude>48.263366678775</latitude>
                        <altitude>0</altitude>
                        <heading>0</heading>
                        <tilt>70</tilt>
                        <range>3000</range>
                        <gx:altitudeMode>relativeToSeaFloor</gx:altitudeMode>
                    </LookAt>
                    <styleUrl>#msn_ylw-pushpin0</styleUrl>
                    <Point>
                        <extrude>1</extrude>
                        <altitudeMode>absolute</altitudeMode>
                        <gx:drawOrder>1</gx:drawOrder>
                        <coordinates>2.0110620651413,48.263366678775,950.36999511719</coordinates>
                    </Point>
                </Placemark>
                
                <Placemark>
                    <name>09:41:25 - 85 kts - 3116 ft</name>
                    <visibility>0</visibility>
                    <description>latitude: 48.258767
longitude: 2.012305
altitude: 950 m / 3116 ft
elevation: 135 m / 443 ft
course: 169°
speed: 85 kts
</description>
                    <LookAt>
                        <longitude>2.0123053528387</longitude>
                        <latitude>48.258767193228</latitude>
                        <altitude>0</altitude>
                        <heading>0</heading>
                        <tilt>70</tilt>
                        <range>3000</range>
                        <gx:altitudeMode>relativeToSeaFloor</gx:altitudeMode>
                    </LookAt>
                    <styleUrl>#msn_ylw-pushpin0</styleUrl>
                    <Point>
                        <extrude>1</extrude>
                        <altitudeMode>absolute</altitudeMode>
                        <gx:drawOrder>1</gx:drawOrder>
                        <coordinates>2.0123053528387,48.258767193228,949.787109375</coordinates>
                    </Point>
                </Placemark>
                
                <Placemark>
                    <name>09:41:38 - 85 kts - 3115 ft</name>
                    <visibility>0</visibility>
                    <description>latitude: 48.254149
longitude: 2.013628
altitude: 949 m / 3115 ft
elevation: 135 m / 443 ft
course: 169°
speed: 85 kts
</description>
                    <LookAt>
                        <longitude>2.013627598064</longitude>
                        <latitude>48.25414880649</latitude>
                        <altitude>0</altitude>
                        <heading>0</heading>
                        <tilt>70</tilt>
                        <range>3000</range>
                        <gx:altitudeMode>relativeToSeaFloor</gx:altitudeMode>
                    </LookAt>
                    <styleUrl>#msn_ylw-pushpin0</styleUrl>
                    <Point>
                        <extrude>1</extrude>
                        <altitudeMode>absolute</altitudeMode>
                        <gx:drawOrder>1</gx:drawOrder>
                        <coordinates>2.013627598064,48.25414880649,949.30444335938</coordinates>
                    </Point>
                </Placemark>
                
                <Placemark>
                    <name>09:41:50 - 85 kts - 3118 ft</name>
                    <visibility>0</visibility>
                    <description>latitude: 48.249472
longitude: 2.014961
altitude: 950 m / 3118 ft
elevation: 135 m / 443 ft
course: 169°
speed: 85 kts
</description>
                    <LookAt>
                        <longitude>2.0149614103157</longitude>
                        <latitude>48.249472458892</latitude>
                        <altitude>0</altitude>
                        <heading>0</heading>
                        <tilt>70</tilt>
                        <range>3000</range>
                        <gx:altitudeMode>relativeToSeaFloor</gx:altitudeMode>
                    </LookAt>
                    <styleUrl>#msn_ylw-pushpin0</styleUrl>
                    <Point>
                        <extrude>1</extrude>
                        <altitudeMode>absolute</altitudeMode>
                        <gx:drawOrder>1</gx:drawOrder>
                        <coordinates>2.0149614103157,48.249472458892,950.41088867188</coordinates>
                    </Point>
                </Placemark>
                
                <Placemark>
                    <name>09:42:02 - 86 kts - 3114 ft</name>
                    <visibility>0</visibility>
                    <description>latitude: 48.244787
longitude: 2.016267
altitude: 949 m / 3114 ft
elevation: 135 m / 443 ft
course: 170°
speed: 86 kts
</description>
                    <LookAt>
                        <longitude>2.0162673946489</longitude>
                        <latitude>48.244787268386</latitude>
                        <altitude>0</altitude>
                        <heading>0</heading>
                        <tilt>70</tilt>
                        <range>3000</range>
                        <gx:altitudeMode>relativeToSeaFloor</gx:altitudeMode>
                    </LookAt>
                    <styleUrl>#msn_ylw-pushpin0</styleUrl>
                    <Point>
                        <extrude>1</extrude>
                        <altitudeMode>absolute</altitudeMode>
                        <gx:drawOrder>1</gx:drawOrder>
                        <coordinates>2.0162673946489,48.244787268386,949.26196289062</coordinates>
                    </Point>
                </Placemark>
                
                <Placemark>
                    <name>09:42:14 - 87 kts - 3117 ft</name>
                    <visibility>0</visibility>
                    <description>latitude: 48.240059
longitude: 2.017515
altitude: 950 m / 3117 ft
elevation: 130 m / 427 ft
course: 171°
speed: 87 kts
</description>
                    <LookAt>
                        <longitude>2.0175154600311</longitude>
                        <latitude>48.24005874344</latitude>
                        <altitude>0</altitude>
                        <heading>0</heading>
                        <tilt>70</tilt>
                        <range>3000</range>
                        <gx:altitudeMode>relativeToSeaFloor</gx:altitudeMode>
                    </LookAt>
                    <styleUrl>#msn_ylw-pushpin0</styleUrl>
                    <Point>
                        <extrude>1</extrude>
                        <altitudeMode>absolute</altitudeMode>
                        <gx:drawOrder>1</gx:drawOrder>
                        <coordinates>2.0175154600311,48.24005874344,950.06018066406</coordinates>
                    </Point>
                </Placemark>
                
                <Placemark>
                    <name>09:42:26 - 87 kts - 3121 ft</name>
                    <visibility>0</visibility>
                    <description>latitude: 48.235301
longitude: 2.018679
altitude: 951 m / 3121 ft
elevation: 131 m / 430 ft
course: 171°
speed: 87 kts
</description>
                    <LookAt>
                        <longitude>2.0186792872865</longitude>
                        <latitude>48.2353011752</latitude>
                        <altitude>0</altitude>
                        <heading>0</heading>
                        <tilt>70</tilt>
                        <range>3000</range>
                        <gx:altitudeMode>relativeToSeaFloor</gx:altitudeMode>
                    </LookAt>
                    <styleUrl>#msn_ylw-pushpin0</styleUrl>
                    <Point>
                        <extrude>1</extrude>
                        <altitudeMode>absolute</altitudeMode>
                        <gx:drawOrder>1</gx:drawOrder>
                        <coordinates>2.0186792872865,48.2353011752,951.21325683594</coordinates>
                    </Point>
                </Placemark>
                
                <Placemark>
                    <name>09:42:38 - 88 kts - 3115 ft</name>
                    <visibility>0</visibility>
                    <description>latitude: 48.230520
longitude: 2.019869
altitude: 950 m / 3115 ft
elevation: 131 m / 430 ft
course: 171°
speed: 88 kts
</description>
                    <LookAt>
                        <longitude>2.0198690984417</longitude>
                        <latitude>48.230520137631</latitude>
                        <altitude>0</altitude>
                        <heading>0</heading>
                        <tilt>70</tilt>
                        <range>3000</range>
                        <gx:altitudeMode>relativeToSeaFloor</gx:altitudeMode>
                    </LookAt>
                    <styleUrl>#msn_ylw-pushpin0</styleUrl>
                    <Point>
                        <extrude>1</extrude>
                        <altitudeMode>absolute</altitudeMode>
                        <gx:drawOrder>1</gx:drawOrder>
                        <coordinates>2.0198690984417,48.230520137631,949.58386230469</coordinates>
                    </Point>
                </Placemark>
                
                <Placemark>
                    <name>09:42:50 - 88 kts - 3116 ft</name>
                    <visibility>0</visibility>
                    <description>latitude: 48.225703
longitude: 2.021120
altitude: 950 m / 3116 ft
elevation: 130 m / 427 ft
course: 170°
speed: 88 kts
</description>
                    <LookAt>
                        <longitude>2.0211197622139</longitude>
                        <latitude>48.225702596873</latitude>
                        <altitude>0</altitude>
                        <heading>0</heading>
                        <tilt>70</tilt>
                        <range>3000</range>
                        <gx:altitudeMode>relativeToSeaFloor</gx:altitudeMode>
                    </LookAt>
                    <styleUrl>#msn_ylw-pushpin0</styleUrl>
                    <Point>
                        <extrude>1</extrude>
                        <altitudeMode>absolute</altitudeMode>
                        <gx:drawOrder>1</gx:drawOrder>
                        <coordinates>2.0211197622139,48.225702596873,949.7451171875</coordinates>
                    </Point>
                </Placemark>
                
                <Placemark>
                    <name>09:43:02 - 87 kts - 3113 ft</name>
                    <visibility>0</visibility>
                    <description>latitude: 48.220913
longitude: 2.022409
altitude: 949 m / 3113 ft
elevation: 132 m / 433 ft
course: 169°
speed: 87 kts
</description>
                    <LookAt>
                        <longitude>2.0224086474646</longitude>
                        <latitude>48.220912800215</latitude>
                        <altitude>0</altitude>
                        <heading>0</heading>
                        <tilt>70</tilt>
                        <range>3000</range>
                        <gx:altitudeMode>relativeToSeaFloor</gx:altitudeMode>
                    </LookAt>
                    <styleUrl>#msn_ylw-pushpin0</styleUrl>
                    <Point>
                        <extrude>1</extrude>
                        <altitudeMode>absolute</altitudeMode>
                        <gx:drawOrder>1</gx:drawOrder>
                        <coordinates>2.0224086474646,48.220912800215,948.86865234375</coordinates>
                    </Point>
                </Placemark>
                
                <Placemark>
                    <name>09:43:13 - 87 kts - 3120 ft</name>
                    <visibility>0</visibility>
                    <description>latitude: 48.216165
longitude: 2.023828
altitude: 951 m / 3120 ft
elevation: 131 m / 430 ft
course: 168°
speed: 87 kts
</description>
                    <LookAt>
                        <longitude>2.0238284580428</longitude>
                        <latitude>48.216165457897</latitude>
                        <altitude>0</altitude>
                        <heading>0</heading>
                        <tilt>70</tilt>
                        <range>3000</range>
                        <gx:altitudeMode>relativeToSeaFloor</gx:altitudeMode>
                    </LookAt>
                    <styleUrl>#msn_ylw-pushpin0</styleUrl>
                    <Point>
                        <extrude>1</extrude>
                        <altitudeMode>absolute</altitudeMode>
                        <gx:drawOrder>1</gx:drawOrder>
                        <coordinates>2.0238284580428,48.216165457897,950.84814453125</coordinates>
                    </Point>
                </Placemark>
                
                <Placemark>
                    <name>09:43:25 - 87 kts - 3115 ft</name>
                    <visibility>0</visibility>
                    <description>latitude: 48.211433
longitude: 2.025280
altitude: 949 m / 3115 ft
elevation: 131 m / 430 ft
course: 169°
speed: 87 kts
</description>
                    <LookAt>
                        <longitude>2.0252795331199</longitude>
                        <latitude>48.211433370643</latitude>
                        <altitude>0</altitude>
                        <heading>0</heading>
                        <tilt>70</tilt>
                        <range>3000</range>
                        <gx:altitudeMode>relativeToSeaFloor</gx:altitudeMode>
                    </LookAt>
                    <styleUrl>#msn_ylw-pushpin0</styleUrl>
                    <Point>
                        <extrude>1</extrude>
                        <altitudeMode>absolute</altitudeMode>
                        <gx:drawOrder>1</gx:drawOrder>
                        <coordinates>2.0252795331199,48.211433370643,949.3359375</coordinates>
                    </Point>
                </Placemark>
                
                <Placemark>
                    <name>09:43:37 - 87 kts - 3113 ft</name>
                    <visibility>0</visibility>
                    <description>latitude: 48.206680
longitude: 2.026522
altitude: 949 m / 3113 ft
elevation: 128 m / 420 ft
course: 171°
speed: 87 kts
</description>
                    <LookAt>
                        <longitude>2.026521898808</longitude>
                        <latitude>48.206680286721</latitude>
                        <altitude>0</altitude>
                        <heading>0</heading>
                        <tilt>70</tilt>
                        <range>3000</range>
                        <gx:altitudeMode>relativeToSeaFloor</gx:altitudeMode>
                    </LookAt>
                    <styleUrl>#msn_ylw-pushpin0</styleUrl>
                    <Point>
                        <extrude>1</extrude>
                        <altitudeMode>absolute</altitudeMode>
                        <gx:drawOrder>1</gx:drawOrder>
                        <coordinates>2.026521898808,48.206680286721,948.79992675781</coordinates>
                    </Point>
                </Placemark>
                
                <Placemark>
                    <name>09:43:50 - 87 kts - 3114 ft</name>
                    <visibility>0</visibility>
                    <description>latitude: 48.201946
longitude: 2.027723
altitude: 949 m / 3114 ft
elevation: 130 m / 427 ft
course: 170°
speed: 87 kts
</description>
                    <LookAt>
                        <longitude>2.0277234446276</longitude>
                        <latitude>48.201945642986</latitude>
                        <altitude>0</altitude>
                        <heading>0</heading>
                        <tilt>70</tilt>
                        <range>3000</range>
                        <gx:altitudeMode>relativeToSeaFloor</gx:altitudeMode>
                    </LookAt>
                    <styleUrl>#msn_ylw-pushpin0</styleUrl>
                    <Point>
                        <extrude>1</extrude>
                        <altitudeMode>absolute</altitudeMode>
                        <gx:drawOrder>1</gx:drawOrder>
                        <coordinates>2.0277234446276,48.201945642986,949.13891601562</coordinates>
                    </Point>
                </Placemark>
                
                <Placemark>
                    <name>09:44:02 - 87 kts - 3117 ft</name>
                    <visibility>0</visibility>
                    <description>latitude: 48.197210
longitude: 2.029047
altitude: 950 m / 3117 ft
elevation: 134 m / 440 ft
course: 169°
speed: 87 kts
</description>
                    <LookAt>
                        <longitude>2.0290469471384</longitude>
                        <latitude>48.19721016106</latitude>
                        <altitude>0</altitude>
                        <heading>0</heading>
                        <tilt>70</tilt>
                        <range>3000</range>
                        <gx:altitudeMode>relativeToSeaFloor</gx:altitudeMode>
                    </LookAt>
                    <styleUrl>#msn_ylw-pushpin0</styleUrl>
                    <Point>
                        <extrude>1</extrude>
                        <altitudeMode>absolute</altitudeMode>
                        <gx:drawOrder>1</gx:drawOrder>
                        <coordinates>2.0290469471384,48.19721016106,949.91772460938</coordinates>
                    </Point>
                </Placemark>
                
                <Placemark>
                    <name>09:44:14 - 87 kts - 3113 ft</name>
                    <visibility>0</visibility>
                    <description>latitude: 48.192458
longitude: 2.030324
altitude: 949 m / 3113 ft
elevation: 130 m / 427 ft
course: 171°
speed: 87 kts
</description>
                    <LookAt>
                        <longitude>2.0303240139056</longitude>
                        <latitude>48.192458041057</latitude>
                        <altitude>0</altitude>
                        <heading>0</heading>
                        <tilt>70</tilt>
                        <range>3000</range>
                        <gx:altitudeMode>relativeToSeaFloor</gx:altitudeMode>
                    </LookAt>
                    <styleUrl>#msn_ylw-pushpin0</styleUrl>
                    <Point>
                        <extrude>1</extrude>
                        <altitudeMode>absolute</altitudeMode>
                        <gx:drawOrder>1</gx:drawOrder>
                        <coordinates>2.0303240139056,48.192458041057,948.90051269531</coordinates>
                    </Point>
                </Placemark>
                
                <Placemark>
                    <name>09:44:26 - 87 kts - 3115 ft</name>
                    <visibility>0</visibility>
                    <description>latitude: 48.187686
longitude: 2.031487
altitude: 949 m / 3115 ft
elevation: 127 m / 417 ft
course: 171°
speed: 87 kts
</description>
                    <LookAt>
                        <longitude>2.0314866676946</longitude>
                        <latitude>48.18768634931</latitude>
                        <altitude>0</altitude>
                        <heading>0</heading>
                        <tilt>70</tilt>
                        <range>3000</range>
                        <gx:altitudeMode>relativeToSeaFloor</gx:altitudeMode>
                    </LookAt>
                    <styleUrl>#msn_ylw-pushpin0</styleUrl>
                    <Point>
                        <extrude>1</extrude>
                        <altitudeMode>absolute</altitudeMode>
                        <gx:drawOrder>1</gx:drawOrder>
                        <coordinates>2.0314866676946,48.18768634931,949.35522460938</coordinates>
                    </Point>
                </Placemark>
                
                <Placemark>
                    <name>09:44:38 - 87 kts - 3117 ft</name>
                    <visibility>0</visibility>
                    <description>latitude: 48.182948
longitude: 2.032736
altitude: 950 m / 3117 ft
elevation: 125 m / 410 ft
course: 169°
speed: 87 kts
</description>
                    <LookAt>
                        <longitude>2.0327360741813</longitude>
                        <latitude>48.182947682262</latitude>
                        <altitude>0</altitude>
                        <heading>0</heading>
                        <tilt>70</tilt>
                        <range>3000</range>
                        <gx:altitudeMode>relativeToSeaFloor</gx:altitudeMode>
                    </LookAt>
                    <styleUrl>#msn_ylw-pushpin0</styleUrl>
                    <Point>
                        <extrude>1</extrude>
                        <altitudeMode>absolute</altitudeMode>
                        <gx:drawOrder>1</gx:drawOrder>
                        <coordinates>2.0327360741813,48.182947682262,950.01171875</coordinates>
                    </Point>
                </Placemark>
                
                <Placemark>
                    <name>09:44:50 - 87 kts - 3118 ft</name>
                    <visibility>0</visibility>
                    <description>latitude: 48.178214
longitude: 2.034149
altitude: 950 m / 3118 ft
elevation: 132 m / 433 ft
course: 168°
speed: 87 kts
</description>
                    <LookAt>
                        <longitude>2.0341489277799</longitude>
                        <latitude>48.178214170084</latitude>
                        <altitude>0</altitude>
                        <heading>0</heading>
                        <tilt>70</tilt>
                        <range>3000</range>
                        <gx:altitudeMode>relativeToSeaFloor</gx:altitudeMode>
                    </LookAt>
                    <styleUrl>#msn_ylw-pushpin0</styleUrl>
                    <Point>
                        <extrude>1</extrude>
                        <altitudeMode>absolute</altitudeMode>
                        <gx:drawOrder>1</gx:drawOrder>
                        <coordinates>2.0341489277799,48.178214170084,950.48388671875</coordinates>
                    </Point>
                </Placemark>
                
                <Placemark>
                    <name>09:45:02 - 87 kts - 3118 ft</name>
                    <visibility>0</visibility>
                    <description>latitude: 48.173458
longitude: 2.035496
altitude: 950 m / 3118 ft
elevation: 128 m / 420 ft
course: 170°
speed: 87 kts
</description>
                    <LookAt>
                        <longitude>2.0354961510767</longitude>
                        <latitude>48.17345777531</latitude>
                        <altitude>0</altitude>
                        <heading>0</heading>
                        <tilt>70</tilt>
                        <range>3000</range>
                        <gx:altitudeMode>relativeToSeaFloor</gx:altitudeMode>
                    </LookAt>
                    <styleUrl>#msn_ylw-pushpin0</styleUrl>
                    <Point>
                        <extrude>1</extrude>
                        <altitudeMode>absolute</altitudeMode>
                        <gx:drawOrder>1</gx:drawOrder>
                        <coordinates>2.0354961510767,48.17345777531,950.46826171875</coordinates>
                    </Point>
                </Placemark>
                
                <Placemark>
                    <name>09:45:14 - 87 kts - 3123 ft</name>
                    <visibility>0</visibility>
                    <description>latitude: 48.168688
longitude: 2.036657
altitude: 952 m / 3123 ft
elevation: 131 m / 430 ft
course: 171°
speed: 87 kts
</description>
                    <LookAt>
                        <longitude>2.036657128485</longitude>
                        <latitude>48.168688220948</latitude>
                        <altitude>0</altitude>
                        <heading>0</heading>
                        <tilt>70</tilt>
                        <range>3000</range>
                        <gx:altitudeMode>relativeToSeaFloor</gx:altitudeMode>
                    </LookAt>
                    <styleUrl>#msn_ylw-pushpin0</styleUrl>
                    <Point>
                        <extrude>1</extrude>
                        <altitudeMode>absolute</altitudeMode>
                        <gx:drawOrder>1</gx:drawOrder>
                        <coordinates>2.036657128485,48.168688220948,951.95581054688</coordinates>
                    </Point>
                </Placemark>
                
                <Placemark>
                    <name>09:45:25 - 87 kts - 3122 ft</name>
                    <visibility>0</visibility>
                    <description>latitude: 48.163899
longitude: 2.037856
altitude: 951 m / 3122 ft
elevation: 128 m / 420 ft
course: 171°
speed: 87 kts
</description>
                    <LookAt>
                        <longitude>2.0378564950098</longitude>
                        <latitude>48.163899136752</latitude>
                        <altitude>0</altitude>
                        <heading>0</heading>
                        <tilt>70</tilt>
                        <range>3000</range>
                        <gx:altitudeMode>relativeToSeaFloor</gx:altitudeMode>
                    </LookAt>
                    <styleUrl>#msn_ylw-pushpin0</styleUrl>
                    <Point>
                        <extrude>1</extrude>
                        <altitudeMode>absolute</altitudeMode>
                        <gx:drawOrder>1</gx:drawOrder>
                        <coordinates>2.0378564950098,48.163899136752,951.4658203125</coordinates>
                    </Point>
                </Placemark>
                
                <Placemark>
                    <name>09:45:37 - 87 kts - 3125 ft</name>
                    <visibility>0</visibility>
                    <description>latitude: 48.159118
longitude: 2.039079
altitude: 953 m / 3125 ft
elevation: 127 m / 417 ft
course: 170°
speed: 87 kts
</description>
                    <LookAt>
                        <longitude>2.0390794146825</longitude>
                        <latitude>48.15911835064</latitude>
                        <altitude>0</altitude>
                        <heading>0</heading>
                        <tilt>70</tilt>
                        <range>3000</range>
                        <gx:altitudeMode>relativeToSeaFloor</gx:altitudeMode>
                    </LookAt>
                    <styleUrl>#msn_ylw-pushpin0</styleUrl>
                    <Point>
                        <extrude>1</extrude>
                        <altitudeMode>absolute</altitudeMode>
                        <gx:drawOrder>1</gx:drawOrder>
                        <coordinates>2.0390794146825,48.15911835064,952.56274414062</coordinates>
                    </Point>
                </Placemark>
                
                <Placemark>
                    <name>09:45:50 - 87 kts - 3124 ft</name>
                    <visibility>0</visibility>
                    <description>latitude: 48.154344
longitude: 2.040388
altitude: 952 m / 3124 ft
elevation: 128 m / 420 ft
course: 169°
speed: 87 kts
</description>
                    <LookAt>
                        <longitude>2.0403880812247</longitude>
                        <latitude>48.154344186232</latitude>
                        <altitude>0</altitude>
                        <heading>0</heading>
                        <tilt>70</tilt>
                        <range>3000</range>
                        <gx:altitudeMode>relativeToSeaFloor</gx:altitudeMode>
                    </LookAt>
                    <styleUrl>#msn_ylw-pushpin0</styleUrl>
                    <Point>
                        <extrude>1</extrude>
                        <altitudeMode>absolute</altitudeMode>
                        <gx:drawOrder>1</gx:drawOrder>
                        <coordinates>2.0403880812247,48.154344186232,952.19384765625</coordinates>
                    </Point>
                </Placemark>
                
                <Placemark>
                    <name>09:46:02 - 88 kts - 3126 ft</name>
                    <visibility>0</visibility>
                    <description>latitude: 48.149580
longitude: 2.041755
altitude: 953 m / 3126 ft
elevation: 128 m / 420 ft
course: 169°
speed: 88 kts
</description>
                    <LookAt>
                        <longitude>2.041755169632</longitude>
                        <latitude>48.149579870559</latitude>
                        <altitude>0</altitude>
                        <heading>0</heading>
                        <tilt>70</tilt>
                        <range>3000</range>
                        <gx:altitudeMode>relativeToSeaFloor</gx:altitudeMode>
                    </LookAt>
                    <styleUrl>#msn_ylw-pushpin0</styleUrl>
                    <Point>
                        <extrude>1</extrude>
                        <altitudeMode>absolute</altitudeMode>
                        <gx:drawOrder>1</gx:drawOrder>
                        <coordinates>2.041755169632,48.149579870559,952.83850097656</coordinates>
                    </Point>
                </Placemark>
                
                <Placemark>
                    <name>09:46:14 - 88 kts - 3127 ft</name>
                    <visibility>0</visibility>
                    <description>latitude: 48.144800
longitude: 2.043154
altitude: 953 m / 3127 ft
elevation: 131 m / 430 ft
course: 169°
speed: 88 kts
</description>
                    <LookAt>
                        <longitude>2.0431542769093</longitude>
                        <latitude>48.144800006457</latitude>
                        <altitude>0</altitude>
                        <heading>0</heading>
                        <tilt>70</tilt>
                        <range>3000</range>
                        <gx:altitudeMode>relativeToSeaFloor</gx:altitudeMode>
                    </LookAt>
                    <styleUrl>#msn_ylw-pushpin0</styleUrl>
                    <Point>
                        <extrude>1</extrude>
                        <altitudeMode>absolute</altitudeMode>
                        <gx:drawOrder>1</gx:drawOrder>
                        <coordinates>2.0431542769093,48.144800006457,953.08251953125</coordinates>
                    </Point>
                </Placemark>
                
                <Placemark>
                    <name>09:46:26 - 88 kts - 3126 ft</name>
                    <visibility>0</visibility>
                    <description>latitude: 48.139999
longitude: 2.044460
altitude: 953 m / 3126 ft
elevation: 132 m / 433 ft
course: 170°
speed: 88 kts
</description>
                    <LookAt>
                        <longitude>2.0444598421473</longitude>
                        <latitude>48.139999103777</latitude>
                        <altitude>0</altitude>
                        <heading>0</heading>
                        <tilt>70</tilt>
                        <range>3000</range>
                        <gx:altitudeMode>relativeToSeaFloor</gx:altitudeMode>
                    </LookAt>
                    <styleUrl>#msn_ylw-pushpin0</styleUrl>
                    <Point>
                        <extrude>1</extrude>
                        <altitudeMode>absolute</altitudeMode>
                        <gx:drawOrder>1</gx:drawOrder>
                        <coordinates>2.0444598421473,48.139999103777,952.873046875</coordinates>
                    </Point>
                </Placemark>
                
                <Placemark>
                    <name>09:46:38 - 88 kts - 3125 ft</name>
                    <visibility>0</visibility>
                    <description>latitude: 48.135191
longitude: 2.045717
altitude: 953 m / 3125 ft
elevation: 127 m / 417 ft
course: 170°
speed: 88 kts
</description>
                    <LookAt>
                        <longitude>2.0457172114421</longitude>
                        <latitude>48.135190699294</latitude>
                        <altitude>0</altitude>
                        <heading>0</heading>
                        <tilt>70</tilt>
                        <range>3000</range>
                        <gx:altitudeMode>relativeToSeaFloor</gx:altitudeMode>
                    </LookAt>
                    <styleUrl>#msn_ylw-pushpin0</styleUrl>
                    <Point>
                        <extrude>1</extrude>
                        <altitudeMode>absolute</altitudeMode>
                        <gx:drawOrder>1</gx:drawOrder>
                        <coordinates>2.0457172114421,48.135190699294,952.59936523438</coordinates>
                    </Point>
                </Placemark>
                
                <Placemark>
                    <name>09:46:50 - 88 kts - 3124 ft</name>
                    <visibility>0</visibility>
                    <description>latitude: 48.130385
longitude: 2.046902
altitude: 952 m / 3124 ft
elevation: 123 m / 404 ft
course: 171°
speed: 88 kts
</description>
                    <LookAt>
                        <longitude>2.0469022449125</longitude>
                        <latitude>48.130384767473</latitude>
                        <altitude>0</altitude>
                        <heading>0</heading>
                        <tilt>70</tilt>
                        <range>3000</range>
                        <gx:altitudeMode>relativeToSeaFloor</gx:altitudeMode>
                    </LookAt>
                    <styleUrl>#msn_ylw-pushpin0</styleUrl>
                    <Point>
                        <extrude>1</extrude>
                        <altitudeMode>absolute</altitudeMode>
                        <gx:drawOrder>1</gx:drawOrder>
                        <coordinates>2.0469022449125,48.130384767473,952.31921386719</coordinates>
                    </Point>
                </Placemark>
                
                <Placemark>
                    <name>09:47:02 - 88 kts - 3124 ft</name>
                    <visibility>0</visibility>
                    <description>latitude: 48.125592
longitude: 2.048186
altitude: 952 m / 3124 ft
elevation: 121 m / 397 ft
course: 169°
speed: 88 kts
</description>
                    <LookAt>
                        <longitude>2.0481860172023</longitude>
                        <latitude>48.125592456244</latitude>
                        <altitude>0</altitude>
                        <heading>0</heading>
                        <tilt>70</tilt>
                        <range>3000</range>
                        <gx:altitudeMode>relativeToSeaFloor</gx:altitudeMode>
                    </LookAt>
                    <styleUrl>#msn_ylw-pushpin0</styleUrl>
                    <Point>
                        <extrude>1</extrude>
                        <altitudeMode>absolute</altitudeMode>
                        <gx:drawOrder>1</gx:drawOrder>
                        <coordinates>2.0481860172023,48.125592456244,952.13623046875</coordinates>
                    </Point>
                </Placemark>
                
                <Placemark>
                    <name>09:47:14 - 88 kts - 3127 ft</name>
                    <visibility>0</visibility>
                    <description>latitude: 48.120809
longitude: 2.049514
altitude: 953 m / 3127 ft
elevation: 123 m / 404 ft
course: 169°
speed: 88 kts
</description>
                    <LookAt>
                        <longitude>2.0495144650359</longitude>
                        <latitude>48.120809448928</latitude>
                        <altitude>0</altitude>
                        <heading>0</heading>
                        <tilt>70</tilt>
                        <range>3000</range>
                        <gx:altitudeMode>relativeToSeaFloor</gx:altitudeMode>
                    </LookAt>
                    <styleUrl>#msn_ylw-pushpin0</styleUrl>
                    <Point>
                        <extrude>1</extrude>
                        <altitudeMode>absolute</altitudeMode>
                        <gx:drawOrder>1</gx:drawOrder>
                        <coordinates>2.0495144650359,48.120809448928,953.15942382812</coordinates>
                    </Point>
                </Placemark>
                
                <Placemark>
                    <name>09:47:25 - 88 kts - 3129 ft</name>
                    <visibility>0</visibility>
                    <description>latitude: 48.116019
longitude: 2.050931
altitude: 954 m / 3129 ft
elevation: 127 m / 417 ft
course: 169°
speed: 88 kts
</description>
                    <LookAt>
                        <longitude>2.050931341948</longitude>
                        <latitude>48.11601881408</latitude>
                        <altitude>0</altitude>
                        <heading>0</heading>
                        <tilt>70</tilt>
                        <range>3000</range>
                        <gx:altitudeMode>relativeToSeaFloor</gx:altitudeMode>
                    </LookAt>
                    <styleUrl>#msn_ylw-pushpin0</styleUrl>
                    <Point>
                        <extrude>1</extrude>
                        <altitudeMode>absolute</altitudeMode>
                        <gx:drawOrder>1</gx:drawOrder>
                        <coordinates>2.050931341948,48.11601881408,953.8125</coordinates>
                    </Point>
                </Placemark>
                
                <Placemark>
                    <name>09:47:37 - 88 kts - 3127 ft</name>
                    <visibility>0</visibility>
                    <description>latitude: 48.111207
longitude: 2.052242
altitude: 953 m / 3127 ft
elevation: 124 m / 407 ft
course: 170°
speed: 88 kts
</description>
                    <LookAt>
                        <longitude>2.052242103966</longitude>
                        <latitude>48.111206847288</latitude>
                        <altitude>0</altitude>
                        <heading>0</heading>
                        <tilt>70</tilt>
                        <range>3000</range>
                        <gx:altitudeMode>relativeToSeaFloor</gx:altitudeMode>
                    </LookAt>
                    <styleUrl>#msn_ylw-pushpin0</styleUrl>
                    <Point>
                        <extrude>1</extrude>
                        <altitudeMode>absolute</altitudeMode>
                        <gx:drawOrder>1</gx:drawOrder>
                        <coordinates>2.052242103966,48.111206847288,953.23876953125</coordinates>
                    </Point>
                </Placemark>
                
                <Placemark>
                    <name>09:47:50 - 88 kts - 3128 ft</name>
                    <visibility>0</visibility>
                    <description>latitude: 48.106405
longitude: 2.053461
altitude: 953 m / 3128 ft
elevation: 125 m / 410 ft
course: 171°
speed: 88 kts
</description>
                    <LookAt>
                        <longitude>2.0534609165062</longitude>
                        <latitude>48.106404645413</latitude>
                        <altitude>0</altitude>
                        <heading>0</heading>
                        <tilt>70</tilt>
                        <range>3000</range>
                        <gx:altitudeMode>relativeToSeaFloor</gx:altitudeMode>
                    </LookAt>
                    <styleUrl>#msn_ylw-pushpin0</styleUrl>
                    <Point>
                        <extrude>1</extrude>
                        <altitudeMode>absolute</altitudeMode>
                        <gx:drawOrder>1</gx:drawOrder>
                        <coordinates>2.0534609165062,48.106404645413,953.48999023438</coordinates>
                    </Point>
                </Placemark>
                
                <Placemark>
                    <name>09:48:02 - 87 kts - 3127 ft</name>
                    <visibility>0</visibility>
                    <description>latitude: 48.101614
longitude: 2.054643
altitude: 953 m / 3127 ft
elevation: 123 m / 404 ft
course: 171°
speed: 87 kts
</description>
                    <LookAt>
                        <longitude>2.0546434354056</longitude>
                        <latitude>48.101614387751</latitude>
                        <altitude>0</altitude>
                        <heading>0</heading>
                        <tilt>70</tilt>
                        <range>3000</range>
                        <gx:altitudeMode>relativeToSeaFloor</gx:altitudeMode>
                    </LookAt>
                    <styleUrl>#msn_ylw-pushpin0</styleUrl>
                    <Point>
                        <extrude>1</extrude>
                        <altitudeMode>absolute</altitudeMode>
                        <gx:drawOrder>1</gx:drawOrder>
                        <coordinates>2.0546434354056,48.101614387751,953.0126953125</coordinates>
                    </Point>
                </Placemark>
                
                <Placemark>
                    <name>09:48:14 - 87 kts - 3130 ft</name>
                    <visibility>0</visibility>
                    <description>latitude: 48.096844
longitude: 2.055865
altitude: 954 m / 3130 ft
elevation: 124 m / 407 ft
course: 170°
speed: 87 kts
</description>
                    <LookAt>
                        <longitude>2.0558651816119</longitude>
                        <latitude>48.096843953289</latitude>
                        <altitude>0</altitude>
                        <heading>0</heading>
                        <tilt>70</tilt>
                        <range>3000</range>
                        <gx:altitudeMode>relativeToSeaFloor</gx:altitudeMode>
                    </LookAt>
                    <styleUrl>#msn_ylw-pushpin0</styleUrl>
                    <Point>
                        <extrude>1</extrude>
                        <altitudeMode>absolute</altitudeMode>
                        <gx:drawOrder>1</gx:drawOrder>
                        <coordinates>2.0558651816119,48.096843953289,954.10852050781</coordinates>
                    </Point>
                </Placemark>
                
                <Placemark>
                    <name>09:48:26 - 87 kts - 3129 ft</name>
                    <visibility>0</visibility>
                    <description>latitude: 48.092082
longitude: 2.057189
altitude: 954 m / 3129 ft
elevation: 125 m / 410 ft
course: 169°
speed: 87 kts
</description>
                    <LookAt>
                        <longitude>2.0571891032178</longitude>
                        <latitude>48.092082194097</latitude>
                        <altitude>0</altitude>
                        <heading>0</heading>
                        <tilt>70</tilt>
                        <range>3000</range>
                        <gx:altitudeMode>relativeToSeaFloor</gx:altitudeMode>
                    </LookAt>
                    <styleUrl>#msn_ylw-pushpin0</styleUrl>
                    <Point>
                        <extrude>1</extrude>
                        <altitudeMode>absolute</altitudeMode>
                        <gx:drawOrder>1</gx:drawOrder>
                        <coordinates>2.0571891032178,48.092082194097,953.85632324219</coordinates>
                    </Point>
                </Placemark>
                
                <Placemark>
                    <name>09:48:38 - 87 kts - 3130 ft</name>
                    <visibility>0</visibility>
                    <description>latitude: 48.087315
longitude: 2.058566
altitude: 954 m / 3130 ft
elevation: 121 m / 397 ft
course: 169°
speed: 87 kts
</description>
                    <LookAt>
                        <longitude>2.058566333728</longitude>
                        <latitude>48.087314651392</latitude>
                        <altitude>0</altitude>
                        <heading>0</heading>
                        <tilt>70</tilt>
                        <range>3000</range>
                        <gx:altitudeMode>relativeToSeaFloor</gx:altitudeMode>
                    </LookAt>
                    <styleUrl>#msn_ylw-pushpin0</styleUrl>
                    <Point>
                        <extrude>1</extrude>
                        <altitudeMode>absolute</altitudeMode>
                        <gx:drawOrder>1</gx:drawOrder>
                        <coordinates>2.058566333728,48.087314651392,954.00537109375</coordinates>
                    </Point>
                </Placemark>
                
                <Placemark>
                    <name>09:48:50 - 87 kts - 3127 ft</name>
                    <visibility>0</visibility>
                    <description>latitude: 48.082559
longitude: 2.059980
altitude: 953 m / 3127 ft
elevation: 121 m / 397 ft
course: 169°
speed: 87 kts
</description>
                    <LookAt>
                        <longitude>2.059980276974</longitude>
                        <latitude>48.082558885261</latitude>
                        <altitude>0</altitude>
                        <heading>0</heading>
                        <tilt>70</tilt>
                        <range>3000</range>
                        <gx:altitudeMode>relativeToSeaFloor</gx:altitudeMode>
                    </LookAt>
                    <styleUrl>#msn_ylw-pushpin0</styleUrl>
                    <Point>
                        <extrude>1</extrude>
                        <altitudeMode>absolute</altitudeMode>
                        <gx:drawOrder>1</gx:drawOrder>
                        <coordinates>2.059980276974,48.082558885261,953.14660644531</coordinates>
                    </Point>
                </Placemark>
                
                <Placemark>
                    <name>09:49:02 - 87 kts - 3131 ft</name>
                    <visibility>0</visibility>
                    <description>latitude: 48.077808
longitude: 2.061378
altitude: 954 m / 3131 ft
elevation: 123 m / 404 ft
course: 169°
speed: 87 kts
</description>
                    <LookAt>
                        <longitude>2.0613780431469</longitude>
                        <latitude>48.077807561539</latitude>
                        <altitude>0</altitude>
                        <heading>0</heading>
                        <tilt>70</tilt>
                        <range>3000</range>
                        <gx:altitudeMode>relativeToSeaFloor</gx:altitudeMode>
                    </LookAt>
                    <styleUrl>#msn_ylw-pushpin0</styleUrl>
                    <Point>
                        <extrude>1</extrude>
                        <altitudeMode>absolute</altitudeMode>
                        <gx:drawOrder>1</gx:drawOrder>
                        <coordinates>2.0613780431469,48.077807561539,954.30395507812</coordinates>
                    </Point>
                </Placemark>
                
                <Placemark>
                    <name>09:49:14 - 87 kts - 3127 ft</name>
                    <visibility>0</visibility>
                    <description>latitude: 48.073036
longitude: 2.062665
altitude: 953 m / 3127 ft
elevation: 124 m / 407 ft
course: 171°
speed: 87 kts
</description>
                    <LookAt>
                        <longitude>2.0626648329218</longitude>
                        <latitude>48.073036330797</latitude>
                        <altitude>0</altitude>
                        <heading>0</heading>
                        <tilt>70</tilt>
                        <range>3000</range>
                        <gx:altitudeMode>relativeToSeaFloor</gx:altitudeMode>
                    </LookAt>
                    <styleUrl>#msn_ylw-pushpin0</styleUrl>
                    <Point>
                        <extrude>1</extrude>
                        <altitudeMode>absolute</altitudeMode>
                        <gx:drawOrder>1</gx:drawOrder>
                        <coordinates>2.0626648329218,48.073036330797,953.1025390625</coordinates>
                    </Point>
                </Placemark>
                
                <Placemark>
                    <name>09:49:26 - 87 kts - 3126 ft</name>
                    <visibility>0</visibility>
                    <description>latitude: 48.068250
longitude: 2.063748
altitude: 953 m / 3126 ft
elevation: 125 m / 410 ft
course: 172°
speed: 87 kts
</description>
                    <LookAt>
                        <longitude>2.0637479424496</longitude>
                        <latitude>48.06824992881</latitude>
                        <altitude>0</altitude>
                        <heading>0</heading>
                        <tilt>70</tilt>
                        <range>3000</range>
                        <gx:altitudeMode>relativeToSeaFloor</gx:altitudeMode>
                    </LookAt>
                    <styleUrl>#msn_ylw-pushpin0</styleUrl>
                    <Point>
                        <extrude>1</extrude>
                        <altitudeMode>absolute</altitudeMode>
                        <gx:drawOrder>1</gx:drawOrder>
                        <coordinates>2.0637479424496,48.06824992881,952.92712402344</coordinates>
                    </Point>
                </Placemark>
                
                <Placemark>
                    <name>09:49:37 - 87 kts - 3125 ft</name>
                    <visibility>0</visibility>
                    <description>latitude: 48.063468
longitude: 2.064899
altitude: 953 m / 3125 ft
elevation: 125 m / 410 ft
course: 171°
speed: 87 kts
</description>
                    <LookAt>
                        <longitude>2.064898693936</longitude>
                        <latitude>48.063467592046</latitude>
                        <altitude>0</altitude>
                        <heading>0</heading>
                        <tilt>70</tilt>
                        <range>3000</range>
                        <gx:altitudeMode>relativeToSeaFloor</gx:altitudeMode>
                    </LookAt>
                    <styleUrl>#msn_ylw-pushpin0</styleUrl>
                    <Point>
                        <extrude>1</extrude>
                        <altitudeMode>absolute</altitudeMode>
                        <gx:drawOrder>1</gx:drawOrder>
                        <coordinates>2.064898693936,48.063467592046,952.5703125</coordinates>
                    </Point>
                </Placemark>
                
                <Placemark>
                    <name>09:49:50 - 87 kts - 3129 ft</name>
                    <visibility>0</visibility>
                    <description>latitude: 48.058697
longitude: 2.066173
altitude: 954 m / 3129 ft
elevation: 131 m / 430 ft
course: 169°
speed: 87 kts
</description>
                    <LookAt>
                        <longitude>2.0661731623132</longitude>
                        <latitude>48.058696528941</latitude>
                        <altitude>0</altitude>
                        <heading>0</heading>
                        <tilt>70</tilt>
                        <range>3000</range>
                        <gx:altitudeMode>relativeToSeaFloor</gx:altitudeMode>
                    </LookAt>
                    <styleUrl>#msn_ylw-pushpin0</styleUrl>
                    <Point>
                        <extrude>1</extrude>
                        <altitudeMode>absolute</altitudeMode>
                        <gx:drawOrder>1</gx:drawOrder>
                        <coordinates>2.0661731623132,48.058696528941,953.65856933594</coordinates>
                    </Point>
                </Placemark>
                
                <Placemark>
                    <name>09:50:02 - 88 kts - 3129 ft</name>
                    <visibility>0</visibility>
                    <description>latitude: 48.053917
longitude: 2.067534
altitude: 954 m / 3129 ft
elevation: 153 m / 502 ft
course: 169°
speed: 88 kts
</description>
                    <LookAt>
                        <longitude>2.067533629017</longitude>
                        <latitude>48.053917000115</latitude>
                        <altitude>0</altitude>
                        <heading>0</heading>
                        <tilt>70</tilt>
                        <range>3000</range>
                        <gx:altitudeMode>relativeToSeaFloor</gx:altitudeMode>
                    </LookAt>
                    <styleUrl>#msn_ylw-pushpin0</styleUrl>
                    <Point>
                        <extrude>1</extrude>
                        <altitudeMode>absolute</altitudeMode>
                        <gx:drawOrder>1</gx:drawOrder>
                        <coordinates>2.067533629017,48.053917000115,953.81872558594</coordinates>
                    </Point>
                </Placemark>
                
                <Placemark>
                    <name>09:50:13 - 89 kts - 3128 ft</name>
                    <visibility>0</visibility>
                    <description>latitude: 48.049500
longitude: 2.068830
altitude: 953 m / 3128 ft
elevation: 141 m / 463 ft
course: 169°
speed: 89 kts
</description>
                    <LookAt>
                        <longitude>2.0688302256186</longitude>
                        <latitude>48.049499904782</latitude>
                        <altitude>0</altitude>
                        <heading>0</heading>
                        <tilt>70</tilt>
                        <range>3000</range>
                        <gx:altitudeMode>relativeToSeaFloor</gx:altitudeMode>
                    </LookAt>
                    <styleUrl>#msn_ylw-pushpin0</styleUrl>
                    <Point>
                        <extrude>1</extrude>
                        <altitudeMode>absolute</altitudeMode>
                        <gx:drawOrder>1</gx:drawOrder>
                        <coordinates>2.0688302256186,48.049499904782,953.26538085938</coordinates>
                    </Point>
                </Placemark>
                
                <Placemark>
                    <name>09:50:24 - 89 kts - 3129 ft</name>
                    <visibility>0</visibility>
                    <description>latitude: 48.045065
longitude: 2.070048
altitude: 954 m / 3129 ft
elevation: 135 m / 443 ft
course: 171°
speed: 89 kts
</description>
                    <LookAt>
                        <longitude>2.0700477808733</longitude>
                        <latitude>48.045064830266</latitude>
                        <altitude>0</altitude>
                        <heading>0</heading>
                        <tilt>70</tilt>
                        <range>3000</range>
                        <gx:altitudeMode>relativeToSeaFloor</gx:altitudeMode>
                    </LookAt>
                    <styleUrl>#msn_ylw-pushpin0</styleUrl>
                    <Point>
                        <extrude>1</extrude>
                        <altitudeMode>absolute</altitudeMode>
                        <gx:drawOrder>1</gx:drawOrder>
                        <coordinates>2.0700477808733,48.045064830266,953.78576660156</coordinates>
                    </Point>
                </Placemark>
                
                <Placemark>
                    <name>09:50:35 - 89 kts - 3129 ft</name>
                    <visibility>0</visibility>
                    <description>latitude: 48.040607
longitude: 2.071141
altitude: 954 m / 3129 ft
elevation: 134 m / 440 ft
course: 171°
speed: 89 kts
</description>
                    <LookAt>
                        <longitude>2.0711405295898</longitude>
                        <latitude>48.040607040793</latitude>
                        <altitude>0</altitude>
                        <heading>0</heading>
                        <tilt>70</tilt>
                        <range>3000</range>
                        <gx:altitudeMode>relativeToSeaFloor</gx:altitudeMode>
                    </LookAt>
                    <styleUrl>#msn_ylw-pushpin0</styleUrl>
                    <Point>
                        <extrude>1</extrude>
                        <altitudeMode>absolute</altitudeMode>
                        <gx:drawOrder>1</gx:drawOrder>
                        <coordinates>2.0711405295898,48.040607040793,953.79760742188</coordinates>
                    </Point>
                </Placemark>
                
                <Placemark>
                    <name>09:50:46 - 89 kts - 3133 ft</name>
                    <visibility>0</visibility>
                    <description>latitude: 48.036147
longitude: 2.072246
altitude: 955 m / 3133 ft
elevation: 135 m / 443 ft
course: 171°
speed: 89 kts
</description>
                    <LookAt>
                        <longitude>2.0722462702562</longitude>
                        <latitude>48.03614661102</latitude>
                        <altitude>0</altitude>
                        <heading>0</heading>
                        <tilt>70</tilt>
                        <range>3000</range>
                        <gx:altitudeMode>relativeToSeaFloor</gx:altitudeMode>
                    </LookAt>
                    <styleUrl>#msn_ylw-pushpin0</styleUrl>
                    <Point>
                        <extrude>1</extrude>
                        <altitudeMode>absolute</altitudeMode>
                        <gx:drawOrder>1</gx:drawOrder>
                        <coordinates>2.0722462702562,48.03614661102,955.08190917969</coordinates>
                    </Point>
                </Placemark>
                
                <Placemark>
                    <name>09:50:57 - 89 kts - 3132 ft</name>
                    <visibility>0</visibility>
                    <description>latitude: 48.031664
longitude: 2.073335
altitude: 955 m / 3132 ft
elevation: 149 m / 489 ft
course: 171°
speed: 89 kts
</description>
                    <LookAt>
                        <longitude>2.0733354147543</longitude>
                        <latitude>48.031663843475</latitude>
                        <altitude>0</altitude>
                        <heading>0</heading>
                        <tilt>70</tilt>
                        <range>3000</range>
                        <gx:altitudeMode>relativeToSeaFloor</gx:altitudeMode>
                    </LookAt>
                    <styleUrl>#msn_ylw-pushpin0</styleUrl>
                    <Point>
                        <extrude>1</extrude>
                        <altitudeMode>absolute</altitudeMode>
                        <gx:drawOrder>1</gx:drawOrder>
                        <coordinates>2.0733354147543,48.031663843475,954.56457519531</coordinates>
                    </Point>
                </Placemark>
                
                <Placemark>
                    <name>09:51:08 - 90 kts - 3132 ft</name>
                    <visibility>0</visibility>
                    <description>latitude: 48.027172
longitude: 2.074462
altitude: 954 m / 3132 ft
elevation: 148 m / 486 ft
course: 170°
speed: 90 kts
</description>
                    <LookAt>
                        <longitude>2.0744623616357</longitude>
                        <latitude>48.02717160438</latitude>
                        <altitude>0</altitude>
                        <heading>0</heading>
                        <tilt>70</tilt>
                        <range>3000</range>
                        <gx:altitudeMode>relativeToSeaFloor</gx:altitudeMode>
                    </LookAt>
                    <styleUrl>#msn_ylw-pushpin0</styleUrl>
                    <Point>
                        <extrude>1</extrude>
                        <altitudeMode>absolute</altitudeMode>
                        <gx:drawOrder>1</gx:drawOrder>
                        <coordinates>2.0744623616357,48.02717160438,954.48608398438</coordinates>
                    </Point>
                </Placemark>
                
                <Placemark>
                    <name>09:51:19 - 90 kts - 3127 ft</name>
                    <visibility>0</visibility>
                    <description>latitude: 48.022667
longitude: 2.075674
altitude: 953 m / 3127 ft
elevation: 152 m / 499 ft
course: 169°
speed: 90 kts
</description>
                    <LookAt>
                        <longitude>2.0756742171963</longitude>
                        <latitude>48.022667127706</latitude>
                        <altitude>0</altitude>
                        <heading>0</heading>
                        <tilt>70</tilt>
                        <range>3000</range>
                        <gx:altitudeMode>relativeToSeaFloor</gx:altitudeMode>
                    </LookAt>
                    <styleUrl>#msn_ylw-pushpin0</styleUrl>
                    <Point>
                        <extrude>1</extrude>
                        <altitudeMode>absolute</altitudeMode>
                        <gx:drawOrder>1</gx:drawOrder>
                        <coordinates>2.0756742171963,48.022667127706,953.25439453125</coordinates>
                    </Point>
                </Placemark>
                
                <Placemark>
                    <name>09:51:30 - 90 kts - 3131 ft</name>
                    <visibility>0</visibility>
                    <description>latitude: 48.018163
longitude: 2.076921
altitude: 954 m / 3131 ft
elevation: 152 m / 499 ft
course: 169°
speed: 90 kts
</description>
                    <LookAt>
                        <longitude>2.076921025293</longitude>
                        <latitude>48.018162986308</latitude>
                        <altitude>0</altitude>
                        <heading>0</heading>
                        <tilt>70</tilt>
                        <range>3000</range>
                        <gx:altitudeMode>relativeToSeaFloor</gx:altitudeMode>
                    </LookAt>
                    <styleUrl>#msn_ylw-pushpin0</styleUrl>
                    <Point>
                        <extrude>1</extrude>
                        <altitudeMode>absolute</altitudeMode>
                        <gx:drawOrder>1</gx:drawOrder>
                        <coordinates>2.076921025293,48.018162986308,954.4658203125</coordinates>
                    </Point>
                </Placemark>
                
                <Placemark>
                    <name>09:51:40 - 89 kts - 3129 ft</name>
                    <visibility>0</visibility>
                    <description>latitude: 48.013690
longitude: 2.078189
altitude: 954 m / 3129 ft
elevation: 138 m / 453 ft
course: 169°
speed: 89 kts
</description>
                    <LookAt>
                        <longitude>2.0781887043287</longitude>
                        <latitude>48.013690402776</latitude>
                        <altitude>0</altitude>
                        <heading>0</heading>
                        <tilt>70</tilt>
                        <range>3000</range>
                        <gx:altitudeMode>relativeToSeaFloor</gx:altitudeMode>
                    </LookAt>
                    <styleUrl>#msn_ylw-pushpin0</styleUrl>
                    <Point>
                        <extrude>1</extrude>
                        <altitudeMode>absolute</altitudeMode>
                        <gx:drawOrder>1</gx:drawOrder>
                        <coordinates>2.0781887043287,48.013690402776,953.56909179688</coordinates>
                    </Point>
                </Placemark>
                
                <Placemark>
                    <name>09:51:51 - 89 kts - 3127 ft</name>
                    <visibility>0</visibility>
                    <description>latitude: 48.009233
longitude: 2.079455
altitude: 953 m / 3127 ft
elevation: 128 m / 420 ft
course: 169°
speed: 89 kts
</description>
                    <LookAt>
                        <longitude>2.0794552098979</longitude>
                        <latitude>48.009232655212</latitude>
                        <altitude>0</altitude>
                        <heading>0</heading>
                        <tilt>70</tilt>
                        <range>3000</range>
                        <gx:altitudeMode>relativeToSeaFloor</gx:altitudeMode>
                    </LookAt>
                    <styleUrl>#msn_ylw-pushpin0</styleUrl>
                    <Point>
                        <extrude>1</extrude>
                        <altitudeMode>absolute</altitudeMode>
                        <gx:drawOrder>1</gx:drawOrder>
                        <coordinates>2.0794552098979,48.009232655212,953.03784179688</coordinates>
                    </Point>
                </Placemark>
                
                <Placemark>
                    <name>09:52:03 - 88 kts - 3131 ft</name>
                    <visibility>0</visibility>
                    <description>latitude: 48.004803
longitude: 2.080696
altitude: 954 m / 3131 ft
elevation: 124 m / 407 ft
course: 169°
speed: 88 kts
</description>
                    <LookAt>
                        <longitude>2.0806958992054</longitude>
                        <latitude>48.00480336421</latitude>
                        <altitude>0</altitude>
                        <heading>0</heading>
                        <tilt>70</tilt>
                        <range>3000</range>
                        <gx:altitudeMode>relativeToSeaFloor</gx:altitudeMode>
                    </LookAt>
                    <styleUrl>#msn_ylw-pushpin0</styleUrl>
                    <Point>
                        <extrude>1</extrude>
                        <altitudeMode>absolute</altitudeMode>
                        <gx:drawOrder>1</gx:drawOrder>
                        <coordinates>2.0806958992054,48.00480336421,954.38110351562</coordinates>
                    </Point>
                </Placemark>
                
                <Placemark>
                    <name>09:52:15 - 88 kts - 3131 ft</name>
                    <visibility>0</visibility>
                    <description>latitude: 47.999984
longitude: 2.081994
altitude: 954 m / 3131 ft
elevation: 117 m / 384 ft
course: 170°
speed: 88 kts
</description>
                    <LookAt>
                        <longitude>2.0819936692734</longitude>
                        <latitude>47.99998431471</latitude>
                        <altitude>0</altitude>
                        <heading>0</heading>
                        <tilt>70</tilt>
                        <range>3000</range>
                        <gx:altitudeMode>relativeToSeaFloor</gx:altitudeMode>
                    </LookAt>
                    <styleUrl>#msn_ylw-pushpin0</styleUrl>
                    <Point>
                        <extrude>1</extrude>
                        <altitudeMode>absolute</altitudeMode>
                        <gx:drawOrder>1</gx:drawOrder>
                        <coordinates>2.0819936692734,47.99998431471,954.41357421875</coordinates>
                    </Point>
                </Placemark>
                
                <Placemark>
                    <name>09:52:27 - 88 kts - 3137 ft</name>
                    <visibility>0</visibility>
                    <description>latitude: 47.995170
longitude: 2.083252
altitude: 956 m / 3137 ft
elevation: 114 m / 374 ft
course: 170°
speed: 88 kts
</description>
                    <LookAt>
                        <longitude>2.0832515414824</longitude>
                        <latitude>47.995169875257</latitude>
                        <altitude>0</altitude>
                        <heading>0</heading>
                        <tilt>70</tilt>
                        <range>3000</range>
                        <gx:altitudeMode>relativeToSeaFloor</gx:altitudeMode>
                    </LookAt>
                    <styleUrl>#msn_ylw-pushpin0</styleUrl>
                    <Point>
                        <extrude>1</extrude>
                        <altitudeMode>absolute</altitudeMode>
                        <gx:drawOrder>1</gx:drawOrder>
                        <coordinates>2.0832515414824,47.995169875257,956.07434082031</coordinates>
                    </Point>
                </Placemark>
                
                <Placemark>
                    <name>09:52:39 - 88 kts - 3135 ft</name>
                    <visibility>0</visibility>
                    <description>latitude: 47.990370
longitude: 2.084489
altitude: 956 m / 3135 ft
elevation: 118 m / 387 ft
course: 171°
speed: 88 kts
</description>
                    <LookAt>
                        <longitude>2.0844890456666</longitude>
                        <latitude>47.990370146044</latitude>
                        <altitude>0</altitude>
                        <heading>0</heading>
                        <tilt>70</tilt>
                        <range>3000</range>
                        <gx:altitudeMode>relativeToSeaFloor</gx:altitudeMode>
                    </LookAt>
                    <styleUrl>#msn_ylw-pushpin0</styleUrl>
                    <Point>
                        <extrude>1</extrude>
                        <altitudeMode>absolute</altitudeMode>
                        <gx:drawOrder>1</gx:drawOrder>
                        <coordinates>2.0844890456666,47.990370146044,955.57373046875</coordinates>
                    </Point>
                </Placemark>
                
                <Placemark>
                    <name>09:52:50 - 89 kts - 3133 ft</name>
                    <visibility>0</visibility>
                    <description>latitude: 47.985933
longitude: 2.085602
altitude: 955 m / 3133 ft
elevation: 124 m / 407 ft
course: 171°
speed: 89 kts
</description>
                    <LookAt>
                        <longitude>2.0856024976839</longitude>
                        <latitude>47.985933311328</latitude>
                        <altitude>0</altitude>
                        <heading>0</heading>
                        <tilt>70</tilt>
                        <range>3000</range>
                        <gx:altitudeMode>relativeToSeaFloor</gx:altitudeMode>
                    </LookAt>
                    <styleUrl>#msn_ylw-pushpin0</styleUrl>
                    <Point>
                        <extrude>1</extrude>
                        <altitudeMode>absolute</altitudeMode>
                        <gx:drawOrder>1</gx:drawOrder>
                        <coordinates>2.0856024976839,47.985933311328,954.88623046875</coordinates>
                    </Point>
                </Placemark>
                
                <Placemark>
                    <name>09:53:01 - 89 kts - 3130 ft</name>
                    <visibility>0</visibility>
                    <description>latitude: 47.981482
longitude: 2.086733
altitude: 954 m / 3130 ft
elevation: 123 m / 404 ft
course: 170°
speed: 89 kts
</description>
                    <LookAt>
                        <longitude>2.0867328811456</longitude>
                        <latitude>47.981482478835</latitude>
                        <altitude>0</altitude>
                        <heading>0</heading>
                        <tilt>70</tilt>
                        <range>3000</range>
                        <gx:altitudeMode>relativeToSeaFloor</gx:altitudeMode>
                    </LookAt>
                    <styleUrl>#msn_ylw-pushpin0</styleUrl>
                    <Point>
                        <extrude>1</extrude>
                        <altitudeMode>absolute</altitudeMode>
                        <gx:drawOrder>1</gx:drawOrder>
                        <coordinates>2.0867328811456,47.981482478835,954.12231445312</coordinates>
                    </Point>
                </Placemark>
                
                <Placemark>
                    <name>09:53:12 - 88 kts - 3131 ft</name>
                    <visibility>0</visibility>
                    <description>latitude: 47.977053
longitude: 2.087929
altitude: 954 m / 3131 ft
elevation: 131 m / 430 ft
course: 169°
speed: 88 kts
</description>
                    <LookAt>
                        <longitude>2.0879290625472</longitude>
                        <latitude>47.977053062104</latitude>
                        <altitude>0</altitude>
                        <heading>0</heading>
                        <tilt>70</tilt>
                        <range>3000</range>
                        <gx:altitudeMode>relativeToSeaFloor</gx:altitudeMode>
                    </LookAt>
                    <styleUrl>#msn_ylw-pushpin0</styleUrl>
                    <Point>
                        <extrude>1</extrude>
                        <altitudeMode>absolute</altitudeMode>
                        <gx:drawOrder>1</gx:drawOrder>
                        <coordinates>2.0879290625472,47.977053062104,954.46240234375</coordinates>
                    </Point>
                </Placemark>
                
                <Placemark>
                    <name>09:53:24 - 88 kts - 3131 ft</name>
                    <visibility>0</visibility>
                    <description>latitude: 47.972251
longitude: 2.089297
altitude: 954 m / 3131 ft
elevation: 131 m / 430 ft
course: 169°
speed: 88 kts
</description>
                    <LookAt>
                        <longitude>2.0892971567829</longitude>
                        <latitude>47.972250902139</latitude>
                        <altitude>0</altitude>
                        <heading>0</heading>
                        <tilt>70</tilt>
                        <range>3000</range>
                        <gx:altitudeMode>relativeToSeaFloor</gx:altitudeMode>
                    </LookAt>
                    <styleUrl>#msn_ylw-pushpin0</styleUrl>
                    <Point>
                        <extrude>1</extrude>
                        <altitudeMode>absolute</altitudeMode>
                        <gx:drawOrder>1</gx:drawOrder>
                        <coordinates>2.0892971567829,47.972250902139,954.35571289062</coordinates>
                    </Point>
                </Placemark>
                
                <Placemark>
                    <name>09:53:36 - 88 kts - 3133 ft</name>
                    <visibility>0</visibility>
                    <description>latitude: 47.967465
longitude: 2.090665
altitude: 955 m / 3133 ft
elevation: 127 m / 417 ft
course: 169°
speed: 88 kts
</description>
                    <LookAt>
                        <longitude>2.0906650833805</longitude>
                        <latitude>47.967464583971</latitude>
                        <altitude>0</altitude>
                        <heading>0</heading>
                        <tilt>70</tilt>
                        <range>3000</range>
                        <gx:altitudeMode>relativeToSeaFloor</gx:altitudeMode>
                    </LookAt>
                    <styleUrl>#msn_ylw-pushpin0</styleUrl>
                    <Point>
                        <extrude>1</extrude>
                        <altitudeMode>absolute</altitudeMode>
                        <gx:drawOrder>1</gx:drawOrder>
                        <coordinates>2.0906650833805,47.967464583971,954.82275390625</coordinates>
                    </Point>
                </Placemark>
                
                <Placemark>
                    <name>09:53:48 - 87 kts - 3128 ft</name>
                    <visibility>0</visibility>
                    <description>latitude: 47.962679
longitude: 2.092020
altitude: 954 m / 3128 ft
elevation: 138 m / 453 ft
course: 169°
speed: 87 kts
</description>
                    <LookAt>
                        <longitude>2.0920201856662</longitude>
                        <latitude>47.962678894445</latitude>
                        <altitude>0</altitude>
                        <heading>0</heading>
                        <tilt>70</tilt>
                        <range>3000</range>
                        <gx:altitudeMode>relativeToSeaFloor</gx:altitudeMode>
                    </LookAt>
                    <styleUrl>#msn_ylw-pushpin0</styleUrl>
                    <Point>
                        <extrude>1</extrude>
                        <altitudeMode>absolute</altitudeMode>
                        <gx:drawOrder>1</gx:drawOrder>
                        <coordinates>2.0920201856662,47.962678894445,953.54943847656</coordinates>
                    </Point>
                </Placemark>
                
                <Placemark>
                    <name>09:54:00 - 87 kts - 3133 ft</name>
                    <visibility>0</visibility>
                    <description>latitude: 47.957932
longitude: 2.093378
altitude: 955 m / 3133 ft
elevation: 124 m / 407 ft
course: 169°
speed: 87 kts
</description>
                    <LookAt>
                        <longitude>2.0933776348849</longitude>
                        <latitude>47.957932306498</latitude>
                        <altitude>0</altitude>
                        <heading>0</heading>
                        <tilt>70</tilt>
                        <range>3000</range>
                        <gx:altitudeMode>relativeToSeaFloor</gx:altitudeMode>
                    </LookAt>
                    <styleUrl>#msn_ylw-pushpin0</styleUrl>
                    <Point>
                        <extrude>1</extrude>
                        <altitudeMode>absolute</altitudeMode>
                        <gx:drawOrder>1</gx:drawOrder>
                        <coordinates>2.0933776348849,47.957932306498,954.83422851562</coordinates>
                    </Point>
                </Placemark>
                
                <Placemark>
                    <name>09:54:12 - 87 kts - 3129 ft</name>
                    <visibility>0</visibility>
                    <description>latitude: 47.953184
longitude: 2.094674
altitude: 954 m / 3129 ft
elevation: 117 m / 384 ft
course: 170°
speed: 87 kts
</description>
                    <LookAt>
                        <longitude>2.0946735609342</longitude>
                        <latitude>47.953184251718</latitude>
                        <altitude>0</altitude>
                        <heading>0</heading>
                        <tilt>70</tilt>
                        <range>3000</range>
                        <gx:altitudeMode>relativeToSeaFloor</gx:altitudeMode>
                    </LookAt>
                    <styleUrl>#msn_ylw-pushpin0</styleUrl>
                    <Point>
                        <extrude>1</extrude>
                        <altitudeMode>absolute</altitudeMode>
                        <gx:drawOrder>1</gx:drawOrder>
                        <coordinates>2.0946735609342,47.953184251718,953.64868164062</coordinates>
                    </Point>
                </Placemark>
                
                <Placemark>
                    <name>09:54:24 - 86 kts - 3130 ft</name>
                    <visibility>0</visibility>
                    <description>latitude: 47.948435
longitude: 2.095870
altitude: 954 m / 3130 ft
elevation: 113 m / 371 ft
course: 171°
speed: 86 kts
</description>
                    <LookAt>
                        <longitude>2.0958699937929</longitude>
                        <latitude>47.948434562467</latitude>
                        <altitude>0</altitude>
                        <heading>0</heading>
                        <tilt>70</tilt>
                        <range>3000</range>
                        <gx:altitudeMode>relativeToSeaFloor</gx:altitudeMode>
                    </LookAt>
                    <styleUrl>#msn_ylw-pushpin0</styleUrl>
                    <Point>
                        <extrude>1</extrude>
                        <altitudeMode>absolute</altitudeMode>
                        <gx:drawOrder>1</gx:drawOrder>
                        <coordinates>2.0958699937929,47.948434562467,954.16918945312</coordinates>
                    </Point>
                </Placemark>
                
                <Placemark>
                    <name>09:54:36 - 87 kts - 3128 ft</name>
                    <visibility>0</visibility>
                    <description>latitude: 47.943701
longitude: 2.097063
altitude: 953 m / 3128 ft
elevation: 109 m / 358 ft
course: 171°
speed: 87 kts
</description>
                    <LookAt>
                        <longitude>2.0970629062523</longitude>
                        <latitude>47.943701427475</latitude>
                        <altitude>0</altitude>
                        <heading>0</heading>
                        <tilt>70</tilt>
                        <range>3000</range>
                        <gx:altitudeMode>relativeToSeaFloor</gx:altitudeMode>
                    </LookAt>
                    <styleUrl>#msn_ylw-pushpin0</styleUrl>
                    <Point>
                        <extrude>1</extrude>
                        <altitudeMode>absolute</altitudeMode>
                        <gx:drawOrder>1</gx:drawOrder>
                        <coordinates>2.0970629062523,47.943701427475,953.44970703125</coordinates>
                    </Point>
                </Placemark>
                
                <Placemark>
                    <name>09:54:48 - 87 kts - 3129 ft</name>
                    <visibility>0</visibility>
                    <description>latitude: 47.938971
longitude: 2.098294
altitude: 954 m / 3129 ft
elevation: 111 m / 364 ft
course: 170°
speed: 87 kts
</description>
                    <LookAt>
                        <longitude>2.0982943754663</longitude>
                        <latitude>47.938970765144</latitude>
                        <altitude>0</altitude>
                        <heading>0</heading>
                        <tilt>70</tilt>
                        <range>3000</range>
                        <gx:altitudeMode>relativeToSeaFloor</gx:altitudeMode>
                    </LookAt>
                    <styleUrl>#msn_ylw-pushpin0</styleUrl>
                    <Point>
                        <extrude>1</extrude>
                        <altitudeMode>absolute</altitudeMode>
                        <gx:drawOrder>1</gx:drawOrder>
                        <coordinates>2.0982943754663,47.938970765144,953.80187988281</coordinates>
                    </Point>
                </Placemark>
                
                <Placemark>
                    <name>09:55:00 - 87 kts - 3131 ft</name>
                    <visibility>0</visibility>
                    <description>latitude: 47.934220
longitude: 2.099595
altitude: 954 m / 3131 ft
elevation: 127 m / 417 ft
course: 169°
speed: 87 kts
</description>
                    <LookAt>
                        <longitude>2.0995949953814</longitude>
                        <latitude>47.934219902426</latitude>
                        <altitude>0</altitude>
                        <heading>0</heading>
                        <tilt>70</tilt>
                        <range>3000</range>
                        <gx:altitudeMode>relativeToSeaFloor</gx:altitudeMode>
                    </LookAt>
                    <styleUrl>#msn_ylw-pushpin0</styleUrl>
                    <Point>
                        <extrude>1</extrude>
                        <altitudeMode>absolute</altitudeMode>
                        <gx:drawOrder>1</gx:drawOrder>
                        <coordinates>2.0995949953814,47.934219902426,954.212890625</coordinates>
                    </Point>
                </Placemark>
                
                <Placemark>
                    <name>09:55:12 - 87 kts - 3128 ft</name>
                    <visibility>0</visibility>
                    <description>latitude: 47.929474
longitude: 2.100929
altitude: 953 m / 3128 ft
elevation: 114 m / 374 ft
course: 169°
speed: 87 kts
</description>
                    <LookAt>
                        <longitude>2.100928556176</longitude>
                        <latitude>47.929473565936</latitude>
                        <altitude>0</altitude>
                        <heading>0</heading>
                        <tilt>70</tilt>
                        <range>3000</range>
                        <gx:altitudeMode>relativeToSeaFloor</gx:altitudeMode>
                    </LookAt>
                    <styleUrl>#msn_ylw-pushpin0</styleUrl>
                    <Point>
                        <extrude>1</extrude>
                        <altitudeMode>absolute</altitudeMode>
                        <gx:drawOrder>1</gx:drawOrder>
                        <coordinates>2.100928556176,47.929473565936,953.26354980469</coordinates>
                    </Point>
                </Placemark>
                
                <Placemark>
                    <name>09:55:24 - 87 kts - 3129 ft</name>
                    <visibility>0</visibility>
                    <description>latitude: 47.924704
longitude: 2.102220
altitude: 954 m / 3129 ft
elevation: 113 m / 371 ft
course: 170°
speed: 87 kts
</description>
                    <LookAt>
                        <longitude>2.1022197045405</longitude>
                        <latitude>47.924703634389</latitude>
                        <altitude>0</altitude>
                        <heading>0</heading>
                        <tilt>70</tilt>
                        <range>3000</range>
                        <gx:altitudeMode>relativeToSeaFloor</gx:altitudeMode>
                    </LookAt>
                    <styleUrl>#msn_ylw-pushpin0</styleUrl>
                    <Point>
                        <extrude>1</extrude>
                        <altitudeMode>absolute</altitudeMode>
                        <gx:drawOrder>1</gx:drawOrder>
                        <coordinates>2.1022197045405,47.924703634389,953.69555664062</coordinates>
                    </Point>
                </Placemark>
                
                <Placemark>
                    <name>09:55:36 - 87 kts - 3133 ft</name>
                    <visibility>0</visibility>
                    <description>latitude: 47.919934
longitude: 2.103420
altitude: 955 m / 3133 ft
elevation: 106 m / 348 ft
course: 171°
speed: 87 kts
</description>
                    <LookAt>
                        <longitude>2.1034203283508</longitude>
                        <latitude>47.919934247665</latitude>
                        <altitude>0</altitude>
                        <heading>0</heading>
                        <tilt>70</tilt>
                        <range>3000</range>
                        <gx:altitudeMode>relativeToSeaFloor</gx:altitudeMode>
                    </LookAt>
                    <styleUrl>#msn_ylw-pushpin0</styleUrl>
                    <Point>
                        <extrude>1</extrude>
                        <altitudeMode>absolute</altitudeMode>
                        <gx:drawOrder>1</gx:drawOrder>
                        <coordinates>2.1034203283508,47.919934247665,954.91223144531</coordinates>
                    </Point>
                </Placemark>
                
                <Placemark>
                    <name>09:55:48 - 88 kts - 3132 ft</name>
                    <visibility>0</visibility>
                    <description>latitude: 47.915129
longitude: 2.104596
altitude: 955 m / 3132 ft
elevation: 103 m / 338 ft
course: 171°
speed: 88 kts
</description>
                    <LookAt>
                        <longitude>2.1045961417277</longitude>
                        <latitude>47.915129279762</latitude>
                        <altitude>0</altitude>
                        <heading>0</heading>
                        <tilt>70</tilt>
                        <range>3000</range>
                        <gx:altitudeMode>relativeToSeaFloor</gx:altitudeMode>
                    </LookAt>
                    <styleUrl>#msn_ylw-pushpin0</styleUrl>
                    <Point>
                        <extrude>1</extrude>
                        <altitudeMode>absolute</altitudeMode>
                        <gx:drawOrder>1</gx:drawOrder>
                        <coordinates>2.1045961417277,47.915129279762,954.6064453125</coordinates>
                    </Point>
                </Placemark>
                
                <Placemark>
                    <name>09:55:59 - 89 kts - 3128 ft</name>
                    <visibility>0</visibility>
                    <description>latitude: 47.910698
longitude: 2.105753
altitude: 953 m / 3128 ft
elevation: 103 m / 338 ft
course: 170°
speed: 89 kts
</description>
                    <LookAt>
                        <longitude>2.1057529281844</longitude>
                        <latitude>47.91069822856</latitude>
                        <altitude>0</altitude>
                        <heading>0</heading>
                        <tilt>70</tilt>
                        <range>3000</range>
                        <gx:altitudeMode>relativeToSeaFloor</gx:altitudeMode>
                    </LookAt>
                    <styleUrl>#msn_ylw-pushpin0</styleUrl>
                    <Point>
                        <extrude>1</extrude>
                        <altitudeMode>absolute</altitudeMode>
                        <gx:drawOrder>1</gx:drawOrder>
                        <coordinates>2.1057529281844,47.91069822856,953.4990234375</coordinates>
                    </Point>
                </Placemark>
                
                <Placemark>
                    <name>09:56:11 - 88 kts - 3133 ft</name>
                    <visibility>0</visibility>
                    <description>latitude: 47.905880
longitude: 2.107071
altitude: 955 m / 3133 ft
elevation: 104 m / 341 ft
course: 169°
speed: 88 kts
</description>
                    <LookAt>
                        <longitude>2.1070714853724</longitude>
                        <latitude>47.90588010107</latitude>
                        <altitude>0</altitude>
                        <heading>0</heading>
                        <tilt>70</tilt>
                        <range>3000</range>
                        <gx:altitudeMode>relativeToSeaFloor</gx:altitudeMode>
                    </LookAt>
                    <styleUrl>#msn_ylw-pushpin0</styleUrl>
                    <Point>
                        <extrude>1</extrude>
                        <altitudeMode>absolute</altitudeMode>
                        <gx:drawOrder>1</gx:drawOrder>
                        <coordinates>2.1070714853724,47.90588010107,954.82543945312</coordinates>
                    </Point>
                </Placemark>
                
                <Placemark>
                    <name>09:56:23 - 88 kts - 3134 ft</name>
                    <visibility>0</visibility>
                    <description>latitude: 47.901082
longitude: 2.108391
altitude: 955 m / 3134 ft
elevation: 118 m / 387 ft
course: 169°
speed: 88 kts
</description>
                    <LookAt>
                        <longitude>2.1083911322077</longitude>
                        <latitude>47.90108179678</latitude>
                        <altitude>0</altitude>
                        <heading>0</heading>
                        <tilt>70</tilt>
                        <range>3000</range>
                        <gx:altitudeMode>relativeToSeaFloor</gx:altitudeMode>
                    </LookAt>
                    <styleUrl>#msn_ylw-pushpin0</styleUrl>
                    <Point>
                        <extrude>1</extrude>
                        <altitudeMode>absolute</altitudeMode>
                        <gx:drawOrder>1</gx:drawOrder>
                        <coordinates>2.1083911322077,47.90108179678,955.39111328125</coordinates>
                    </Point>
                </Placemark>
                
                <Placemark>
                    <name>09:56:35 - 88 kts - 3134 ft</name>
                    <visibility>0</visibility>
                    <description>latitude: 47.896270
longitude: 2.109705
altitude: 955 m / 3134 ft
elevation: 117 m / 384 ft
course: 170°
speed: 88 kts
</description>
                    <LookAt>
                        <longitude>2.1097047440727</longitude>
                        <latitude>47.896269913807</latitude>
                        <altitude>0</altitude>
                        <heading>0</heading>
                        <tilt>70</tilt>
                        <range>3000</range>
                        <gx:altitudeMode>relativeToSeaFloor</gx:altitudeMode>
                    </LookAt>
                    <styleUrl>#msn_ylw-pushpin0</styleUrl>
                    <Point>
                        <extrude>1</extrude>
                        <altitudeMode>absolute</altitudeMode>
                        <gx:drawOrder>1</gx:drawOrder>
                        <coordinates>2.1097047440727,47.896269913807,955.3798828125</coordinates>
                    </Point>
                </Placemark>
                
                <Placemark>
                    <name>09:56:47 - 88 kts - 3132 ft</name>
                    <visibility>0</visibility>
                    <description>latitude: 47.891456
longitude: 2.110964
altitude: 955 m / 3132 ft
elevation: 118 m / 387 ft
course: 171°
speed: 88 kts
</description>
                    <LookAt>
                        <longitude>2.1109642926623</longitude>
                        <latitude>47.891455725811</latitude>
                        <altitude>0</altitude>
                        <heading>0</heading>
                        <tilt>70</tilt>
                        <range>3000</range>
                        <gx:altitudeMode>relativeToSeaFloor</gx:altitudeMode>
                    </LookAt>
                    <styleUrl>#msn_ylw-pushpin0</styleUrl>
                    <Point>
                        <extrude>1</extrude>
                        <altitudeMode>absolute</altitudeMode>
                        <gx:drawOrder>1</gx:drawOrder>
                        <coordinates>2.1109642926623,47.891455725811,954.76147460938</coordinates>
                    </Point>
                </Placemark>
                
                <Placemark>
                    <name>09:56:59 - 88 kts - 3133 ft</name>
                    <visibility>0</visibility>
                    <description>latitude: 47.886631
longitude: 2.112200
altitude: 955 m / 3133 ft
elevation: 117 m / 384 ft
course: 170°
speed: 88 kts
</description>
                    <LookAt>
                        <longitude>2.112200204285</longitude>
                        <latitude>47.886630934708</latitude>
                        <altitude>0</altitude>
                        <heading>0</heading>
                        <tilt>70</tilt>
                        <range>3000</range>
                        <gx:altitudeMode>relativeToSeaFloor</gx:altitudeMode>
                    </LookAt>
                    <styleUrl>#msn_ylw-pushpin0</styleUrl>
                    <Point>
                        <extrude>1</extrude>
                        <altitudeMode>absolute</altitudeMode>
                        <gx:drawOrder>1</gx:drawOrder>
                        <coordinates>2.112200204285,47.886630934708,954.84521484375</coordinates>
                    </Point>
                </Placemark>
                
                <Placemark>
                    <name>09:57:10 - 89 kts - 3132 ft</name>
                    <visibility>0</visibility>
                    <description>latitude: 47.882190
longitude: 2.113379
altitude: 955 m / 3132 ft
elevation: 116 m / 381 ft
course: 170°
speed: 89 kts
</description>
                    <LookAt>
                        <longitude>2.113379118966</longitude>
                        <latitude>47.88218999286</latitude>
                        <altitude>0</altitude>
                        <heading>0</heading>
                        <tilt>70</tilt>
                        <range>3000</range>
                        <gx:altitudeMode>relativeToSeaFloor</gx:altitudeMode>
                    </LookAt>
                    <styleUrl>#msn_ylw-pushpin0</styleUrl>
                    <Point>
                        <extrude>1</extrude>
                        <altitudeMode>absolute</altitudeMode>
                        <gx:drawOrder>1</gx:drawOrder>
                        <coordinates>2.113379118966,47.88218999286,954.77990722656</coordinates>
                    </Point>
                </Placemark>
                
                <Placemark>
                    <name>09:57:21 - 89 kts - 3128 ft</name>
                    <visibility>0</visibility>
                    <description>latitude: 47.877711
longitude: 2.114536
altitude: 953 m / 3128 ft
elevation: 117 m / 384 ft
course: 170°
speed: 89 kts
</description>
                    <LookAt>
                        <longitude>2.114536492156</longitude>
                        <latitude>47.877710829534</latitude>
                        <altitude>0</altitude>
                        <heading>0</heading>
                        <tilt>70</tilt>
                        <range>3000</range>
                        <gx:altitudeMode>relativeToSeaFloor</gx:altitudeMode>
                    </LookAt>
                    <styleUrl>#msn_ylw-pushpin0</styleUrl>
                    <Point>
                        <extrude>1</extrude>
                        <altitudeMode>absolute</altitudeMode>
                        <gx:drawOrder>1</gx:drawOrder>
                        <coordinates>2.114536492156,47.877710829534,953.375</coordinates>
                    </Point>
                </Placemark>
                
                <Placemark>
                    <name>09:57:32 - 89 kts - 3129 ft</name>
                    <visibility>0</visibility>
                    <description>latitude: 47.873238
longitude: 2.115680
altitude: 954 m / 3129 ft
elevation: 93 m / 305 ft
course: 171°
speed: 89 kts
</description>
                    <LookAt>
                        <longitude>2.1156796161105</longitude>
                        <latitude>47.873237952635</latitude>
                        <altitude>0</altitude>
                        <heading>0</heading>
                        <tilt>70</tilt>
                        <range>3000</range>
                        <gx:altitudeMode>relativeToSeaFloor</gx:altitudeMode>
                    </LookAt>
                    <styleUrl>#msn_ylw-pushpin0</styleUrl>
                    <Point>
                        <extrude>1</extrude>
                        <altitudeMode>absolute</altitudeMode>
                        <gx:drawOrder>1</gx:drawOrder>
                        <coordinates>2.1156796161105,47.873237952635,953.68725585938</coordinates>
                    </Point>
                </Placemark>
                
                <Placemark>
                    <name>09:57:44 - 88 kts - 3132 ft</name>
                    <visibility>0</visibility>
                    <description>latitude: 47.868404
longitude: 2.116907
altitude: 955 m / 3132 ft
elevation: 100 m / 328 ft
course: 170°
speed: 88 kts
</description>
                    <LookAt>
                        <longitude>2.1169065590968</longitude>
                        <latitude>47.868404402442</latitude>
                        <altitude>0</altitude>
                        <heading>0</heading>
                        <tilt>70</tilt>
                        <range>3000</range>
                        <gx:altitudeMode>relativeToSeaFloor</gx:altitudeMode>
                    </LookAt>
                    <styleUrl>#msn_ylw-pushpin0</styleUrl>
                    <Point>
                        <extrude>1</extrude>
                        <altitudeMode>absolute</altitudeMode>
                        <gx:drawOrder>1</gx:drawOrder>
                        <coordinates>2.1169065590968,47.868404402442,954.56762695312</coordinates>
                    </Point>
                </Placemark>
                
                <Placemark>
                    <name>09:57:56 - 89 kts - 3127 ft</name>
                    <visibility>0</visibility>
                    <description>latitude: 47.863583
longitude: 2.118220
altitude: 953 m / 3127 ft
elevation: 103 m / 338 ft
course: 169°
speed: 89 kts
</description>
                    <LookAt>
                        <longitude>2.1182196680476</longitude>
                        <latitude>47.863582838371</latitude>
                        <altitude>0</altitude>
                        <heading>0</heading>
                        <tilt>70</tilt>
                        <range>3000</range>
                        <gx:altitudeMode>relativeToSeaFloor</gx:altitudeMode>
                    </LookAt>
                    <styleUrl>#msn_ylw-pushpin0</styleUrl>
                    <Point>
                        <extrude>1</extrude>
                        <altitudeMode>absolute</altitudeMode>
                        <gx:drawOrder>1</gx:drawOrder>
                        <coordinates>2.1182196680476,47.863582838371,952.98583984375</coordinates>
                    </Point>
                </Placemark>
                
                <Placemark>
                    <name>09:58:07 - 89 kts - 3128 ft</name>
                    <visibility>0</visibility>
                    <description>latitude: 47.859141
longitude: 2.119417
altitude: 954 m / 3128 ft
elevation: 100 m / 328 ft
course: 170°
speed: 89 kts
</description>
                    <LookAt>
                        <longitude>2.1194174420108</longitude>
                        <latitude>47.859140723057</latitude>
                        <altitude>0</altitude>
                        <heading>0</heading>
                        <tilt>70</tilt>
                        <range>3000</range>
                        <gx:altitudeMode>relativeToSeaFloor</gx:altitudeMode>
                    </LookAt>
                    <styleUrl>#msn_ylw-pushpin0</styleUrl>
                    <Point>
                        <extrude>1</extrude>
                        <altitudeMode>absolute</altitudeMode>
                        <gx:drawOrder>1</gx:drawOrder>
                        <coordinates>2.1194174420108,47.859140723057,953.51733398438</coordinates>
                    </Point>
                </Placemark>
                
                <Placemark>
                    <name>09:58:18 - 89 kts - 3126 ft</name>
                    <visibility>0</visibility>
                    <description>latitude: 47.854683
longitude: 2.120562
altitude: 953 m / 3126 ft
elevation: 103 m / 338 ft
course: 171°
speed: 89 kts
</description>
                    <LookAt>
                        <longitude>2.120562242346</longitude>
                        <latitude>47.854682849765</latitude>
                        <altitude>0</altitude>
                        <heading>0</heading>
                        <tilt>70</tilt>
                        <range>3000</range>
                        <gx:altitudeMode>relativeToSeaFloor</gx:altitudeMode>
                    </LookAt>
                    <styleUrl>#msn_ylw-pushpin0</styleUrl>
                    <Point>
                        <extrude>1</extrude>
                        <altitudeMode>absolute</altitudeMode>
                        <gx:drawOrder>1</gx:drawOrder>
                        <coordinates>2.120562242346,47.854682849765,952.78369140625</coordinates>
                    </Point>
                </Placemark>
                
                <Placemark>
                    <name>09:58:29 - 89 kts - 3125 ft</name>
                    <visibility>0</visibility>
                    <description>latitude: 47.850211
longitude: 2.121652
altitude: 953 m / 3125 ft
elevation: 103 m / 338 ft
course: 171°
speed: 89 kts
</description>
                    <LookAt>
                        <longitude>2.1216517221202</longitude>
                        <latitude>47.850211146332</latitude>
                        <altitude>0</altitude>
                        <heading>0</heading>
                        <tilt>70</tilt>
                        <range>3000</range>
                        <gx:altitudeMode>relativeToSeaFloor</gx:altitudeMode>
                    </LookAt>
                    <styleUrl>#msn_ylw-pushpin0</styleUrl>
                    <Point>
                        <extrude>1</extrude>
                        <altitudeMode>absolute</altitudeMode>
                        <gx:drawOrder>1</gx:drawOrder>
                        <coordinates>2.1216517221202,47.850211146332,952.6015625</coordinates>
                    </Point>
                </Placemark>
                
                <Placemark>
                    <name>09:58:40 - 89 kts - 3127 ft</name>
                    <visibility>0</visibility>
                    <description>latitude: 47.845751
longitude: 2.122771
altitude: 953 m / 3127 ft
elevation: 102 m / 335 ft
course: 170°
speed: 89 kts
</description>
                    <LookAt>
                        <longitude>2.1227713767459</longitude>
                        <latitude>47.845750800378</latitude>
                        <altitude>0</altitude>
                        <heading>0</heading>
                        <tilt>70</tilt>
                        <range>3000</range>
                        <gx:altitudeMode>relativeToSeaFloor</gx:altitudeMode>
                    </LookAt>
                    <styleUrl>#msn_ylw-pushpin0</styleUrl>
                    <Point>
                        <extrude>1</extrude>
                        <altitudeMode>absolute</altitudeMode>
                        <gx:drawOrder>1</gx:drawOrder>
                        <coordinates>2.1227713767459,47.845750800378,953.02624511719</coordinates>
                    </Point>
                </Placemark>
                
                <Placemark>
                    <name>09:58:51 - 90 kts - 3129 ft</name>
                    <visibility>0</visibility>
                    <description>latitude: 47.841265
longitude: 2.124014
altitude: 954 m / 3129 ft
elevation: 99 m / 325 ft
course: 169°
speed: 90 kts
</description>
                    <LookAt>
                        <longitude>2.1240144968053</longitude>
                        <latitude>47.841265141077</latitude>
                        <altitude>0</altitude>
                        <heading>0</heading>
                        <tilt>70</tilt>
                        <range>3000</range>
                        <gx:altitudeMode>relativeToSeaFloor</gx:altitudeMode>
                    </LookAt>
                    <styleUrl>#msn_ylw-pushpin0</styleUrl>
                    <Point>
                        <extrude>1</extrude>
                        <altitudeMode>absolute</altitudeMode>
                        <gx:drawOrder>1</gx:drawOrder>
                        <coordinates>2.1240144968053,47.841265141077,953.60217285156</coordinates>
                    </Point>
                </Placemark>
                
                <Placemark>
                    <name>09:59:02 - 90 kts - 3128 ft</name>
                    <visibility>0</visibility>
                    <description>latitude: 47.836774
longitude: 2.125322
altitude: 953 m / 3128 ft
elevation: 99 m / 325 ft
course: 169°
speed: 90 kts
</description>
                    <LookAt>
                        <longitude>2.1253216546049</longitude>
                        <latitude>47.836774075448</latitude>
                        <altitude>0</altitude>
                        <heading>0</heading>
                        <tilt>70</tilt>
                        <range>3000</range>
                        <gx:altitudeMode>relativeToSeaFloor</gx:altitudeMode>
                    </LookAt>
                    <styleUrl>#msn_ylw-pushpin0</styleUrl>
                    <Point>
                        <extrude>1</extrude>
                        <altitudeMode>absolute</altitudeMode>
                        <gx:drawOrder>1</gx:drawOrder>
                        <coordinates>2.1253216546049,47.836774075448,953.49682617188</coordinates>
                    </Point>
                </Placemark>
                
                <Placemark>
                    <name>09:59:13 - 90 kts - 3130 ft</name>
                    <visibility>0</visibility>
                    <description>latitude: 47.832286
longitude: 2.126599
altitude: 954 m / 3130 ft
elevation: 99 m / 325 ft
course: 169°
speed: 90 kts
</description>
                    <LookAt>
                        <longitude>2.1265993919243</longitude>
                        <latitude>47.832286194943</latitude>
                        <altitude>0</altitude>
                        <heading>0</heading>
                        <tilt>70</tilt>
                        <range>3000</range>
                        <gx:altitudeMode>relativeToSeaFloor</gx:altitudeMode>
                    </LookAt>
                    <styleUrl>#msn_ylw-pushpin0</styleUrl>
                    <Point>
                        <extrude>1</extrude>
                        <altitudeMode>absolute</altitudeMode>
                        <gx:drawOrder>1</gx:drawOrder>
                        <coordinates>2.1265993919243,47.832286194943,953.89038085938</coordinates>
                    </Point>
                </Placemark>
                
                <Placemark>
                    <name>09:59:24 - 90 kts - 3126 ft</name>
                    <visibility>0</visibility>
                    <description>latitude: 47.827793
longitude: 2.127837
altitude: 953 m / 3126 ft
elevation: 100 m / 328 ft
course: 169°
speed: 90 kts
</description>
                    <LookAt>
                        <longitude>2.1278373990228</longitude>
                        <latitude>47.827792656652</latitude>
                        <altitude>0</altitude>
                        <heading>0</heading>
                        <tilt>70</tilt>
                        <range>3000</range>
                        <gx:altitudeMode>relativeToSeaFloor</gx:altitudeMode>
                    </LookAt>
                    <styleUrl>#msn_ylw-pushpin0</styleUrl>
                    <Point>
                        <extrude>1</extrude>
                        <altitudeMode>absolute</altitudeMode>
                        <gx:drawOrder>1</gx:drawOrder>
                        <coordinates>2.1278373990228,47.827792656652,952.7568359375</coordinates>
                    </Point>
                </Placemark>
                
                <Placemark>
                    <name>09:59:35 - 89 kts - 3129 ft</name>
                    <visibility>0</visibility>
                    <description>latitude: 47.823333
longitude: 2.129078
altitude: 954 m / 3129 ft
elevation: 100 m / 328 ft
course: 169°
speed: 89 kts
</description>
                    <LookAt>
                        <longitude>2.1290783397873</longitude>
                        <latitude>47.823332771703</latitude>
                        <altitude>0</altitude>
                        <heading>0</heading>
                        <tilt>70</tilt>
                        <range>3000</range>
                        <gx:altitudeMode>relativeToSeaFloor</gx:altitudeMode>
                    </LookAt>
                    <styleUrl>#msn_ylw-pushpin0</styleUrl>
                    <Point>
                        <extrude>1</extrude>
                        <altitudeMode>absolute</altitudeMode>
                        <gx:drawOrder>1</gx:drawOrder>
                        <coordinates>2.1290783397873,47.823332771703,953.85717773438</coordinates>
                    </Point>
                </Placemark>
                
                <Placemark>
                    <name>09:59:46 - 89 kts - 3132 ft</name>
                    <visibility>0</visibility>
                    <description>latitude: 47.818888
longitude: 2.130310
altitude: 955 m / 3132 ft
elevation: 100 m / 328 ft
course: 169°
speed: 89 kts
</description>
                    <LookAt>
                        <longitude>2.1303102280964</longitude>
                        <latitude>47.818888099909</latitude>
                        <altitude>0</altitude>
                        <heading>0</heading>
                        <tilt>70</tilt>
                        <range>3000</range>
                        <gx:altitudeMode>relativeToSeaFloor</gx:altitudeMode>
                    </LookAt>
                    <styleUrl>#msn_ylw-pushpin0</styleUrl>
                    <Point>
                        <extrude>1</extrude>
                        <altitudeMode>absolute</altitudeMode>
                        <gx:drawOrder>1</gx:drawOrder>
                        <coordinates>2.1303102280964,47.818888099909,954.57702636719</coordinates>
                    </Point>
                </Placemark>
                
                <Placemark>
                    <name>09:59:57 - 89 kts - 3132 ft</name>
                    <visibility>0</visibility>
                    <description>latitude: 47.814430
longitude: 2.131525
altitude: 955 m / 3132 ft
elevation: 102 m / 335 ft
course: 170°
speed: 89 kts
</description>
                    <LookAt>
                        <longitude>2.131524849685</longitude>
                        <latitude>47.814429597974</latitude>
                        <altitude>0</altitude>
                        <heading>0</heading>
                        <tilt>70</tilt>
                        <range>3000</range>
                        <gx:altitudeMode>relativeToSeaFloor</gx:altitudeMode>
                    </LookAt>
                    <styleUrl>#msn_ylw-pushpin0</styleUrl>
                    <Point>
                        <extrude>1</extrude>
                        <altitudeMode>absolute</altitudeMode>
                        <gx:drawOrder>1</gx:drawOrder>
                        <coordinates>2.131524849685,47.814429597974,954.6025390625</coordinates>
                    </Point>
                </Placemark>
                
                <Placemark>
                    <name>10:00:08 - 89 kts - 3132 ft</name>
                    <visibility>0</visibility>
                    <description>latitude: 47.809969
longitude: 2.132701
altitude: 955 m / 3132 ft
elevation: 100 m / 328 ft
course: 170°
speed: 89 kts
</description>
                    <LookAt>
                        <longitude>2.1327011659761</longitude>
                        <latitude>47.809968958653</latitude>
                        <altitude>0</altitude>
                        <heading>0</heading>
                        <tilt>70</tilt>
                        <range>3000</range>
                        <gx:altitudeMode>relativeToSeaFloor</gx:altitudeMode>
                    </LookAt>
                    <styleUrl>#msn_ylw-pushpin0</styleUrl>
                    <Point>
                        <extrude>1</extrude>
                        <altitudeMode>absolute</altitudeMode>
                        <gx:drawOrder>1</gx:drawOrder>
                        <coordinates>2.1327011659761,47.809968958653,954.69116210938</coordinates>
                    </Point>
                </Placemark>
                
                <Placemark>
                    <name>10:00:19 - 89 kts - 3132 ft</name>
                    <visibility>0</visibility>
                    <description>latitude: 47.805503
longitude: 2.133833
altitude: 955 m / 3132 ft
elevation: 106 m / 348 ft
course: 171°
speed: 89 kts
</description>
                    <LookAt>
                        <longitude>2.1338329743614</longitude>
                        <latitude>47.80550253582</latitude>
                        <altitude>0</altitude>
                        <heading>0</heading>
                        <tilt>70</tilt>
                        <range>3000</range>
                        <gx:altitudeMode>relativeToSeaFloor</gx:altitudeMode>
                    </LookAt>
                    <styleUrl>#msn_ylw-pushpin0</styleUrl>
                    <Point>
                        <extrude>1</extrude>
                        <altitudeMode>absolute</altitudeMode>
                        <gx:drawOrder>1</gx:drawOrder>
                        <coordinates>2.1338329743614,47.80550253582,954.53369140625</coordinates>
                    </Point>
                </Placemark>
                
                <Placemark>
                    <name>10:00:30 - 88 kts - 3133 ft</name>
                    <visibility>0</visibility>
                    <description>latitude: 47.801067
longitude: 2.134939
altitude: 955 m / 3133 ft
elevation: 113 m / 371 ft
course: 171°
speed: 88 kts
</description>
                    <LookAt>
                        <longitude>2.1349387150278</longitude>
                        <latitude>47.801066790752</latitude>
                        <altitude>0</altitude>
                        <heading>0</heading>
                        <tilt>70</tilt>
                        <range>3000</range>
                        <gx:altitudeMode>relativeToSeaFloor</gx:altitudeMode>
                    </LookAt>
                    <styleUrl>#msn_ylw-pushpin0</styleUrl>
                    <Point>
                        <extrude>1</extrude>
                        <altitudeMode>absolute</altitudeMode>
                        <gx:drawOrder>1</gx:drawOrder>
                        <coordinates>2.1349387150278,47.801066790752,955.04272460938</coordinates>
                    </Point>
                </Placemark>
                
                <Placemark>
                    <name>10:00:42 - 88 kts - 3133 ft</name>
                    <visibility>0</visibility>
                    <description>latitude: 47.796243
longitude: 2.136118
altitude: 955 m / 3133 ft
elevation: 125 m / 410 ft
course: 171°
speed: 88 kts
</description>
                    <LookAt>
                        <longitude>2.136117964985</longitude>
                        <latitude>47.79624271211</latitude>
                        <altitude>0</altitude>
                        <heading>0</heading>
                        <tilt>70</tilt>
                        <range>3000</range>
                        <gx:altitudeMode>relativeToSeaFloor</gx:altitudeMode>
                    </LookAt>
                    <styleUrl>#msn_ylw-pushpin0</styleUrl>
                    <Point>
                        <extrude>1</extrude>
                        <altitudeMode>absolute</altitudeMode>
                        <gx:drawOrder>1</gx:drawOrder>
                        <coordinates>2.136117964985,47.79624271211,954.97827148438</coordinates>
                    </Point>
                </Placemark>
                
                <Placemark>
                    <name>10:00:53 - 89 kts - 3136 ft</name>
                    <visibility>0</visibility>
                    <description>latitude: 47.791811
longitude: 2.137258
altitude: 956 m / 3136 ft
elevation: 131 m / 430 ft
course: 170°
speed: 89 kts
</description>
                    <LookAt>
                        <longitude>2.1372576523592</longitude>
                        <latitude>47.791810822718</latitude>
                        <altitude>0</altitude>
                        <heading>0</heading>
                        <tilt>70</tilt>
                        <range>3000</range>
                        <gx:altitudeMode>relativeToSeaFloor</gx:altitudeMode>
                    </LookAt>
                    <styleUrl>#msn_ylw-pushpin0</styleUrl>
                    <Point>
                        <extrude>1</extrude>
                        <altitudeMode>absolute</altitudeMode>
                        <gx:drawOrder>1</gx:drawOrder>
                        <coordinates>2.1372576523592,47.791810822718,955.91674804688</coordinates>
                    </Point>
                </Placemark>
                
                <Placemark>
                    <name>10:01:04 - 89 kts - 3137 ft</name>
                    <visibility>0</visibility>
                    <description>latitude: 47.787370
longitude: 2.138514
altitude: 956 m / 3137 ft
elevation: 125 m / 410 ft
course: 169°
speed: 89 kts
</description>
                    <LookAt>
                        <longitude>2.1385138481875</longitude>
                        <latitude>47.787369755141</latitude>
                        <altitude>0</altitude>
                        <heading>0</heading>
                        <tilt>70</tilt>
                        <range>3000</range>
                        <gx:altitudeMode>relativeToSeaFloor</gx:altitudeMode>
                    </LookAt>
                    <styleUrl>#msn_ylw-pushpin0</styleUrl>
                    <Point>
                        <extrude>1</extrude>
                        <altitudeMode>absolute</altitudeMode>
                        <gx:drawOrder>1</gx:drawOrder>
                        <coordinates>2.1385138481875,47.787369755141,956.23559570312</coordinates>
                    </Point>
                </Placemark>
                
                <Placemark>
                    <name>10:01:15 - 89 kts - 3133 ft</name>
                    <visibility>0</visibility>
                    <description>latitude: 47.782899
longitude: 2.139796
altitude: 955 m / 3133 ft
elevation: 127 m / 417 ft
course: 169°
speed: 89 kts
</description>
                    <LookAt>
                        <longitude>2.1397956926396</longitude>
                        <latitude>47.782899308994</latitude>
                        <altitude>0</altitude>
                        <heading>0</heading>
                        <tilt>70</tilt>
                        <range>3000</range>
                        <gx:altitudeMode>relativeToSeaFloor</gx:altitudeMode>
                    </LookAt>
                    <styleUrl>#msn_ylw-pushpin0</styleUrl>
                    <Point>
                        <extrude>1</extrude>
                        <altitudeMode>absolute</altitudeMode>
                        <gx:drawOrder>1</gx:drawOrder>
                        <coordinates>2.1397956926396,47.782899308994,954.92822265625</coordinates>
                    </Point>
                </Placemark>
                
                <Placemark>
                    <name>10:01:26 - 89 kts - 3133 ft</name>
                    <visibility>0</visibility>
                    <description>latitude: 47.778434
longitude: 2.141074
altitude: 955 m / 3133 ft
elevation: 128 m / 420 ft
course: 169°
speed: 89 kts
</description>
                    <LookAt>
                        <longitude>2.1410737652352</longitude>
                        <latitude>47.778433724351</latitude>
                        <altitude>0</altitude>
                        <heading>0</heading>
                        <tilt>70</tilt>
                        <range>3000</range>
                        <gx:altitudeMode>relativeToSeaFloor</gx:altitudeMode>
                    </LookAt>
                    <styleUrl>#msn_ylw-pushpin0</styleUrl>
                    <Point>
                        <extrude>1</extrude>
                        <altitudeMode>absolute</altitudeMode>
                        <gx:drawOrder>1</gx:drawOrder>
                        <coordinates>2.1410737652352,47.778433724351,955.02966308594</coordinates>
                    </Point>
                </Placemark>
                
                <Placemark>
                    <name>10:01:37 - 89 kts - 3135 ft</name>
                    <visibility>0</visibility>
                    <description>latitude: 47.773978
longitude: 2.142310
altitude: 955 m / 3135 ft
elevation: 135 m / 443 ft
course: 169°
speed: 89 kts
</description>
                    <LookAt>
                        <longitude>2.1423100121339</longitude>
                        <latitude>47.773978491358</latitude>
                        <altitude>0</altitude>
                        <heading>0</heading>
                        <tilt>70</tilt>
                        <range>3000</range>
                        <gx:altitudeMode>relativeToSeaFloor</gx:altitudeMode>
                    </LookAt>
                    <styleUrl>#msn_ylw-pushpin0</styleUrl>
                    <Point>
                        <extrude>1</extrude>
                        <altitudeMode>absolute</altitudeMode>
                        <gx:drawOrder>1</gx:drawOrder>
                        <coordinates>2.1423100121339,47.773978491358,955.4228515625</coordinates>
                    </Point>
                </Placemark>
                
                <Placemark>
                    <name>10:01:48 - 89 kts - 3135 ft</name>
                    <visibility>0</visibility>
                    <description>latitude: 47.769519
longitude: 2.143514
altitude: 956 m / 3135 ft
elevation: 139 m / 456 ft
course: 170°
speed: 89 kts
</description>
                    <LookAt>
                        <longitude>2.1435141563435</longitude>
                        <latitude>47.769518983595</latitude>
                        <altitude>0</altitude>
                        <heading>0</heading>
                        <tilt>70</tilt>
                        <range>3000</range>
                        <gx:altitudeMode>relativeToSeaFloor</gx:altitudeMode>
                    </LookAt>
                    <styleUrl>#msn_ylw-pushpin0</styleUrl>
                    <Point>
                        <extrude>1</extrude>
                        <altitudeMode>absolute</altitudeMode>
                        <gx:drawOrder>1</gx:drawOrder>
                        <coordinates>2.1435141563435,47.769518983595,955.54504394531</coordinates>
                    </Point>
                </Placemark>
                
                <Placemark>
                    <name>10:01:59 - 90 kts - 3134 ft</name>
                    <visibility>0</visibility>
                    <description>latitude: 47.765034
longitude: 2.144722
altitude: 955 m / 3134 ft
elevation: 150 m / 492 ft
course: 170°
speed: 90 kts
</description>
                    <LookAt>
                        <longitude>2.1447224076857</longitude>
                        <latitude>47.765033911027</latitude>
                        <altitude>0</altitude>
                        <heading>0</heading>
                        <tilt>70</tilt>
                        <range>3000</range>
                        <gx:altitudeMode>relativeToSeaFloor</gx:altitudeMode>
                    </LookAt>
                    <styleUrl>#msn_ylw-pushpin0</styleUrl>
                    <Point>
                        <extrude>1</extrude>
                        <altitudeMode>absolute</altitudeMode>
                        <gx:drawOrder>1</gx:drawOrder>
                        <coordinates>2.1447224076857,47.765033911027,955.18237304688</coordinates>
                    </Point>
                </Placemark>
                
                <Placemark>
                    <name>10:02:10 - 90 kts - 3133 ft</name>
                    <visibility>0</visibility>
                    <description>latitude: 47.760524
longitude: 2.145904
altitude: 955 m / 3133 ft
elevation: 138 m / 453 ft
course: 170°
speed: 90 kts
</description>
                    <LookAt>
                        <longitude>2.1459039207568</longitude>
                        <latitude>47.760523818478</latitude>
                        <altitude>0</altitude>
                        <heading>0</heading>
                        <tilt>70</tilt>
                        <range>3000</range>
                        <gx:altitudeMode>relativeToSeaFloor</gx:altitudeMode>
                    </LookAt>
                    <styleUrl>#msn_ylw-pushpin0</styleUrl>
                    <Point>
                        <extrude>1</extrude>
                        <altitudeMode>absolute</altitudeMode>
                        <gx:drawOrder>1</gx:drawOrder>
                        <coordinates>2.1459039207568,47.760523818478,954.93334960938</coordinates>
                    </Point>
                </Placemark>
                
                <Placemark>
                    <name>10:02:21 - 90 kts - 3129 ft</name>
                    <visibility>0</visibility>
                    <description>latitude: 47.755979
longitude: 2.147042
altitude: 954 m / 3129 ft
elevation: 132 m / 433 ft
course: 171°
speed: 90 kts
</description>
                    <LookAt>
                        <longitude>2.1470420155694</longitude>
                        <latitude>47.755979276307</latitude>
                        <altitude>0</altitude>
                        <heading>0</heading>
                        <tilt>70</tilt>
                        <range>3000</range>
                        <gx:altitudeMode>relativeToSeaFloor</gx:altitudeMode>
                    </LookAt>
                    <styleUrl>#msn_ylw-pushpin0</styleUrl>
                    <Point>
                        <extrude>1</extrude>
                        <altitudeMode>absolute</altitudeMode>
                        <gx:drawOrder>1</gx:drawOrder>
                        <coordinates>2.1470420155694,47.755979276307,953.86938476562</coordinates>
                    </Point>
                </Placemark>
                
                <Placemark>
                    <name>10:02:32 - 89 kts - 3130 ft</name>
                    <visibility>0</visibility>
                    <description>latitude: 47.751488
longitude: 2.148212
altitude: 954 m / 3130 ft
elevation: 131 m / 430 ft
course: 170°
speed: 89 kts
</description>
                    <LookAt>
                        <longitude>2.1482124645283</longitude>
                        <latitude>47.751488420225</latitude>
                        <altitude>0</altitude>
                        <heading>0</heading>
                        <tilt>70</tilt>
                        <range>3000</range>
                        <gx:altitudeMode>relativeToSeaFloor</gx:altitudeMode>
                    </LookAt>
                    <styleUrl>#msn_ylw-pushpin0</styleUrl>
                    <Point>
                        <extrude>1</extrude>
                        <altitudeMode>absolute</altitudeMode>
                        <gx:drawOrder>1</gx:drawOrder>
                        <coordinates>2.1482124645283,47.751488420225,953.89038085938</coordinates>
                    </Point>
                </Placemark>
                
                <Placemark>
                    <name>10:02:43 - 88 kts - 3134 ft</name>
                    <visibility>0</visibility>
                    <description>latitude: 47.747056
longitude: 2.149410
altitude: 955 m / 3134 ft
elevation: 128 m / 420 ft
course: 169°
speed: 88 kts
</description>
                    <LookAt>
                        <longitude>2.1494097355773</longitude>
                        <latitude>47.747056027919</latitude>
                        <altitude>0</altitude>
                        <heading>0</heading>
                        <tilt>70</tilt>
                        <range>3000</range>
                        <gx:altitudeMode>relativeToSeaFloor</gx:altitudeMode>
                    </LookAt>
                    <styleUrl>#msn_ylw-pushpin0</styleUrl>
                    <Point>
                        <extrude>1</extrude>
                        <altitudeMode>absolute</altitudeMode>
                        <gx:drawOrder>1</gx:drawOrder>
                        <coordinates>2.1494097355773,47.747056027919,955.26123046875</coordinates>
                    </Point>
                </Placemark>
                
                <Placemark>
                    <name>10:02:55 - 88 kts - 3135 ft</name>
                    <visibility>0</visibility>
                    <description>latitude: 47.742245
longitude: 2.150707
altitude: 956 m / 3135 ft
elevation: 132 m / 433 ft
course: 170°
speed: 88 kts
</description>
                    <LookAt>
                        <longitude>2.1507074218263</longitude>
                        <latitude>47.742245108865</latitude>
                        <altitude>0</altitude>
                        <heading>0</heading>
                        <tilt>70</tilt>
                        <range>3000</range>
                        <gx:altitudeMode>relativeToSeaFloor</gx:altitudeMode>
                    </LookAt>
                    <styleUrl>#msn_ylw-pushpin0</styleUrl>
                    <Point>
                        <extrude>1</extrude>
                        <altitudeMode>absolute</altitudeMode>
                        <gx:drawOrder>1</gx:drawOrder>
                        <coordinates>2.1507074218263,47.742245108865,955.51171875</coordinates>
                    </Point>
                </Placemark>
                
                <Placemark>
                    <name>10:03:07 - 88 kts - 3136 ft</name>
                    <visibility>0</visibility>
                    <description>latitude: 47.737427
longitude: 2.152002
altitude: 956 m / 3136 ft
elevation: 142 m / 466 ft
course: 170°
speed: 88 kts
</description>
                    <LookAt>
                        <longitude>2.152001587676</longitude>
                        <latitude>47.737426729917</latitude>
                        <altitude>0</altitude>
                        <heading>0</heading>
                        <tilt>70</tilt>
                        <range>3000</range>
                        <gx:altitudeMode>relativeToSeaFloor</gx:altitudeMode>
                    </LookAt>
                    <styleUrl>#msn_ylw-pushpin0</styleUrl>
                    <Point>
                        <extrude>1</extrude>
                        <altitudeMode>absolute</altitudeMode>
                        <gx:drawOrder>1</gx:drawOrder>
                        <coordinates>2.152001587676,47.737426729917,955.74401855469</coordinates>
                    </Point>
                </Placemark>
                
                <Placemark>
                    <name>10:03:19 - 88 kts - 3136 ft</name>
                    <visibility>0</visibility>
                    <description>latitude: 47.732605
longitude: 2.153278
altitude: 956 m / 3136 ft
elevation: 146 m / 479 ft
course: 170°
speed: 88 kts
</description>
                    <LookAt>
                        <longitude>2.1532781515291</longitude>
                        <latitude>47.732605207756</latitude>
                        <altitude>0</altitude>
                        <heading>0</heading>
                        <tilt>70</tilt>
                        <range>3000</range>
                        <gx:altitudeMode>relativeToSeaFloor</gx:altitudeMode>
                    </LookAt>
                    <styleUrl>#msn_ylw-pushpin0</styleUrl>
                    <Point>
                        <extrude>1</extrude>
                        <altitudeMode>absolute</altitudeMode>
                        <gx:drawOrder>1</gx:drawOrder>
                        <coordinates>2.1532781515291,47.732605207756,955.79272460938</coordinates>
                    </Point>
                </Placemark>
                
                <Placemark>
                    <name>10:03:31 - 88 kts - 3137 ft</name>
                    <visibility>0</visibility>
                    <description>latitude: 47.727789
longitude: 2.154575
altitude: 956 m / 3137 ft
elevation: 142 m / 466 ft
course: 170°
speed: 88 kts
</description>
                    <LookAt>
                        <longitude>2.1545753348639</longitude>
                        <latitude>47.727788756646</latitude>
                        <altitude>0</altitude>
                        <heading>0</heading>
                        <tilt>70</tilt>
                        <range>3000</range>
                        <gx:altitudeMode>relativeToSeaFloor</gx:altitudeMode>
                    </LookAt>
                    <styleUrl>#msn_ylw-pushpin0</styleUrl>
                    <Point>
                        <extrude>1</extrude>
                        <altitudeMode>absolute</altitudeMode>
                        <gx:drawOrder>1</gx:drawOrder>
                        <coordinates>2.1545753348639,47.727788756646,956.20922851562</coordinates>
                    </Point>
                </Placemark>
                
                <Placemark>
                    <name>10:03:43 - 88 kts - 3138 ft</name>
                    <visibility>0</visibility>
                    <description>latitude: 47.722992
longitude: 2.155868
altitude: 957 m / 3138 ft
elevation: 136 m / 446 ft
course: 169°
speed: 88 kts
</description>
                    <LookAt>
                        <longitude>2.15586807579</longitude>
                        <latitude>47.722992296375</latitude>
                        <altitude>0</altitude>
                        <heading>0</heading>
                        <tilt>70</tilt>
                        <range>3000</range>
                        <gx:altitudeMode>relativeToSeaFloor</gx:altitudeMode>
                    </LookAt>
                    <styleUrl>#msn_ylw-pushpin0</styleUrl>
                    <Point>
                        <extrude>1</extrude>
                        <altitudeMode>absolute</altitudeMode>
                        <gx:drawOrder>1</gx:drawOrder>
                        <coordinates>2.15586807579,47.722992296375,956.56506347656</coordinates>
                    </Point>
                </Placemark>
                
                <Placemark>
                    <name>10:03:55 - 87 kts - 3136 ft</name>
                    <visibility>0</visibility>
                    <description>latitude: 47.718218
longitude: 2.157190
altitude: 956 m / 3136 ft
elevation: 131 m / 430 ft
course: 170°
speed: 87 kts
</description>
                    <LookAt>
                        <longitude>2.1571900695582</longitude>
                        <latitude>47.718217545233</latitude>
                        <altitude>0</altitude>
                        <heading>0</heading>
                        <tilt>70</tilt>
                        <range>3000</range>
                        <gx:altitudeMode>relativeToSeaFloor</gx:altitudeMode>
                    </LookAt>
                    <styleUrl>#msn_ylw-pushpin0</styleUrl>
                    <Point>
                        <extrude>1</extrude>
                        <altitudeMode>absolute</altitudeMode>
                        <gx:drawOrder>1</gx:drawOrder>
                        <coordinates>2.1571900695582,47.718217545233,955.970703125</coordinates>
                    </Point>
                </Placemark>
                
                <Placemark>
                    <name>10:04:07 - 88 kts - 3138 ft</name>
                    <visibility>0</visibility>
                    <description>latitude: 47.713449
longitude: 2.158479
altitude: 957 m / 3138 ft
elevation: 128 m / 420 ft
course: 170°
speed: 88 kts
</description>
                    <LookAt>
                        <longitude>2.158479206266</longitude>
                        <latitude>47.713449122429</latitude>
                        <altitude>0</altitude>
                        <heading>0</heading>
                        <tilt>70</tilt>
                        <range>3000</range>
                        <gx:altitudeMode>relativeToSeaFloor</gx:altitudeMode>
                    </LookAt>
                    <styleUrl>#msn_ylw-pushpin0</styleUrl>
                    <Point>
                        <extrude>1</extrude>
                        <altitudeMode>absolute</altitudeMode>
                        <gx:drawOrder>1</gx:drawOrder>
                        <coordinates>2.158479206266,47.713449122429,956.53454589844</coordinates>
                    </Point>
                </Placemark>
                
                <Placemark>
                    <name>10:04:18 - 88 kts - 3129 ft</name>
                    <visibility>0</visibility>
                    <description>latitude: 47.708656
longitude: 2.159789
altitude: 954 m / 3129 ft
elevation: 128 m / 420 ft
course: 169°
speed: 88 kts
</description>
                    <LookAt>
                        <longitude>2.1597892977317</longitude>
                        <latitude>47.708655805371</latitude>
                        <altitude>0</altitude>
                        <heading>0</heading>
                        <tilt>70</tilt>
                        <range>3000</range>
                        <gx:altitudeMode>relativeToSeaFloor</gx:altitudeMode>
                    </LookAt>
                    <styleUrl>#msn_ylw-pushpin0</styleUrl>
                    <Point>
                        <extrude>1</extrude>
                        <altitudeMode>absolute</altitudeMode>
                        <gx:drawOrder>1</gx:drawOrder>
                        <coordinates>2.1597892977317,47.708655805371,953.84545898438</coordinates>
                    </Point>
                </Placemark>
                
                <Placemark>
                    <name>10:04:30 - 91 kts - 3094 ft</name>
                    <visibility>0</visibility>
                    <description>latitude: 47.704167
longitude: 2.160985
altitude: 943 m / 3094 ft
elevation: 121 m / 397 ft
course: 171°
speed: 91 kts
</description>
                    <LookAt>
                        <longitude>2.1609848085811</longitude>
                        <latitude>47.704166541852</latitude>
                        <altitude>0</altitude>
                        <heading>0</heading>
                        <tilt>70</tilt>
                        <range>3000</range>
                        <gx:altitudeMode>relativeToSeaFloor</gx:altitudeMode>
                    </LookAt>
                    <styleUrl>#msn_ylw-pushpin0</styleUrl>
                    <Point>
                        <extrude>1</extrude>
                        <altitudeMode>absolute</altitudeMode>
                        <gx:drawOrder>1</gx:drawOrder>
                        <coordinates>2.1609848085811,47.704166541852,943.15502929688</coordinates>
                    </Point>
                </Placemark>
                
                <Placemark>
                    <name>10:04:41 - 92 kts - 3054 ft</name>
                    <visibility>0</visibility>
                    <description>latitude: 47.699559
longitude: 2.162049
altitude: 931 m / 3054 ft
elevation: 130 m / 427 ft
course: 172°
speed: 92 kts
</description>
                    <LookAt>
                        <longitude>2.1620488073697</longitude>
                        <latitude>47.699559428774</latitude>
                        <altitude>0</altitude>
                        <heading>0</heading>
                        <tilt>70</tilt>
                        <range>3000</range>
                        <gx:altitudeMode>relativeToSeaFloor</gx:altitudeMode>
                    </LookAt>
                    <styleUrl>#msn_ylw-pushpin0</styleUrl>
                    <Point>
                        <extrude>1</extrude>
                        <altitudeMode>absolute</altitudeMode>
                        <gx:drawOrder>1</gx:drawOrder>
                        <coordinates>2.1620488073697,47.699559428774,930.89794921875</coordinates>
                    </Point>
                </Placemark>
                
                <Placemark>
                    <name>10:04:52 - 94 kts - 3016 ft</name>
                    <visibility>0</visibility>
                    <description>latitude: 47.694886
longitude: 2.163115
altitude: 919 m / 3016 ft
elevation: 128 m / 420 ft
course: 171°
speed: 94 kts
</description>
                    <LookAt>
                        <longitude>2.163114650177</longitude>
                        <latitude>47.694885595746</latitude>
                        <altitude>0</altitude>
                        <heading>0</heading>
                        <tilt>70</tilt>
                        <range>3000</range>
                        <gx:altitudeMode>relativeToSeaFloor</gx:altitudeMode>
                    </LookAt>
                    <styleUrl>#msn_ylw-pushpin0</styleUrl>
                    <Point>
                        <extrude>1</extrude>
                        <altitudeMode>absolute</altitudeMode>
                        <gx:drawOrder>1</gx:drawOrder>
                        <coordinates>2.163114650177,47.694885595746,919.13671875</coordinates>
                    </Point>
                </Placemark>
                
                <Placemark>
                    <name>10:05:03 - 95 kts - 2979 ft</name>
                    <visibility>0</visibility>
                    <description>latitude: 47.690164
longitude: 2.164320
altitude: 908 m / 2979 ft
elevation: 125 m / 410 ft
course: 170°
speed: 95 kts
</description>
                    <LookAt>
                        <longitude>2.1643203031292</longitude>
                        <latitude>47.69016402778</latitude>
                        <altitude>0</altitude>
                        <heading>0</heading>
                        <tilt>70</tilt>
                        <range>3000</range>
                        <gx:altitudeMode>relativeToSeaFloor</gx:altitudeMode>
                    </LookAt>
                    <styleUrl>#msn_ylw-pushpin0</styleUrl>
                    <Point>
                        <extrude>1</extrude>
                        <altitudeMode>absolute</altitudeMode>
                        <gx:drawOrder>1</gx:drawOrder>
                        <coordinates>2.1643203031292,47.69016402778,908.00537109375</coordinates>
                    </Point>
                </Placemark>
                
                <Placemark>
                    <name>10:05:14 - 95 kts - 2941 ft</name>
                    <visibility>0</visibility>
                    <description>latitude: 47.685417
longitude: 2.165585
altitude: 896 m / 2941 ft
elevation: 131 m / 430 ft
course: 169°
speed: 95 kts
</description>
                    <LookAt>
                        <longitude>2.1655845455845</longitude>
                        <latitude>47.685416727371</latitude>
                        <altitude>0</altitude>
                        <heading>0</heading>
                        <tilt>70</tilt>
                        <range>3000</range>
                        <gx:altitudeMode>relativeToSeaFloor</gx:altitudeMode>
                    </LookAt>
                    <styleUrl>#msn_ylw-pushpin0</styleUrl>
                    <Point>
                        <extrude>1</extrude>
                        <altitudeMode>absolute</altitudeMode>
                        <gx:drawOrder>1</gx:drawOrder>
                        <coordinates>2.1655845455845,47.685416727371,896.43469238281</coordinates>
                    </Point>
                </Placemark>
                
                <Placemark>
                    <name>10:05:25 - 94 kts - 2910 ft</name>
                    <visibility>0</visibility>
                    <description>latitude: 47.680672
longitude: 2.166890
altitude: 887 m / 2910 ft
elevation: 134 m / 440 ft
course: 169°
speed: 94 kts
</description>
                    <LookAt>
                        <longitude>2.1668900270035</longitude>
                        <latitude>47.680671899624</latitude>
                        <altitude>0</altitude>
                        <heading>0</heading>
                        <tilt>70</tilt>
                        <range>3000</range>
                        <gx:altitudeMode>relativeToSeaFloor</gx:altitudeMode>
                    </LookAt>
                    <styleUrl>#msn_ylw-pushpin0</styleUrl>
                    <Point>
                        <extrude>1</extrude>
                        <altitudeMode>absolute</altitudeMode>
                        <gx:drawOrder>1</gx:drawOrder>
                        <coordinates>2.1668900270035,47.680671899624,886.859375</coordinates>
                    </Point>
                </Placemark>
                
                <Placemark>
                    <name>10:05:36 - 90 kts - 2924 ft</name>
                    <visibility>0</visibility>
                    <description>latitude: 47.676077
longitude: 2.168146
altitude: 891 m / 2924 ft
elevation: 138 m / 453 ft
course: 169°
speed: 90 kts
</description>
                    <LookAt>
                        <longitude>2.1681455522796</longitude>
                        <latitude>47.676077149853</latitude>
                        <altitude>0</altitude>
                        <heading>0</heading>
                        <tilt>70</tilt>
                        <range>3000</range>
                        <gx:altitudeMode>relativeToSeaFloor</gx:altitudeMode>
                    </LookAt>
                    <styleUrl>#msn_ylw-pushpin0</styleUrl>
                    <Point>
                        <extrude>1</extrude>
                        <altitudeMode>absolute</altitudeMode>
                        <gx:drawOrder>1</gx:drawOrder>
                        <coordinates>2.1681455522796,47.676077149853,891.16162109375</coordinates>
                    </Point>
                </Placemark>
                
                <Placemark>
                    <name>10:05:47 - 87 kts - 2932 ft</name>
                    <visibility>0</visibility>
                    <description>latitude: 47.671653
longitude: 2.169367
altitude: 894 m / 2932 ft
elevation: 139 m / 456 ft
course: 169°
speed: 87 kts
</description>
                    <LookAt>
                        <longitude>2.1693674661239</longitude>
                        <latitude>47.671652887992</latitude>
                        <altitude>0</altitude>
                        <heading>0</heading>
                        <tilt>70</tilt>
                        <range>3000</range>
                        <gx:altitudeMode>relativeToSeaFloor</gx:altitudeMode>
                    </LookAt>
                    <styleUrl>#msn_ylw-pushpin0</styleUrl>
                    <Point>
                        <extrude>1</extrude>
                        <altitudeMode>absolute</altitudeMode>
                        <gx:drawOrder>1</gx:drawOrder>
                        <coordinates>2.1693674661239,47.671652887992,893.783203125</coordinates>
                    </Point>
                </Placemark>
                
                <Placemark>
                    <name>10:05:59 - 83 kts - 2962 ft</name>
                    <visibility>0</visibility>
                    <description>latitude: 47.667041
longitude: 2.170716
altitude: 903 m / 2962 ft
elevation: 139 m / 456 ft
course: 168°
speed: 83 kts
</description>
                    <LookAt>
                        <longitude>2.1707163658013</longitude>
                        <latitude>47.66704095532</latitude>
                        <altitude>0</altitude>
                        <heading>0</heading>
                        <tilt>70</tilt>
                        <range>3000</range>
                        <gx:altitudeMode>relativeToSeaFloor</gx:altitudeMode>
                    </LookAt>
                    <styleUrl>#msn_ylw-pushpin0</styleUrl>
                    <Point>
                        <extrude>1</extrude>
                        <altitudeMode>absolute</altitudeMode>
                        <gx:drawOrder>1</gx:drawOrder>
                        <coordinates>2.1707163658013,47.66704095532,902.83764648438</coordinates>
                    </Point>
                </Placemark>
                
                <Placemark>
                    <name>10:06:11 - 81 kts - 2996 ft</name>
                    <visibility>0</visibility>
                    <description>latitude: 47.662564
longitude: 2.172023
altitude: 913 m / 2996 ft
elevation: 148 m / 486 ft
course: 169°
speed: 81 kts
</description>
                    <LookAt>
                        <longitude>2.1720234397819</longitude>
                        <latitude>47.662564474202</latitude>
                        <altitude>0</altitude>
                        <heading>0</heading>
                        <tilt>70</tilt>
                        <range>3000</range>
                        <gx:altitudeMode>relativeToSeaFloor</gx:altitudeMode>
                    </LookAt>
                    <styleUrl>#msn_ylw-pushpin0</styleUrl>
                    <Point>
                        <extrude>1</extrude>
                        <altitudeMode>absolute</altitudeMode>
                        <gx:drawOrder>1</gx:drawOrder>
                        <coordinates>2.1720234397819,47.662564474202,913.1689453125</coordinates>
                    </Point>
                </Placemark>
                
                <Placemark>
                    <name>10:06:22 - 82 kts - 3001 ft</name>
                    <visibility>0</visibility>
                    <description>latitude: 47.658110
longitude: 2.173140
altitude: 915 m / 3001 ft
elevation: 145 m / 476 ft
course: 171°
speed: 82 kts
</description>
                    <LookAt>
                        <longitude>2.1731402445605</longitude>
                        <latitude>47.658110456586</latitude>
                        <altitude>0</altitude>
                        <heading>0</heading>
                        <tilt>70</tilt>
                        <range>3000</range>
                        <gx:altitudeMode>relativeToSeaFloor</gx:altitudeMode>
                    </LookAt>
                    <styleUrl>#msn_ylw-pushpin0</styleUrl>
                    <Point>
                        <extrude>1</extrude>
                        <altitudeMode>absolute</altitudeMode>
                        <gx:drawOrder>1</gx:drawOrder>
                        <coordinates>2.1731402445605,47.658110456586,914.83447265625</coordinates>
                    </Point>
                </Placemark>
                
                <Placemark>
                    <name>10:06:35 - 84 kts - 2997 ft</name>
                    <visibility>0</visibility>
                    <description>latitude: 47.653525
longitude: 2.174188
altitude: 914 m / 2997 ft
elevation: 149 m / 489 ft
course: 171°
speed: 84 kts
</description>
                    <LookAt>
                        <longitude>2.174188233914</longitude>
                        <latitude>47.653525262184</latitude>
                        <altitude>0</altitude>
                        <heading>0</heading>
                        <tilt>70</tilt>
                        <range>3000</range>
                        <gx:altitudeMode>relativeToSeaFloor</gx:altitudeMode>
                    </LookAt>
                    <styleUrl>#msn_ylw-pushpin0</styleUrl>
                    <Point>
                        <extrude>1</extrude>
                        <altitudeMode>absolute</altitudeMode>
                        <gx:drawOrder>1</gx:drawOrder>
                        <coordinates>2.174188233914,47.653525262184,913.57739257812</coordinates>
                    </Point>
                </Placemark>
                
                <Placemark>
                    <name>10:06:47 - 85 kts - 3000 ft</name>
                    <visibility>0</visibility>
                    <description>latitude: 47.648865
longitude: 2.175277
altitude: 914 m / 3000 ft
elevation: 149 m / 489 ft
course: 171°
speed: 85 kts
</description>
                    <LookAt>
                        <longitude>2.1752767078599</longitude>
                        <latitude>47.648864504926</latitude>
                        <altitude>0</altitude>
                        <heading>0</heading>
                        <tilt>70</tilt>
                        <range>3000</range>
                        <gx:altitudeMode>relativeToSeaFloor</gx:altitudeMode>
                    </LookAt>
                    <styleUrl>#msn_ylw-pushpin0</styleUrl>
                    <Point>
                        <extrude>1</extrude>
                        <altitudeMode>absolute</altitudeMode>
                        <gx:drawOrder>1</gx:drawOrder>
                        <coordinates>2.1752767078599,47.648864504926,914.46264648438</coordinates>
                    </Point>
                </Placemark>
                
                <Placemark>
                    <name>10:06:59 - 86 kts - 3002 ft</name>
                    <visibility>0</visibility>
                    <description>latitude: 47.644168
longitude: 2.176403
altitude: 915 m / 3002 ft
elevation: 146 m / 479 ft
course: 170°
speed: 86 kts
</description>
                    <LookAt>
                        <longitude>2.1764034032842</longitude>
                        <latitude>47.644167663574</latitude>
                        <altitude>0</altitude>
                        <heading>0</heading>
                        <tilt>70</tilt>
                        <range>3000</range>
                        <gx:altitudeMode>relativeToSeaFloor</gx:altitudeMode>
                    </LookAt>
                    <styleUrl>#msn_ylw-pushpin0</styleUrl>
                    <Point>
                        <extrude>1</extrude>
                        <altitudeMode>absolute</altitudeMode>
                        <gx:drawOrder>1</gx:drawOrder>
                        <coordinates>2.1764034032842,47.644167663574,915.11779785156</coordinates>
                    </Point>
                </Placemark>
                
                <Placemark>
                    <name>10:07:11 - 87 kts - 2995 ft</name>
                    <visibility>0</visibility>
                    <description>latitude: 47.639418
longitude: 2.177604
altitude: 913 m / 2995 ft
elevation: 149 m / 489 ft
course: 171°
speed: 87 kts
</description>
                    <LookAt>
                        <longitude>2.1776036079993</longitude>
                        <latitude>47.639418141961</latitude>
                        <altitude>0</altitude>
                        <heading>0</heading>
                        <tilt>70</tilt>
                        <range>3000</range>
                        <gx:altitudeMode>relativeToSeaFloor</gx:altitudeMode>
                    </LookAt>
                    <styleUrl>#msn_ylw-pushpin0</styleUrl>
                    <Point>
                        <extrude>1</extrude>
                        <altitudeMode>absolute</altitudeMode>
                        <gx:drawOrder>1</gx:drawOrder>
                        <coordinates>2.1776036079993,47.639418141961,912.85900878906</coordinates>
                    </Point>
                </Placemark>
                
                <Placemark>
                    <name>10:07:23 - 88 kts - 2996 ft</name>
                    <visibility>0</visibility>
                    <description>latitude: 47.634613
longitude: 2.178778
altitude: 913 m / 2996 ft
elevation: 143 m / 469 ft
course: 171°
speed: 88 kts
</description>
                    <LookAt>
                        <longitude>2.1787782479098</longitude>
                        <latitude>47.634613215968</latitude>
                        <altitude>0</altitude>
                        <heading>0</heading>
                        <tilt>70</tilt>
                        <range>3000</range>
                        <gx:altitudeMode>relativeToSeaFloor</gx:altitudeMode>
                    </LookAt>
                    <styleUrl>#msn_ylw-pushpin0</styleUrl>
                    <Point>
                        <extrude>1</extrude>
                        <altitudeMode>absolute</altitudeMode>
                        <gx:drawOrder>1</gx:drawOrder>
                        <coordinates>2.1787782479098,47.634613215968,913.1337890625</coordinates>
                    </Point>
                </Placemark>
                
                <Placemark>
                    <name>10:07:35 - 88 kts - 2988 ft</name>
                    <visibility>0</visibility>
                    <description>latitude: 47.629811
longitude: 2.180046
altitude: 911 m / 2988 ft
elevation: 143 m / 469 ft
course: 169°
speed: 88 kts
</description>
                    <LookAt>
                        <longitude>2.1800463460406</longitude>
                        <latitude>47.629810888365</latitude>
                        <altitude>0</altitude>
                        <heading>0</heading>
                        <tilt>70</tilt>
                        <range>3000</range>
                        <gx:altitudeMode>relativeToSeaFloor</gx:altitudeMode>
                    </LookAt>
                    <styleUrl>#msn_ylw-pushpin0</styleUrl>
                    <Point>
                        <extrude>1</extrude>
                        <altitudeMode>absolute</altitudeMode>
                        <gx:drawOrder>1</gx:drawOrder>
                        <coordinates>2.1800463460406,47.629810888365,910.88623046875</coordinates>
                    </Point>
                </Placemark>
                
                <Placemark>
                    <name>10:07:47 - 87 kts - 2997 ft</name>
                    <visibility>0</visibility>
                    <description>latitude: 47.625081
longitude: 2.181499
altitude: 914 m / 2997 ft
elevation: 141 m / 463 ft
course: 168°
speed: 87 kts
</description>
                    <LookAt>
                        <longitude>2.1814985945841</longitude>
                        <latitude>47.625080770857</latitude>
                        <altitude>0</altitude>
                        <heading>0</heading>
                        <tilt>70</tilt>
                        <range>3000</range>
                        <gx:altitudeMode>relativeToSeaFloor</gx:altitudeMode>
                    </LookAt>
                    <styleUrl>#msn_ylw-pushpin0</styleUrl>
                    <Point>
                        <extrude>1</extrude>
                        <altitudeMode>absolute</altitudeMode>
                        <gx:drawOrder>1</gx:drawOrder>
                        <coordinates>2.1814985945841,47.625080770857,913.62829589844</coordinates>
                    </Point>
                </Placemark>
                
                <Placemark>
                    <name>10:07:59 - 88 kts - 2991 ft</name>
                    <visibility>0</visibility>
                    <description>latitude: 47.620348
longitude: 2.182948
altitude: 912 m / 2991 ft
elevation: 135 m / 443 ft
course: 169°
speed: 88 kts
</description>
                    <LookAt>
                        <longitude>2.1829479094615</longitude>
                        <latitude>47.620347635865</latitude>
                        <altitude>0</altitude>
                        <heading>0</heading>
                        <tilt>70</tilt>
                        <range>3000</range>
                        <gx:altitudeMode>relativeToSeaFloor</gx:altitudeMode>
                    </LookAt>
                    <styleUrl>#msn_ylw-pushpin0</styleUrl>
                    <Point>
                        <extrude>1</extrude>
                        <altitudeMode>absolute</altitudeMode>
                        <gx:drawOrder>1</gx:drawOrder>
                        <coordinates>2.1829479094615,47.620347635865,911.63989257812</coordinates>
                    </Point>
                </Placemark>
                
                <Placemark>
                    <name>10:08:10 - 89 kts - 2971 ft</name>
                    <visibility>0</visibility>
                    <description>latitude: 47.615897
longitude: 2.184103
altitude: 906 m / 2971 ft
elevation: 128 m / 420 ft
course: 171°
speed: 89 kts
</description>
                    <LookAt>
                        <longitude>2.1841031033566</longitude>
                        <latitude>47.615896635733</latitude>
                        <altitude>0</altitude>
                        <heading>0</heading>
                        <tilt>70</tilt>
                        <range>3000</range>
                        <gx:altitudeMode>relativeToSeaFloor</gx:altitudeMode>
                    </LookAt>
                    <styleUrl>#msn_ylw-pushpin0</styleUrl>
                    <Point>
                        <extrude>1</extrude>
                        <altitudeMode>absolute</altitudeMode>
                        <gx:drawOrder>1</gx:drawOrder>
                        <coordinates>2.1841031033566,47.615896635733,905.56103515625</coordinates>
                    </Point>
                </Placemark>
                
                <Placemark>
                    <name>10:08:21 - 90 kts - 2960 ft</name>
                    <visibility>0</visibility>
                    <description>latitude: 47.611371
longitude: 2.185138
altitude: 902 m / 2960 ft
elevation: 130 m / 427 ft
course: 172°
speed: 90 kts
</description>
                    <LookAt>
                        <longitude>2.1851377654841</longitude>
                        <latitude>47.611370701387</latitude>
                        <altitude>0</altitude>
                        <heading>0</heading>
                        <tilt>70</tilt>
                        <range>3000</range>
                        <gx:altitudeMode>relativeToSeaFloor</gx:altitudeMode>
                    </LookAt>
                    <styleUrl>#msn_ylw-pushpin0</styleUrl>
                    <Point>
                        <extrude>1</extrude>
                        <altitudeMode>absolute</altitudeMode>
                        <gx:drawOrder>1</gx:drawOrder>
                        <coordinates>2.1851377654841,47.611370701387,902.09094238281</coordinates>
                    </Point>
                </Placemark>
                
                <Placemark>
                    <name>10:08:31 - 89 kts - 2960 ft</name>
                    <visibility>0</visibility>
                    <description>latitude: 47.606878
longitude: 2.186175
altitude: 902 m / 2960 ft
elevation: 124 m / 407 ft
course: 171°
speed: 89 kts
</description>
                    <LookAt>
                        <longitude>2.1861746907255</longitude>
                        <latitude>47.606877540283</latitude>
                        <altitude>0</altitude>
                        <heading>0</heading>
                        <tilt>70</tilt>
                        <range>3000</range>
                        <gx:altitudeMode>relativeToSeaFloor</gx:altitudeMode>
                    </LookAt>
                    <styleUrl>#msn_ylw-pushpin0</styleUrl>
                    <Point>
                        <extrude>1</extrude>
                        <altitudeMode>absolute</altitudeMode>
                        <gx:drawOrder>1</gx:drawOrder>
                        <coordinates>2.1861746907255,47.606877540283,902.11645507812</coordinates>
                    </Point>
                </Placemark>
                
                <Placemark>
                    <name>10:08:43 - 88 kts - 2961 ft</name>
                    <visibility>0</visibility>
                    <description>latitude: 47.602451
longitude: 2.187381
altitude: 903 m / 2961 ft
elevation: 131 m / 430 ft
course: 170°
speed: 88 kts
</description>
                    <LookAt>
                        <longitude>2.187381181868</longitude>
                        <latitude>47.602450554303</latitude>
                        <altitude>0</altitude>
                        <heading>0</heading>
                        <tilt>70</tilt>
                        <range>3000</range>
                        <gx:altitudeMode>relativeToSeaFloor</gx:altitudeMode>
                    </LookAt>
                    <styleUrl>#msn_ylw-pushpin0</styleUrl>
                    <Point>
                        <extrude>1</extrude>
                        <altitudeMode>absolute</altitudeMode>
                        <gx:drawOrder>1</gx:drawOrder>
                        <coordinates>2.187381181868,47.602450554303,902.59790039062</coordinates>
                    </Point>
                </Placemark>
                
                <Placemark>
                    <name>10:08:55 - 87 kts - 2965 ft</name>
                    <visibility>0</visibility>
                    <description>latitude: 47.597680
longitude: 2.188664
altitude: 904 m / 2965 ft
elevation: 131 m / 430 ft
course: 169°
speed: 87 kts
</description>
                    <LookAt>
                        <longitude>2.1886643674245</longitude>
                        <latitude>47.597680077932</latitude>
                        <altitude>0</altitude>
                        <heading>0</heading>
                        <tilt>70</tilt>
                        <range>3000</range>
                        <gx:altitudeMode>relativeToSeaFloor</gx:altitudeMode>
                    </LookAt>
                    <styleUrl>#msn_ylw-pushpin0</styleUrl>
                    <Point>
                        <extrude>1</extrude>
                        <altitudeMode>absolute</altitudeMode>
                        <gx:drawOrder>1</gx:drawOrder>
                        <coordinates>2.1886643674245,47.597680077932,903.859375</coordinates>
                    </Point>
                </Placemark>
                
                <Placemark>
                    <name>10:09:07 - 87 kts - 2969 ft</name>
                    <visibility>0</visibility>
                    <description>latitude: 47.592921
longitude: 2.189999
altitude: 905 m / 2969 ft
elevation: 128 m / 420 ft
course: 169°
speed: 87 kts
</description>
                    <LookAt>
                        <longitude>2.1899994369617</longitude>
                        <latitude>47.592921084769</latitude>
                        <altitude>0</altitude>
                        <heading>0</heading>
                        <tilt>70</tilt>
                        <range>3000</range>
                        <gx:altitudeMode>relativeToSeaFloor</gx:altitudeMode>
                    </LookAt>
                    <styleUrl>#msn_ylw-pushpin0</styleUrl>
                    <Point>
                        <extrude>1</extrude>
                        <altitudeMode>absolute</altitudeMode>
                        <gx:drawOrder>1</gx:drawOrder>
                        <coordinates>2.1899994369617,47.592921084769,905.0390625</coordinates>
                    </Point>
                </Placemark>
                
                <Placemark>
                    <name>10:09:19 - 87 kts - 2964 ft</name>
                    <visibility>0</visibility>
                    <description>latitude: 47.588149
longitude: 2.191284
altitude: 903 m / 2964 ft
elevation: 150 m / 492 ft
course: 170°
speed: 87 kts
</description>
                    <LookAt>
                        <longitude>2.1912839636227</longitude>
                        <latitude>47.588148512922</latitude>
                        <altitude>0</altitude>
                        <heading>0</heading>
                        <tilt>70</tilt>
                        <range>3000</range>
                        <gx:altitudeMode>relativeToSeaFloor</gx:altitudeMode>
                    </LookAt>
                    <styleUrl>#msn_ylw-pushpin0</styleUrl>
                    <Point>
                        <extrude>1</extrude>
                        <altitudeMode>absolute</altitudeMode>
                        <gx:drawOrder>1</gx:drawOrder>
                        <coordinates>2.1912839636227,47.588148512922,903.36254882812</coordinates>
                    </Point>
                </Placemark>
                
                <Placemark>
                    <name>10:09:31 - 87 kts - 2970 ft</name>
                    <visibility>0</visibility>
                    <description>latitude: 47.583388
longitude: 2.192552
altitude: 905 m / 2970 ft
elevation: 150 m / 492 ft
course: 170°
speed: 87 kts
</description>
                    <LookAt>
                        <longitude>2.1925515588393</longitude>
                        <latitude>47.583387927197</latitude>
                        <altitude>0</altitude>
                        <heading>0</heading>
                        <tilt>70</tilt>
                        <range>3000</range>
                        <gx:altitudeMode>relativeToSeaFloor</gx:altitudeMode>
                    </LookAt>
                    <styleUrl>#msn_ylw-pushpin0</styleUrl>
                    <Point>
                        <extrude>1</extrude>
                        <altitudeMode>absolute</altitudeMode>
                        <gx:drawOrder>1</gx:drawOrder>
                        <coordinates>2.1925515588393,47.583387927197,905.1806640625</coordinates>
                    </Point>
                </Placemark>
                
                <Placemark>
                    <name>10:09:43 - 87 kts - 2973 ft</name>
                    <visibility>0</visibility>
                    <description>latitude: 47.578642
longitude: 2.193711
altitude: 906 m / 2973 ft
elevation: 150 m / 492 ft
course: 171°
speed: 87 kts
</description>
                    <LookAt>
                        <longitude>2.1937106084099</longitude>
                        <latitude>47.57864213553</latitude>
                        <altitude>0</altitude>
                        <heading>0</heading>
                        <tilt>70</tilt>
                        <range>3000</range>
                        <gx:altitudeMode>relativeToSeaFloor</gx:altitudeMode>
                    </LookAt>
                    <styleUrl>#msn_ylw-pushpin0</styleUrl>
                    <Point>
                        <extrude>1</extrude>
                        <altitudeMode>absolute</altitudeMode>
                        <gx:drawOrder>1</gx:drawOrder>
                        <coordinates>2.1937106084099,47.57864213553,906.14282226562</coordinates>
                    </Point>
                </Placemark>
                
                <Placemark>
                    <name>10:09:55 - 87 kts - 2970 ft</name>
                    <visibility>0</visibility>
                    <description>latitude: 47.573910
longitude: 2.194869
altitude: 905 m / 2970 ft
elevation: 164 m / 538 ft
course: 171°
speed: 87 kts
</description>
                    <LookAt>
                        <longitude>2.1948692388853</longitude>
                        <latitude>47.573910299733</latitude>
                        <altitude>0</altitude>
                        <heading>0</heading>
                        <tilt>70</tilt>
                        <range>3000</range>
                        <gx:altitudeMode>relativeToSeaFloor</gx:altitudeMode>
                    </LookAt>
                    <styleUrl>#msn_ylw-pushpin0</styleUrl>
                    <Point>
                        <extrude>1</extrude>
                        <altitudeMode>absolute</altitudeMode>
                        <gx:drawOrder>1</gx:drawOrder>
                        <coordinates>2.1948692388853,47.573910299733,905.13940429688</coordinates>
                    </Point>
                </Placemark>
                
                <Placemark>
                    <name>10:10:07 - 87 kts - 2970 ft</name>
                    <visibility>0</visibility>
                    <description>latitude: 47.569166
longitude: 2.196074
altitude: 905 m / 2970 ft
elevation: 146 m / 479 ft
course: 170°
speed: 87 kts
</description>
                    <LookAt>
                        <longitude>2.1960740536472</longitude>
                        <latitude>47.569166142538</latitude>
                        <altitude>0</altitude>
                        <heading>0</heading>
                        <tilt>70</tilt>
                        <range>3000</range>
                        <gx:altitudeMode>relativeToSeaFloor</gx:altitudeMode>
                    </LookAt>
                    <styleUrl>#msn_ylw-pushpin0</styleUrl>
                    <Point>
                        <extrude>1</extrude>
                        <altitudeMode>absolute</altitudeMode>
                        <gx:drawOrder>1</gx:drawOrder>
                        <coordinates>2.1960740536472,47.569166142538,905.40454101562</coordinates>
                    </Point>
                </Placemark>
                
                <Placemark>
                    <name>10:10:19 - 87 kts - 2969 ft</name>
                    <visibility>0</visibility>
                    <description>latitude: 47.564430
longitude: 2.197348
altitude: 905 m / 2969 ft
elevation: 136 m / 446 ft
course: 169°
speed: 87 kts
</description>
                    <LookAt>
                        <longitude>2.1973481867483</longitude>
                        <latitude>47.564429738603</latitude>
                        <altitude>0</altitude>
                        <heading>0</heading>
                        <tilt>70</tilt>
                        <range>3000</range>
                        <gx:altitudeMode>relativeToSeaFloor</gx:altitudeMode>
                    </LookAt>
                    <styleUrl>#msn_ylw-pushpin0</styleUrl>
                    <Point>
                        <extrude>1</extrude>
                        <altitudeMode>absolute</altitudeMode>
                        <gx:drawOrder>1</gx:drawOrder>
                        <coordinates>2.1973481867483,47.564429738603,905.05480957031</coordinates>
                    </Point>
                </Placemark>
                
                <Placemark>
                    <name>10:10:30 - 87 kts - 2969 ft</name>
                    <visibility>0</visibility>
                    <description>latitude: 47.559718
longitude: 2.198719
altitude: 905 m / 2969 ft
elevation: 149 m / 489 ft
course: 168°
speed: 87 kts
</description>
                    <LookAt>
                        <longitude>2.198718963193</longitude>
                        <latitude>47.559717851735</latitude>
                        <altitude>0</altitude>
                        <heading>0</heading>
                        <tilt>70</tilt>
                        <range>3000</range>
                        <gx:altitudeMode>relativeToSeaFloor</gx:altitudeMode>
                    </LookAt>
                    <styleUrl>#msn_ylw-pushpin0</styleUrl>
                    <Point>
                        <extrude>1</extrude>
                        <altitudeMode>absolute</altitudeMode>
                        <gx:drawOrder>1</gx:drawOrder>
                        <coordinates>2.198718963193,47.559717851735,905.09936523438</coordinates>
                    </Point>
                </Placemark>
                
                <Placemark>
                    <name>10:10:42 - 87 kts - 2976 ft</name>
                    <visibility>0</visibility>
                    <description>latitude: 47.554974
longitude: 2.200130
altitude: 907 m / 2976 ft
elevation: 153 m / 502 ft
course: 169°
speed: 87 kts
</description>
                    <LookAt>
                        <longitude>2.2001296374967</longitude>
                        <latitude>47.554974448911</latitude>
                        <altitude>0</altitude>
                        <heading>0</heading>
                        <tilt>70</tilt>
                        <range>3000</range>
                        <gx:altitudeMode>relativeToSeaFloor</gx:altitudeMode>
                    </LookAt>
                    <styleUrl>#msn_ylw-pushpin0</styleUrl>
                    <Point>
                        <extrude>1</extrude>
                        <altitudeMode>absolute</altitudeMode>
                        <gx:drawOrder>1</gx:drawOrder>
                        <coordinates>2.2001296374967,47.554974448911,907.15234375</coordinates>
                    </Point>
                </Placemark>
                
                <Placemark>
                    <name>10:10:54 - 88 kts - 2975 ft</name>
                    <visibility>0</visibility>
                    <description>latitude: 47.550162
longitude: 2.201317
altitude: 907 m / 2975 ft
elevation: 127 m / 417 ft
course: 171°
speed: 88 kts
</description>
                    <LookAt>
                        <longitude>2.2013174369952</longitude>
                        <latitude>47.550162398301</latitude>
                        <altitude>0</altitude>
                        <heading>0</heading>
                        <tilt>70</tilt>
                        <range>3000</range>
                        <gx:altitudeMode>relativeToSeaFloor</gx:altitudeMode>
                    </LookAt>
                    <styleUrl>#msn_ylw-pushpin0</styleUrl>
                    <Point>
                        <extrude>1</extrude>
                        <altitudeMode>absolute</altitudeMode>
                        <gx:drawOrder>1</gx:drawOrder>
                        <coordinates>2.2013174369952,47.550162398301,906.64233398438</coordinates>
                    </Point>
                </Placemark>
                
                <Placemark>
                    <name>10:11:06 - 88 kts - 2974 ft</name>
                    <visibility>0</visibility>
                    <description>latitude: 47.545717
longitude: 2.202331
altitude: 906 m / 2974 ft
elevation: 131 m / 430 ft
course: 172°
speed: 88 kts
</description>
                    <LookAt>
                        <longitude>2.2023306414505</longitude>
                        <latitude>47.545716930225</latitude>
                        <altitude>0</altitude>
                        <heading>0</heading>
                        <tilt>70</tilt>
                        <range>3000</range>
                        <gx:altitudeMode>relativeToSeaFloor</gx:altitudeMode>
                    </LookAt>
                    <styleUrl>#msn_ylw-pushpin0</styleUrl>
                    <Point>
                        <extrude>1</extrude>
                        <altitudeMode>absolute</altitudeMode>
                        <gx:drawOrder>1</gx:drawOrder>
                        <coordinates>2.2023306414505,47.545716930225,906.39282226562</coordinates>
                    </Point>
                </Placemark>
                
                <Placemark>
                    <name>10:11:18 - 88 kts - 2969 ft</name>
                    <visibility>0</visibility>
                    <description>latitude: 47.540878
longitude: 2.203415
altitude: 905 m / 2969 ft
elevation: 135 m / 443 ft
course: 171°
speed: 88 kts
</description>
                    <LookAt>
                        <longitude>2.2034150920829</longitude>
                        <latitude>47.54087755461</latitude>
                        <altitude>0</altitude>
                        <heading>0</heading>
                        <tilt>70</tilt>
                        <range>3000</range>
                        <gx:altitudeMode>relativeToSeaFloor</gx:altitudeMode>
                    </LookAt>
                    <styleUrl>#msn_ylw-pushpin0</styleUrl>
                    <Point>
                        <extrude>1</extrude>
                        <altitudeMode>absolute</altitudeMode>
                        <gx:drawOrder>1</gx:drawOrder>
                        <coordinates>2.2034150920829,47.54087755461,904.85119628906</coordinates>
                    </Point>
                </Placemark>
                
                <Placemark>
                    <name>10:11:30 - 87 kts - 2969 ft</name>
                    <visibility>0</visibility>
                    <description>latitude: 47.536082
longitude: 2.204606
altitude: 905 m / 2969 ft
elevation: 142 m / 466 ft
course: 169°
speed: 87 kts
</description>
                    <LookAt>
                        <longitude>2.2046055737903</longitude>
                        <latitude>47.536081932529</latitude>
                        <altitude>0</altitude>
                        <heading>0</heading>
                        <tilt>70</tilt>
                        <range>3000</range>
                        <gx:altitudeMode>relativeToSeaFloor</gx:altitudeMode>
                    </LookAt>
                    <styleUrl>#msn_ylw-pushpin0</styleUrl>
                    <Point>
                        <extrude>1</extrude>
                        <altitudeMode>absolute</altitudeMode>
                        <gx:drawOrder>1</gx:drawOrder>
                        <coordinates>2.2046055737903,47.536081932529,905.080078125</coordinates>
                    </Point>
                </Placemark>
                
                <Placemark>
                    <name>10:11:42 - 87 kts - 2976 ft</name>
                    <visibility>0</visibility>
                    <description>latitude: 47.531313
longitude: 2.205943
altitude: 907 m / 2976 ft
elevation: 142 m / 466 ft
course: 169°
speed: 87 kts
</description>
                    <LookAt>
                        <longitude>2.2059431578985</longitude>
                        <latitude>47.531312671534</latitude>
                        <altitude>0</altitude>
                        <heading>0</heading>
                        <tilt>70</tilt>
                        <range>3000</range>
                        <gx:altitudeMode>relativeToSeaFloor</gx:altitudeMode>
                    </LookAt>
                    <styleUrl>#msn_ylw-pushpin0</styleUrl>
                    <Point>
                        <extrude>1</extrude>
                        <altitudeMode>absolute</altitudeMode>
                        <gx:drawOrder>1</gx:drawOrder>
                        <coordinates>2.2059431578985,47.531312671534,906.96533203125</coordinates>
                    </Point>
                </Placemark>
                
                <Placemark>
                    <name>10:11:54 - 88 kts - 2974 ft</name>
                    <visibility>0</visibility>
                    <description>latitude: 47.526539
longitude: 2.207326
altitude: 906 m / 2974 ft
elevation: 146 m / 479 ft
course: 169°
speed: 88 kts
</description>
                    <LookAt>
                        <longitude>2.2073260042837</longitude>
                        <latitude>47.526539345316</latitude>
                        <altitude>0</altitude>
                        <heading>0</heading>
                        <tilt>70</tilt>
                        <range>3000</range>
                        <gx:altitudeMode>relativeToSeaFloor</gx:altitudeMode>
                    </LookAt>
                    <styleUrl>#msn_ylw-pushpin0</styleUrl>
                    <Point>
                        <extrude>1</extrude>
                        <altitudeMode>absolute</altitudeMode>
                        <gx:drawOrder>1</gx:drawOrder>
                        <coordinates>2.2073260042837,47.526539345316,906.4990234375</coordinates>
                    </Point>
                </Placemark>
                
                <Placemark>
                    <name>10:12:06 - 89 kts - 2962 ft</name>
                    <visibility>0</visibility>
                    <description>latitude: 47.521733
longitude: 2.208719
altitude: 903 m / 2962 ft
elevation: 138 m / 453 ft
course: 169°
speed: 89 kts
</description>
                    <LookAt>
                        <longitude>2.2087185736766</longitude>
                        <latitude>47.521733162038</latitude>
                        <altitude>0</altitude>
                        <heading>0</heading>
                        <tilt>70</tilt>
                        <range>3000</range>
                        <gx:altitudeMode>relativeToSeaFloor</gx:altitudeMode>
                    </LookAt>
                    <styleUrl>#msn_ylw-pushpin0</styleUrl>
                    <Point>
                        <extrude>1</extrude>
                        <altitudeMode>absolute</altitudeMode>
                        <gx:drawOrder>1</gx:drawOrder>
                        <coordinates>2.2087185736766,47.521733162038,902.94348144531</coordinates>
                    </Point>
                </Placemark>
                
                <Placemark>
                    <name>10:12:17 - 90 kts - 2943 ft</name>
                    <visibility>0</visibility>
                    <description>latitude: 47.517238
longitude: 2.209852
altitude: 897 m / 2943 ft
elevation: 136 m / 446 ft
course: 171°
speed: 90 kts
</description>
                    <LookAt>
                        <longitude>2.2098524775377</longitude>
                        <latitude>47.517237570181</latitude>
                        <altitude>0</altitude>
                        <heading>0</heading>
                        <tilt>70</tilt>
                        <range>3000</range>
                        <gx:altitudeMode>relativeToSeaFloor</gx:altitudeMode>
                    </LookAt>
                    <styleUrl>#msn_ylw-pushpin0</styleUrl>
                    <Point>
                        <extrude>1</extrude>
                        <altitudeMode>absolute</altitudeMode>
                        <gx:drawOrder>1</gx:drawOrder>
                        <coordinates>2.2098524775377,47.517237570181,896.92175292969</coordinates>
                    </Point>
                </Placemark>
                
                <Placemark>
                    <name>10:12:28 - 91 kts - 2923 ft</name>
                    <visibility>0</visibility>
                    <description>latitude: 47.512688
longitude: 2.210969
altitude: 891 m / 2923 ft
elevation: 132 m / 433 ft
course: 170°
speed: 91 kts
</description>
                    <LookAt>
                        <longitude>2.210968611764</longitude>
                        <latitude>47.512688166506</latitude>
                        <altitude>0</altitude>
                        <heading>0</heading>
                        <tilt>70</tilt>
                        <range>3000</range>
                        <gx:altitudeMode>relativeToSeaFloor</gx:altitudeMode>
                    </LookAt>
                    <styleUrl>#msn_ylw-pushpin0</styleUrl>
                    <Point>
                        <extrude>1</extrude>
                        <altitudeMode>absolute</altitudeMode>
                        <gx:drawOrder>1</gx:drawOrder>
                        <coordinates>2.210968611764,47.512688166506,890.99536132812</coordinates>
                    </Point>
                </Placemark>
                
                <Placemark>
                    <name>10:12:38 - 91 kts - 2900 ft</name>
                    <visibility>0</visibility>
                    <description>latitude: 47.508124
longitude: 2.212175
altitude: 884 m / 2900 ft
elevation: 141 m / 463 ft
course: 169°
speed: 91 kts
</description>
                    <LookAt>
                        <longitude>2.2121745161733</longitude>
                        <latitude>47.508123801134</latitude>
                        <altitude>0</altitude>
                        <heading>0</heading>
                        <tilt>70</tilt>
                        <range>3000</range>
                        <gx:altitudeMode>relativeToSeaFloor</gx:altitudeMode>
                    </LookAt>
                    <styleUrl>#msn_ylw-pushpin0</styleUrl>
                    <Point>
                        <extrude>1</extrude>
                        <altitudeMode>absolute</altitudeMode>
                        <gx:drawOrder>1</gx:drawOrder>
                        <coordinates>2.2121745161733,47.508123801134,883.96484375</coordinates>
                    </Point>
                </Placemark>
                
                <Placemark>
                    <name>10:12:49 - 91 kts - 2877 ft</name>
                    <visibility>0</visibility>
                    <description>latitude: 47.503577
longitude: 2.213460
altitude: 877 m / 2877 ft
elevation: 141 m / 463 ft
course: 169°
speed: 91 kts
</description>
                    <LookAt>
                        <longitude>2.2134597133866</longitude>
                        <latitude>47.503576660573</latitude>
                        <altitude>0</altitude>
                        <heading>0</heading>
                        <tilt>70</tilt>
                        <range>3000</range>
                        <gx:altitudeMode>relativeToSeaFloor</gx:altitudeMode>
                    </LookAt>
                    <styleUrl>#msn_ylw-pushpin0</styleUrl>
                    <Point>
                        <extrude>1</extrude>
                        <altitudeMode>absolute</altitudeMode>
                        <gx:drawOrder>1</gx:drawOrder>
                        <coordinates>2.2134597133866,47.503576660573,876.9150390625</coordinates>
                    </Point>
                </Placemark>
                
                <Placemark>
                    <name>10:13:01 - 90 kts - 2864 ft</name>
                    <visibility>0</visibility>
                    <description>latitude: 47.499053
longitude: 2.214721
altitude: 873 m / 2864 ft
elevation: 136 m / 446 ft
course: 169°
speed: 90 kts
</description>
                    <LookAt>
                        <longitude>2.2147209383568</longitude>
                        <latitude>47.499052695974</latitude>
                        <altitude>0</altitude>
                        <heading>0</heading>
                        <tilt>70</tilt>
                        <range>3000</range>
                        <gx:altitudeMode>relativeToSeaFloor</gx:altitudeMode>
                    </LookAt>
                    <styleUrl>#msn_ylw-pushpin0</styleUrl>
                    <Point>
                        <extrude>1</extrude>
                        <altitudeMode>absolute</altitudeMode>
                        <gx:drawOrder>1</gx:drawOrder>
                        <coordinates>2.2147209383568,47.499052695974,872.92395019531</coordinates>
                    </Point>
                </Placemark>
                
                <Placemark>
                    <name>10:13:12 - 88 kts - 2873 ft</name>
                    <visibility>0</visibility>
                    <description>latitude: 47.494616
longitude: 2.215915
altitude: 876 m / 2873 ft
elevation: 142 m / 466 ft
course: 170°
speed: 88 kts
</description>
                    <LookAt>
                        <longitude>2.2159154433778</longitude>
                        <latitude>47.494616489902</latitude>
                        <altitude>0</altitude>
                        <heading>0</heading>
                        <tilt>70</tilt>
                        <range>3000</range>
                        <gx:altitudeMode>relativeToSeaFloor</gx:altitudeMode>
                    </LookAt>
                    <styleUrl>#msn_ylw-pushpin0</styleUrl>
                    <Point>
                        <extrude>1</extrude>
                        <altitudeMode>absolute</altitudeMode>
                        <gx:drawOrder>1</gx:drawOrder>
                        <coordinates>2.2159154433778,47.494616489902,875.56127929688</coordinates>
                    </Point>
                </Placemark>
                
                <Placemark>
                    <name>10:13:24 - 87 kts - 2872 ft</name>
                    <visibility>0</visibility>
                    <description>latitude: 47.489857
longitude: 2.217139
altitude: 875 m / 2872 ft
elevation: 143 m / 469 ft
course: 171°
speed: 87 kts
</description>
                    <LookAt>
                        <longitude>2.2171392850598</longitude>
                        <latitude>47.489857245281</latitude>
                        <altitude>0</altitude>
                        <heading>0</heading>
                        <tilt>70</tilt>
                        <range>3000</range>
                        <gx:altitudeMode>relativeToSeaFloor</gx:altitudeMode>
                    </LookAt>
                    <styleUrl>#msn_ylw-pushpin0</styleUrl>
                    <Point>
                        <extrude>1</extrude>
                        <altitudeMode>absolute</altitudeMode>
                        <gx:drawOrder>1</gx:drawOrder>
                        <coordinates>2.2171392850598,47.489857245281,875.35876464844</coordinates>
                    </Point>
                </Placemark>
                
                <Placemark>
                    <name>10:13:36 - 87 kts - 2875 ft</name>
                    <visibility>0</visibility>
                    <description>latitude: 47.485120
longitude: 2.218309
altitude: 876 m / 2875 ft
elevation: 143 m / 469 ft
course: 171°
speed: 87 kts
</description>
                    <LookAt>
                        <longitude>2.2183088120094</longitude>
                        <latitude>47.485120464161</latitude>
                        <altitude>0</altitude>
                        <heading>0</heading>
                        <tilt>70</tilt>
                        <range>3000</range>
                        <gx:altitudeMode>relativeToSeaFloor</gx:altitudeMode>
                    </LookAt>
                    <styleUrl>#msn_ylw-pushpin0</styleUrl>
                    <Point>
                        <extrude>1</extrude>
                        <altitudeMode>absolute</altitudeMode>
                        <gx:drawOrder>1</gx:drawOrder>
                        <coordinates>2.2183088120094,47.485120464161,876.15112304688</coordinates>
                    </Point>
                </Placemark>
                
                <Placemark>
                    <name>10:13:48 - 88 kts - 2872 ft</name>
                    <visibility>0</visibility>
                    <description>latitude: 47.480335
longitude: 2.219497
altitude: 875 m / 2872 ft
elevation: 142 m / 466 ft
course: 170°
speed: 88 kts
</description>
                    <LookAt>
                        <longitude>2.219497198241</longitude>
                        <latitude>47.480335068002</latitude>
                        <altitude>0</altitude>
                        <heading>0</heading>
                        <tilt>70</tilt>
                        <range>3000</range>
                        <gx:altitudeMode>relativeToSeaFloor</gx:altitudeMode>
                    </LookAt>
                    <styleUrl>#msn_ylw-pushpin0</styleUrl>
                    <Point>
                        <extrude>1</extrude>
                        <altitudeMode>absolute</altitudeMode>
                        <gx:drawOrder>1</gx:drawOrder>
                        <coordinates>2.219497198241,47.480335068002,875.36682128906</coordinates>
                    </Point>
                </Placemark>
                
                <Placemark>
                    <name>10:14:00 - 88 kts - 2867 ft</name>
                    <visibility>0</visibility>
                    <description>latitude: 47.475501
longitude: 2.220733
altitude: 874 m / 2867 ft
elevation: 139 m / 456 ft
course: 170°
speed: 88 kts
</description>
                    <LookAt>
                        <longitude>2.2207332775017</longitude>
                        <latitude>47.475501098714</latitude>
                        <altitude>0</altitude>
                        <heading>0</heading>
                        <tilt>70</tilt>
                        <range>3000</range>
                        <gx:altitudeMode>relativeToSeaFloor</gx:altitudeMode>
                    </LookAt>
                    <styleUrl>#msn_ylw-pushpin0</styleUrl>
                    <Point>
                        <extrude>1</extrude>
                        <altitudeMode>absolute</altitudeMode>
                        <gx:drawOrder>1</gx:drawOrder>
                        <coordinates>2.2207332775017,47.475501098714,873.77319335938</coordinates>
                    </Point>
                </Placemark>
                
                <Placemark>
                    <name>10:14:12 - 88 kts - 2871 ft</name>
                    <visibility>0</visibility>
                    <description>latitude: 47.470704
longitude: 2.222021
altitude: 875 m / 2871 ft
elevation: 135 m / 443 ft
course: 169°
speed: 88 kts
</description>
                    <LookAt>
                        <longitude>2.2220208216479</longitude>
                        <latitude>47.470703967891</latitude>
                        <altitude>0</altitude>
                        <heading>0</heading>
                        <tilt>70</tilt>
                        <range>3000</range>
                        <gx:altitudeMode>relativeToSeaFloor</gx:altitudeMode>
                    </LookAt>
                    <styleUrl>#msn_ylw-pushpin0</styleUrl>
                    <Point>
                        <extrude>1</extrude>
                        <altitudeMode>absolute</altitudeMode>
                        <gx:drawOrder>1</gx:drawOrder>
                        <coordinates>2.2220208216479,47.470703967891,875.07788085938</coordinates>
                    </Point>
                </Placemark>
                
                <Placemark>
                    <name>10:14:24 - 87 kts - 2871 ft</name>
                    <visibility>0</visibility>
                    <description>latitude: 47.465945
longitude: 2.223376
altitude: 875 m / 2871 ft
elevation: 135 m / 443 ft
course: 169°
speed: 87 kts
</description>
                    <LookAt>
                        <longitude>2.2233760077527</longitude>
                        <latitude>47.465944807089</latitude>
                        <altitude>0</altitude>
                        <heading>0</heading>
                        <tilt>70</tilt>
                        <range>3000</range>
                        <gx:altitudeMode>relativeToSeaFloor</gx:altitudeMode>
                    </LookAt>
                    <styleUrl>#msn_ylw-pushpin0</styleUrl>
                    <Point>
                        <extrude>1</extrude>
                        <altitudeMode>absolute</altitudeMode>
                        <gx:drawOrder>1</gx:drawOrder>
                        <coordinates>2.2233760077527,47.465944807089,875.20336914062</coordinates>
                    </Point>
                </Placemark>
                
                <Placemark>
                    <name>10:14:36 - 88 kts - 2870 ft</name>
                    <visibility>0</visibility>
                    <description>latitude: 47.461162
longitude: 2.224695
altitude: 875 m / 2870 ft
elevation: 135 m / 443 ft
course: 170°
speed: 88 kts
</description>
                    <LookAt>
                        <longitude>2.2246951516738</longitude>
                        <latitude>47.461161548316</latitude>
                        <altitude>0</altitude>
                        <heading>0</heading>
                        <tilt>70</tilt>
                        <range>3000</range>
                        <gx:altitudeMode>relativeToSeaFloor</gx:altitudeMode>
                    </LookAt>
                    <styleUrl>#msn_ylw-pushpin0</styleUrl>
                    <Point>
                        <extrude>1</extrude>
                        <altitudeMode>absolute</altitudeMode>
                        <gx:drawOrder>1</gx:drawOrder>
                        <coordinates>2.2246951516738,47.461161548316,874.7001953125</coordinates>
                    </Point>
                </Placemark>
                
                <Placemark>
                    <name>10:14:47 - 88 kts - 2869 ft</name>
                    <visibility>0</visibility>
                    <description>latitude: 47.456367
longitude: 2.225914
altitude: 874 m / 2869 ft
elevation: 132 m / 433 ft
course: 171°
speed: 88 kts
</description>
                    <LookAt>
                        <longitude>2.2259135451189</longitude>
                        <latitude>47.456366722516</latitude>
                        <altitude>0</altitude>
                        <heading>0</heading>
                        <tilt>70</tilt>
                        <range>3000</range>
                        <gx:altitudeMode>relativeToSeaFloor</gx:altitudeMode>
                    </LookAt>
                    <styleUrl>#msn_ylw-pushpin0</styleUrl>
                    <Point>
                        <extrude>1</extrude>
                        <altitudeMode>absolute</altitudeMode>
                        <gx:drawOrder>1</gx:drawOrder>
                        <coordinates>2.2259135451189,47.456366722516,874.33325195312</coordinates>
                    </Point>
                </Placemark>
                
                <Placemark>
                    <name>10:15:00 - 88 kts - 2869 ft</name>
                    <visibility>0</visibility>
                    <description>latitude: 47.451547
longitude: 2.227083
altitude: 874 m / 2869 ft
elevation: 127 m / 417 ft
course: 171°
speed: 88 kts
</description>
                    <LookAt>
                        <longitude>2.2270834911635</longitude>
                        <latitude>47.451546834826</latitude>
                        <altitude>0</altitude>
                        <heading>0</heading>
                        <tilt>70</tilt>
                        <range>3000</range>
                        <gx:altitudeMode>relativeToSeaFloor</gx:altitudeMode>
                    </LookAt>
                    <styleUrl>#msn_ylw-pushpin0</styleUrl>
                    <Point>
                        <extrude>1</extrude>
                        <altitudeMode>absolute</altitudeMode>
                        <gx:drawOrder>1</gx:drawOrder>
                        <coordinates>2.2270834911635,47.451546834826,874.41015625</coordinates>
                    </Point>
                </Placemark>
                
                <Placemark>
                    <name>10:15:12 - 88 kts - 2867 ft</name>
                    <visibility>0</visibility>
                    <description>latitude: 47.446722
longitude: 2.228263
altitude: 874 m / 2867 ft
elevation: 141 m / 463 ft
course: 171°
speed: 88 kts
</description>
                    <LookAt>
                        <longitude>2.2282628249398</longitude>
                        <latitude>47.446721834175</latitude>
                        <altitude>0</altitude>
                        <heading>0</heading>
                        <tilt>70</tilt>
                        <range>3000</range>
                        <gx:altitudeMode>relativeToSeaFloor</gx:altitudeMode>
                    </LookAt>
                    <styleUrl>#msn_ylw-pushpin0</styleUrl>
                    <Point>
                        <extrude>1</extrude>
                        <altitudeMode>absolute</altitudeMode>
                        <gx:drawOrder>1</gx:drawOrder>
                        <coordinates>2.2282628249398,47.446721834175,873.78369140625</coordinates>
                    </Point>
                </Placemark>
                
                <Placemark>
                    <name>10:15:24 - 88 kts - 2871 ft</name>
                    <visibility>0</visibility>
                    <description>latitude: 47.441914
longitude: 2.229484
altitude: 875 m / 2871 ft
elevation: 142 m / 466 ft
course: 170°
speed: 88 kts
</description>
                    <LookAt>
                        <longitude>2.229484319689</longitude>
                        <latitude>47.441914351701</latitude>
                        <altitude>0</altitude>
                        <heading>0</heading>
                        <tilt>70</tilt>
                        <range>3000</range>
                        <gx:altitudeMode>relativeToSeaFloor</gx:altitudeMode>
                    </LookAt>
                    <styleUrl>#msn_ylw-pushpin0</styleUrl>
                    <Point>
                        <extrude>1</extrude>
                        <altitudeMode>absolute</altitudeMode>
                        <gx:drawOrder>1</gx:drawOrder>
                        <coordinates>2.229484319689,47.441914351701,875.03491210938</coordinates>
                    </Point>
                </Placemark>
                
                <Placemark>
                    <name>10:15:36 - 88 kts - 2870 ft</name>
                    <visibility>0</visibility>
                    <description>latitude: 47.437131
longitude: 2.230791
altitude: 875 m / 2870 ft
elevation: 145 m / 476 ft
course: 169°
speed: 88 kts
</description>
                    <LookAt>
                        <longitude>2.2307913936695</longitude>
                        <latitude>47.437131260566</latitude>
                        <altitude>0</altitude>
                        <heading>0</heading>
                        <tilt>70</tilt>
                        <range>3000</range>
                        <gx:altitudeMode>relativeToSeaFloor</gx:altitudeMode>
                    </LookAt>
                    <styleUrl>#msn_ylw-pushpin0</styleUrl>
                    <Point>
                        <extrude>1</extrude>
                        <altitudeMode>absolute</altitudeMode>
                        <gx:drawOrder>1</gx:drawOrder>
                        <coordinates>2.2307913936695,47.437131260566,874.88671875</coordinates>
                    </Point>
                </Placemark>
                
                <Placemark>
                    <name>10:15:48 - 88 kts - 2869 ft</name>
                    <visibility>0</visibility>
                    <description>latitude: 47.432341
longitude: 2.232135
altitude: 874 m / 2869 ft
elevation: 153 m / 502 ft
course: 169°
speed: 88 kts
</description>
                    <LookAt>
                        <longitude>2.2321350127479</longitude>
                        <latitude>47.432341128632</latitude>
                        <altitude>0</altitude>
                        <heading>0</heading>
                        <tilt>70</tilt>
                        <range>3000</range>
                        <gx:altitudeMode>relativeToSeaFloor</gx:altitudeMode>
                    </LookAt>
                    <styleUrl>#msn_ylw-pushpin0</styleUrl>
                    <Point>
                        <extrude>1</extrude>
                        <altitudeMode>absolute</altitudeMode>
                        <gx:drawOrder>1</gx:drawOrder>
                        <coordinates>2.2321350127479,47.432341128632,874.33557128906</coordinates>
                    </Point>
                </Placemark>
                
                <Placemark>
                    <name>10:16:00 - 88 kts - 2869 ft</name>
                    <visibility>0</visibility>
                    <description>latitude: 47.427544
longitude: 2.233479
altitude: 874 m / 2869 ft
elevation: 153 m / 502 ft
course: 169°
speed: 88 kts
</description>
                    <LookAt>
                        <longitude>2.2334789671025</longitude>
                        <latitude>47.427544458813</latitude>
                        <altitude>0</altitude>
                        <heading>0</heading>
                        <tilt>70</tilt>
                        <range>3000</range>
                        <gx:altitudeMode>relativeToSeaFloor</gx:altitudeMode>
                    </LookAt>
                    <styleUrl>#msn_ylw-pushpin0</styleUrl>
                    <Point>
                        <extrude>1</extrude>
                        <altitudeMode>absolute</altitudeMode>
                        <gx:drawOrder>1</gx:drawOrder>
                        <coordinates>2.2334789671025,47.427544458813,874.40795898438</coordinates>
                    </Point>
                </Placemark>
                
                <Placemark>
                    <name>10:16:12 - 88 kts - 2871 ft</name>
                    <visibility>0</visibility>
                    <description>latitude: 47.422719
longitude: 2.234707
altitude: 875 m / 2871 ft
elevation: 160 m / 525 ft
course: 171°
speed: 88 kts
</description>
                    <LookAt>
                        <longitude>2.234706580641</longitude>
                        <latitude>47.422718578062</latitude>
                        <altitude>0</altitude>
                        <heading>0</heading>
                        <tilt>70</tilt>
                        <range>3000</range>
                        <gx:altitudeMode>relativeToSeaFloor</gx:altitudeMode>
                    </LookAt>
                    <styleUrl>#msn_ylw-pushpin0</styleUrl>
                    <Point>
                        <extrude>1</extrude>
                        <altitudeMode>absolute</altitudeMode>
                        <gx:drawOrder>1</gx:drawOrder>
                        <coordinates>2.234706580641,47.422718578062,875.17041015625</coordinates>
                    </Point>
                </Placemark>
                
                <Placemark>
                    <name>10:16:23 - 88 kts - 2873 ft</name>
                    <visibility>0</visibility>
                    <description>latitude: 47.418276
longitude: 2.235758
altitude: 876 m / 2873 ft
elevation: 156 m / 512 ft
course: 171°
speed: 88 kts
</description>
                    <LookAt>
                        <longitude>2.2357580903938</longitude>
                        <latitude>47.418275959834</latitude>
                        <altitude>0</altitude>
                        <heading>0</heading>
                        <tilt>70</tilt>
                        <range>3000</range>
                        <gx:altitudeMode>relativeToSeaFloor</gx:altitudeMode>
                    </LookAt>
                    <styleUrl>#msn_ylw-pushpin0</styleUrl>
                    <Point>
                        <extrude>1</extrude>
                        <altitudeMode>absolute</altitudeMode>
                        <gx:drawOrder>1</gx:drawOrder>
                        <coordinates>2.2357580903938,47.418275959834,875.58520507812</coordinates>
                    </Point>
                </Placemark>
                
                <Placemark>
                    <name>10:16:34 - 89 kts - 2875 ft</name>
                    <visibility>0</visibility>
                    <description>latitude: 47.413830
longitude: 2.236843
altitude: 876 m / 2875 ft
elevation: 160 m / 525 ft
course: 171°
speed: 89 kts
</description>
                    <LookAt>
                        <longitude>2.2368430439404</longitude>
                        <latitude>47.413829569749</latitude>
                        <altitude>0</altitude>
                        <heading>0</heading>
                        <tilt>70</tilt>
                        <range>3000</range>
                        <gx:altitudeMode>relativeToSeaFloor</gx:altitudeMode>
                    </LookAt>
                    <styleUrl>#msn_ylw-pushpin0</styleUrl>
                    <Point>
                        <extrude>1</extrude>
                        <altitudeMode>absolute</altitudeMode>
                        <gx:drawOrder>1</gx:drawOrder>
                        <coordinates>2.2368430439404,47.413829569749,876.29052734375</coordinates>
                    </Point>
                </Placemark>
                
                <Placemark>
                    <name>10:16:45 - 88 kts - 2872 ft</name>
                    <visibility>0</visibility>
                    <description>latitude: 47.409387
longitude: 2.237950
altitude: 875 m / 2872 ft
elevation: 153 m / 502 ft
course: 170°
speed: 88 kts
</description>
                    <LookAt>
                        <longitude>2.2379502933493</longitude>
                        <latitude>47.409386574335</latitude>
                        <altitude>0</altitude>
                        <heading>0</heading>
                        <tilt>70</tilt>
                        <range>3000</range>
                        <gx:altitudeMode>relativeToSeaFloor</gx:altitudeMode>
                    </LookAt>
                    <styleUrl>#msn_ylw-pushpin0</styleUrl>
                    <Point>
                        <extrude>1</extrude>
                        <altitudeMode>absolute</altitudeMode>
                        <gx:drawOrder>1</gx:drawOrder>
                        <coordinates>2.2379502933493,47.409386574335,875.35278320312</coordinates>
                    </Point>
                </Placemark>
                
                <Placemark>
                    <name>10:16:57 - 89 kts - 2875 ft</name>
                    <visibility>0</visibility>
                    <description>latitude: 47.404562
longitude: 2.239251
altitude: 876 m / 2875 ft
elevation: 157 m / 515 ft
course: 169°
speed: 89 kts
</description>
                    <LookAt>
                        <longitude>2.2392507456264</longitude>
                        <latitude>47.404562328055</latitude>
                        <altitude>0</altitude>
                        <heading>0</heading>
                        <tilt>70</tilt>
                        <range>3000</range>
                        <gx:altitudeMode>relativeToSeaFloor</gx:altitudeMode>
                    </LookAt>
                    <styleUrl>#msn_ylw-pushpin0</styleUrl>
                    <Point>
                        <extrude>1</extrude>
                        <altitudeMode>absolute</altitudeMode>
                        <gx:drawOrder>1</gx:drawOrder>
                        <coordinates>2.2392507456264,47.404562328055,876.17797851562</coordinates>
                    </Point>
                </Placemark>
                
                <Placemark>
                    <name>10:17:08 - 89 kts - 2873 ft</name>
                    <visibility>0</visibility>
                    <description>latitude: 47.400125
longitude: 2.240458
altitude: 876 m / 2873 ft
elevation: 145 m / 476 ft
course: 169°
speed: 89 kts
</description>
                    <LookAt>
                        <longitude>2.2404579911402</longitude>
                        <latitude>47.40012457133</latitude>
                        <altitude>0</altitude>
                        <heading>0</heading>
                        <tilt>70</tilt>
                        <range>3000</range>
                        <gx:altitudeMode>relativeToSeaFloor</gx:altitudeMode>
                    </LookAt>
                    <styleUrl>#msn_ylw-pushpin0</styleUrl>
                    <Point>
                        <extrude>1</extrude>
                        <altitudeMode>absolute</altitudeMode>
                        <gx:drawOrder>1</gx:drawOrder>
                        <coordinates>2.2404579911402,47.40012457133,875.71752929688</coordinates>
                    </Point>
                </Placemark>
                
                <Placemark>
                    <name>10:17:19 - 89 kts - 2871 ft</name>
                    <visibility>0</visibility>
                    <description>latitude: 47.395680
longitude: 2.241690
altitude: 875 m / 2871 ft
elevation: 142 m / 466 ft
course: 169°
speed: 89 kts
</description>
                    <LookAt>
                        <longitude>2.2416903823635</longitude>
                        <latitude>47.395680318631</latitude>
                        <altitude>0</altitude>
                        <heading>0</heading>
                        <tilt>70</tilt>
                        <range>3000</range>
                        <gx:altitudeMode>relativeToSeaFloor</gx:altitudeMode>
                    </LookAt>
                    <styleUrl>#msn_ylw-pushpin0</styleUrl>
                    <Point>
                        <extrude>1</extrude>
                        <altitudeMode>absolute</altitudeMode>
                        <gx:drawOrder>1</gx:drawOrder>
                        <coordinates>2.2416903823635,47.395680318631,874.95751953125</coordinates>
                    </Point>
                </Placemark>
                
                <Placemark>
                    <name>10:17:30 - 89 kts - 2872 ft</name>
                    <visibility>0</visibility>
                    <description>latitude: 47.391248
longitude: 2.242921
altitude: 875 m / 2872 ft
elevation: 148 m / 486 ft
course: 169°
speed: 89 kts
</description>
                    <LookAt>
                        <longitude>2.242920510473</longitude>
                        <latitude>47.391248345419</latitude>
                        <altitude>0</altitude>
                        <heading>0</heading>
                        <tilt>70</tilt>
                        <range>3000</range>
                        <gx:altitudeMode>relativeToSeaFloor</gx:altitudeMode>
                    </LookAt>
                    <styleUrl>#msn_ylw-pushpin0</styleUrl>
                    <Point>
                        <extrude>1</extrude>
                        <altitudeMode>absolute</altitudeMode>
                        <gx:drawOrder>1</gx:drawOrder>
                        <coordinates>2.242920510473,47.391248345419,875.42602539062</coordinates>
                    </Point>
                </Placemark>
                
                <Placemark>
                    <name>10:17:41 - 89 kts - 2872 ft</name>
                    <visibility>0</visibility>
                    <description>latitude: 47.386803
longitude: 2.244123
altitude: 876 m / 2872 ft
elevation: 156 m / 512 ft
course: 170°
speed: 89 kts
</description>
                    <LookAt>
                        <longitude>2.24412314594</longitude>
                        <latitude>47.386802877344</latitude>
                        <altitude>0</altitude>
                        <heading>0</heading>
                        <tilt>70</tilt>
                        <range>3000</range>
                        <gx:altitudeMode>relativeToSeaFloor</gx:altitudeMode>
                    </LookAt>
                    <styleUrl>#msn_ylw-pushpin0</styleUrl>
                    <Point>
                        <extrude>1</extrude>
                        <altitudeMode>absolute</altitudeMode>
                        <gx:drawOrder>1</gx:drawOrder>
                        <coordinates>2.24412314594,47.386802877344,875.52001953125</coordinates>
                    </Point>
                </Placemark>
                
                <Placemark>
                    <name>10:17:53 - 88 kts - 2873 ft</name>
                    <visibility>0</visibility>
                    <description>latitude: 47.381972
longitude: 2.245355
altitude: 876 m / 2873 ft
elevation: 153 m / 502 ft
course: 171°
speed: 88 kts
</description>
                    <LookAt>
                        <longitude>2.245354615154</longitude>
                        <latitude>47.381972344636</latitude>
                        <altitude>0</altitude>
                        <heading>0</heading>
                        <tilt>70</tilt>
                        <range>3000</range>
                        <gx:altitudeMode>relativeToSeaFloor</gx:altitudeMode>
                    </LookAt>
                    <styleUrl>#msn_ylw-pushpin0</styleUrl>
                    <Point>
                        <extrude>1</extrude>
                        <altitudeMode>absolute</altitudeMode>
                        <gx:drawOrder>1</gx:drawOrder>
                        <coordinates>2.245354615154,47.381972344636,875.64196777344</coordinates>
                    </Point>
                </Placemark>
                
                <Placemark>
                    <name>10:18:05 - 88 kts - 2872 ft</name>
                    <visibility>0</visibility>
                    <description>latitude: 47.377154
longitude: 2.246509
altitude: 875 m / 2872 ft
elevation: 153 m / 502 ft
course: 171°
speed: 88 kts
</description>
                    <LookAt>
                        <longitude>2.2465092223159</longitude>
                        <latitude>47.377154049508</latitude>
                        <altitude>0</altitude>
                        <heading>0</heading>
                        <tilt>70</tilt>
                        <range>3000</range>
                        <gx:altitudeMode>relativeToSeaFloor</gx:altitudeMode>
                    </LookAt>
                    <styleUrl>#msn_ylw-pushpin0</styleUrl>
                    <Point>
                        <extrude>1</extrude>
                        <altitudeMode>absolute</altitudeMode>
                        <gx:drawOrder>1</gx:drawOrder>
                        <coordinates>2.2465092223159,47.377154049508,875.36206054688</coordinates>
                    </Point>
                </Placemark>
                
                <Placemark>
                    <name>10:18:17 - 88 kts - 2872 ft</name>
                    <visibility>0</visibility>
                    <description>latitude: 47.372350
longitude: 2.247722
altitude: 875 m / 2872 ft
elevation: 153 m / 502 ft
course: 170°
speed: 88 kts
</description>
                    <LookAt>
                        <longitude>2.2477215807906</longitude>
                        <latitude>47.372350464619</latitude>
                        <altitude>0</altitude>
                        <heading>0</heading>
                        <tilt>70</tilt>
                        <range>3000</range>
                        <gx:altitudeMode>relativeToSeaFloor</gx:altitudeMode>
                    </LookAt>
                    <styleUrl>#msn_ylw-pushpin0</styleUrl>
                    <Point>
                        <extrude>1</extrude>
                        <altitudeMode>absolute</altitudeMode>
                        <gx:drawOrder>1</gx:drawOrder>
                        <coordinates>2.2477215807906,47.372350464619,875.462890625</coordinates>
                    </Point>
                </Placemark>
                
                <Placemark>
                    <name>10:18:29 - 88 kts - 2873 ft</name>
                    <visibility>0</visibility>
                    <description>latitude: 47.367550
longitude: 2.248987
altitude: 876 m / 2873 ft
elevation: 160 m / 525 ft
course: 170°
speed: 88 kts
</description>
                    <LookAt>
                        <longitude>2.2489873319885</longitude>
                        <latitude>47.367550274401</latitude>
                        <altitude>0</altitude>
                        <heading>0</heading>
                        <tilt>70</tilt>
                        <range>3000</range>
                        <gx:altitudeMode>relativeToSeaFloor</gx:altitudeMode>
                    </LookAt>
                    <styleUrl>#msn_ylw-pushpin0</styleUrl>
                    <Point>
                        <extrude>1</extrude>
                        <altitudeMode>absolute</altitudeMode>
                        <gx:drawOrder>1</gx:drawOrder>
                        <coordinates>2.2489873319885,47.367550274401,875.79663085938</coordinates>
                    </Point>
                </Placemark>
                
                <Placemark>
                    <name>10:18:41 - 87 kts - 2874 ft</name>
                    <visibility>0</visibility>
                    <description>latitude: 47.362782
longitude: 2.250298
altitude: 876 m / 2874 ft
elevation: 152 m / 499 ft
course: 169°
speed: 87 kts
</description>
                    <LookAt>
                        <longitude>2.2502984292826</longitude>
                        <latitude>47.362782270692</latitude>
                        <altitude>0</altitude>
                        <heading>0</heading>
                        <tilt>70</tilt>
                        <range>3000</range>
                        <gx:altitudeMode>relativeToSeaFloor</gx:altitudeMode>
                    </LookAt>
                    <styleUrl>#msn_ylw-pushpin0</styleUrl>
                    <Point>
                        <extrude>1</extrude>
                        <altitudeMode>absolute</altitudeMode>
                        <gx:drawOrder>1</gx:drawOrder>
                        <coordinates>2.2502984292826,47.362782270692,875.95251464844</coordinates>
                    </Point>
                </Placemark>
                
                <Placemark>
                    <name>10:18:53 - 87 kts - 2878 ft</name>
                    <visibility>0</visibility>
                    <description>latitude: 47.358013
longitude: 2.251605
altitude: 877 m / 2878 ft
elevation: 153 m / 502 ft
course: 169°
speed: 87 kts
</description>
                    <LookAt>
                        <longitude>2.251605000349</longitude>
                        <latitude>47.358013303063</latitude>
                        <altitude>0</altitude>
                        <heading>0</heading>
                        <tilt>70</tilt>
                        <range>3000</range>
                        <gx:altitudeMode>relativeToSeaFloor</gx:altitudeMode>
                    </LookAt>
                    <styleUrl>#msn_ylw-pushpin0</styleUrl>
                    <Point>
                        <extrude>1</extrude>
                        <altitudeMode>absolute</altitudeMode>
                        <gx:drawOrder>1</gx:drawOrder>
                        <coordinates>2.251605000349,47.358013303063,877.12890625</coordinates>
                    </Point>
                </Placemark>
                
                <Placemark>
                    <name>10:19:05 - 88 kts - 2871 ft</name>
                    <visibility>0</visibility>
                    <description>latitude: 47.353231
longitude: 2.252887
altitude: 875 m / 2871 ft
elevation: 150 m / 492 ft
course: 170°
speed: 88 kts
</description>
                    <LookAt>
                        <longitude>2.252886677163</longitude>
                        <latitude>47.353231385394</latitude>
                        <altitude>0</altitude>
                        <heading>0</heading>
                        <tilt>70</tilt>
                        <range>3000</range>
                        <gx:altitudeMode>relativeToSeaFloor</gx:altitudeMode>
                    </LookAt>
                    <styleUrl>#msn_ylw-pushpin0</styleUrl>
                    <Point>
                        <extrude>1</extrude>
                        <altitudeMode>absolute</altitudeMode>
                        <gx:drawOrder>1</gx:drawOrder>
                        <coordinates>2.252886677163,47.353231385394,875.02490234375</coordinates>
                    </Point>
                </Placemark>
                
                <Placemark>
                    <name>10:19:17 - 88 kts - 2873 ft</name>
                    <visibility>0</visibility>
                    <description>latitude: 47.348439
longitude: 2.254064
altitude: 876 m / 2873 ft
elevation: 155 m / 509 ft
course: 171°
speed: 88 kts
</description>
                    <LookAt>
                        <longitude>2.2540642507395</longitude>
                        <latitude>47.348439325623</latitude>
                        <altitude>0</altitude>
                        <heading>0</heading>
                        <tilt>70</tilt>
                        <range>3000</range>
                        <gx:altitudeMode>relativeToSeaFloor</gx:altitudeMode>
                    </LookAt>
                    <styleUrl>#msn_ylw-pushpin0</styleUrl>
                    <Point>
                        <extrude>1</extrude>
                        <altitudeMode>absolute</altitudeMode>
                        <gx:drawOrder>1</gx:drawOrder>
                        <coordinates>2.2540642507395,47.348439325623,875.81298828125</coordinates>
                    </Point>
                </Placemark>
                
                <Placemark>
                    <name>10:19:29 - 87 kts - 2872 ft</name>
                    <visibility>0</visibility>
                    <description>latitude: 47.343652
longitude: 2.255237
altitude: 875 m / 2872 ft
elevation: 156 m / 512 ft
course: 171°
speed: 87 kts
</description>
                    <LookAt>
                        <longitude>2.2552370466313</longitude>
                        <latitude>47.343652127355</latitude>
                        <altitude>0</altitude>
                        <heading>0</heading>
                        <tilt>70</tilt>
                        <range>3000</range>
                        <gx:altitudeMode>relativeToSeaFloor</gx:altitudeMode>
                    </LookAt>
                    <styleUrl>#msn_ylw-pushpin0</styleUrl>
                    <Point>
                        <extrude>1</extrude>
                        <altitudeMode>absolute</altitudeMode>
                        <gx:drawOrder>1</gx:drawOrder>
                        <coordinates>2.2552370466313,47.343652127355,875.46655273438</coordinates>
                    </Point>
                </Placemark>
                
                <Placemark>
                    <name>10:19:41 - 87 kts - 2872 ft</name>
                    <visibility>0</visibility>
                    <description>latitude: 47.338879
longitude: 2.256416
altitude: 875 m / 2872 ft
elevation: 160 m / 525 ft
course: 170°
speed: 87 kts
</description>
                    <LookAt>
                        <longitude>2.2564155422172</longitude>
                        <latitude>47.338878759227</latitude>
                        <altitude>0</altitude>
                        <heading>0</heading>
                        <tilt>70</tilt>
                        <range>3000</range>
                        <gx:altitudeMode>relativeToSeaFloor</gx:altitudeMode>
                    </LookAt>
                    <styleUrl>#msn_ylw-pushpin0</styleUrl>
                    <Point>
                        <extrude>1</extrude>
                        <altitudeMode>absolute</altitudeMode>
                        <gx:drawOrder>1</gx:drawOrder>
                        <coordinates>2.2564155422172,47.338878759227,875.23706054688</coordinates>
                    </Point>
                </Placemark>
                
                <Placemark>
                    <name>10:19:53 - 87 kts - 2875 ft</name>
                    <visibility>0</visibility>
                    <description>latitude: 47.334129
longitude: 2.257627
altitude: 876 m / 2875 ft
elevation: 160 m / 525 ft
course: 170°
speed: 87 kts
</description>
                    <LookAt>
                        <longitude>2.2576273139587</longitude>
                        <latitude>47.334128986157</latitude>
                        <altitude>0</altitude>
                        <heading>0</heading>
                        <tilt>70</tilt>
                        <range>3000</range>
                        <gx:altitudeMode>relativeToSeaFloor</gx:altitudeMode>
                    </LookAt>
                    <styleUrl>#msn_ylw-pushpin0</styleUrl>
                    <Point>
                        <extrude>1</extrude>
                        <altitudeMode>absolute</altitudeMode>
                        <gx:drawOrder>1</gx:drawOrder>
                        <coordinates>2.2576273139587,47.334128986157,876.36059570312</coordinates>
                    </Point>
                </Placemark>
                
                <Placemark>
                    <name>10:20:05 - 87 kts - 2876 ft</name>
                    <visibility>0</visibility>
                    <description>latitude: 47.329401
longitude: 2.258884
altitude: 877 m / 2876 ft
elevation: 156 m / 512 ft
course: 169°
speed: 87 kts
</description>
                    <LookAt>
                        <longitude>2.2588835936061</longitude>
                        <latitude>47.32940054503</latitude>
                        <altitude>0</altitude>
                        <heading>0</heading>
                        <tilt>70</tilt>
                        <range>3000</range>
                        <gx:altitudeMode>relativeToSeaFloor</gx:altitudeMode>
                    </LookAt>
                    <styleUrl>#msn_ylw-pushpin0</styleUrl>
                    <Point>
                        <extrude>1</extrude>
                        <altitudeMode>absolute</altitudeMode>
                        <gx:drawOrder>1</gx:drawOrder>
                        <coordinates>2.2588835936061,47.32940054503,876.53039550781</coordinates>
                    </Point>
                </Placemark>
                
                <Placemark>
                    <name>10:20:17 - 86 kts - 2876 ft</name>
                    <visibility>0</visibility>
                    <description>latitude: 47.324693
longitude: 2.260191
altitude: 877 m / 2876 ft
elevation: 163 m / 535 ft
course: 169°
speed: 86 kts
</description>
                    <LookAt>
                        <longitude>2.2601907514057</longitude>
                        <latitude>47.324692974842</latitude>
                        <altitude>0</altitude>
                        <heading>0</heading>
                        <tilt>70</tilt>
                        <range>3000</range>
                        <gx:altitudeMode>relativeToSeaFloor</gx:altitudeMode>
                    </LookAt>
                    <styleUrl>#msn_ylw-pushpin0</styleUrl>
                    <Point>
                        <extrude>1</extrude>
                        <altitudeMode>absolute</altitudeMode>
                        <gx:drawOrder>1</gx:drawOrder>
                        <coordinates>2.2601907514057,47.324692974842,876.54028320312</coordinates>
                    </Point>
                </Placemark>
                
                <Placemark>
                    <name>10:20:29 - 86 kts - 2875 ft</name>
                    <visibility>0</visibility>
                    <description>latitude: 47.320011
longitude: 2.261494
altitude: 876 m / 2875 ft
elevation: 150 m / 492 ft
course: 169°
speed: 86 kts
</description>
                    <LookAt>
                        <longitude>2.2614938858918</longitude>
                        <latitude>47.320010634183</latitude>
                        <altitude>0</altitude>
                        <heading>0</heading>
                        <tilt>70</tilt>
                        <range>3000</range>
                        <gx:altitudeMode>relativeToSeaFloor</gx:altitudeMode>
                    </LookAt>
                    <styleUrl>#msn_ylw-pushpin0</styleUrl>
                    <Point>
                        <extrude>1</extrude>
                        <altitudeMode>absolute</altitudeMode>
                        <gx:drawOrder>1</gx:drawOrder>
                        <coordinates>2.2614938858918,47.320010634183,876.16845703125</coordinates>
                    </Point>
                </Placemark>
                
                <Placemark>
                    <name>10:20:41 - 85 kts - 2877 ft</name>
                    <visibility>0</visibility>
                    <description>latitude: 47.315339
longitude: 2.262709
altitude: 877 m / 2877 ft
elevation: 148 m / 486 ft
course: 171°
speed: 85 kts
</description>
                    <LookAt>
                        <longitude>2.2627086751184</longitude>
                        <latitude>47.315339148089</latitude>
                        <altitude>0</altitude>
                        <heading>0</heading>
                        <tilt>70</tilt>
                        <range>3000</range>
                        <gx:altitudeMode>relativeToSeaFloor</gx:altitudeMode>
                    </LookAt>
                    <styleUrl>#msn_ylw-pushpin0</styleUrl>
                    <Point>
                        <extrude>1</extrude>
                        <altitudeMode>absolute</altitudeMode>
                        <gx:drawOrder>1</gx:drawOrder>
                        <coordinates>2.2627086751184,47.315339148089,876.76806640625</coordinates>
                    </Point>
                </Placemark>
                
                <Placemark>
                    <name>10:20:53 - 86 kts - 2875 ft</name>
                    <visibility>0</visibility>
                    <description>latitude: 47.310658
longitude: 2.263871
altitude: 876 m / 2875 ft
elevation: 152 m / 499 ft
course: 170°
speed: 86 kts
</description>
                    <LookAt>
                        <longitude>2.2638710774502</longitude>
                        <latitude>47.310657980896</latitude>
                        <altitude>0</altitude>
                        <heading>0</heading>
                        <tilt>70</tilt>
                        <range>3000</range>
                        <gx:altitudeMode>relativeToSeaFloor</gx:altitudeMode>
                    </LookAt>
                    <styleUrl>#msn_ylw-pushpin0</styleUrl>
                    <Point>
                        <extrude>1</extrude>
                        <altitudeMode>absolute</altitudeMode>
                        <gx:drawOrder>1</gx:drawOrder>
                        <coordinates>2.2638710774502,47.310657980896,876.45239257812</coordinates>
                    </Point>
                </Placemark>
                
                <Placemark>
                    <name>10:21:05 - 86 kts - 2874 ft</name>
                    <visibility>0</visibility>
                    <description>latitude: 47.305968
longitude: 2.265051
altitude: 876 m / 2874 ft
elevation: 149 m / 489 ft
course: 170°
speed: 86 kts
</description>
                    <LookAt>
                        <longitude>2.2650507465026</longitude>
                        <latitude>47.305968012705</latitude>
                        <altitude>0</altitude>
                        <heading>0</heading>
                        <tilt>70</tilt>
                        <range>3000</range>
                        <gx:altitudeMode>relativeToSeaFloor</gx:altitudeMode>
                    </LookAt>
                    <styleUrl>#msn_ylw-pushpin0</styleUrl>
                    <Point>
                        <extrude>1</extrude>
                        <altitudeMode>absolute</altitudeMode>
                        <gx:drawOrder>1</gx:drawOrder>
                        <coordinates>2.2650507465026,47.305968012705,875.89599609375</coordinates>
                    </Point>
                </Placemark>
                
                <Placemark>
                    <name>10:21:17 - 86 kts - 2873 ft</name>
                    <visibility>0</visibility>
                    <description>latitude: 47.301274
longitude: 2.266276
altitude: 876 m / 2873 ft
elevation: 153 m / 502 ft
course: 170°
speed: 86 kts
</description>
                    <LookAt>
                        <longitude>2.2662760969273</longitude>
                        <latitude>47.301273518286</latitude>
                        <altitude>0</altitude>
                        <heading>0</heading>
                        <tilt>70</tilt>
                        <range>3000</range>
                        <gx:altitudeMode>relativeToSeaFloor</gx:altitudeMode>
                    </LookAt>
                    <styleUrl>#msn_ylw-pushpin0</styleUrl>
                    <Point>
                        <extrude>1</extrude>
                        <altitudeMode>absolute</altitudeMode>
                        <gx:drawOrder>1</gx:drawOrder>
                        <coordinates>2.2662760969273,47.301273518286,875.63879394531</coordinates>
                    </Point>
                </Placemark>
                
                <Placemark>
                    <name>10:21:29 - 86 kts - 2873 ft</name>
                    <visibility>0</visibility>
                    <description>latitude: 47.296592
longitude: 2.267555
altitude: 876 m / 2873 ft
elevation: 155 m / 509 ft
course: 169°
speed: 86 kts
</description>
                    <LookAt>
                        <longitude>2.2675550077132</longitude>
                        <latitude>47.296591554812</latitude>
                        <altitude>0</altitude>
                        <heading>0</heading>
                        <tilt>70</tilt>
                        <range>3000</range>
                        <gx:altitudeMode>relativeToSeaFloor</gx:altitudeMode>
                    </LookAt>
                    <styleUrl>#msn_ylw-pushpin0</styleUrl>
                    <Point>
                        <extrude>1</extrude>
                        <altitudeMode>absolute</altitudeMode>
                        <gx:drawOrder>1</gx:drawOrder>
                        <coordinates>2.2675550077132,47.296591554812,875.76318359375</coordinates>
                    </Point>
                </Placemark>
                
                <Placemark>
                    <name>10:21:41 - 86 kts - 2870 ft</name>
                    <visibility>0</visibility>
                    <description>latitude: 47.291906
longitude: 2.268858
altitude: 875 m / 2870 ft
elevation: 152 m / 499 ft
course: 170°
speed: 86 kts
</description>
                    <LookAt>
                        <longitude>2.2688580583802</longitude>
                        <latitude>47.291905987121</latitude>
                        <altitude>0</altitude>
                        <heading>0</heading>
                        <tilt>70</tilt>
                        <range>3000</range>
                        <gx:altitudeMode>relativeToSeaFloor</gx:altitudeMode>
                    </LookAt>
                    <styleUrl>#msn_ylw-pushpin0</styleUrl>
                    <Point>
                        <extrude>1</extrude>
                        <altitudeMode>absolute</altitudeMode>
                        <gx:drawOrder>1</gx:drawOrder>
                        <coordinates>2.2688580583802,47.291905987121,874.71667480469</coordinates>
                    </Point>
                </Placemark>
                
                <Placemark>
                    <name>10:21:53 - 86 kts - 2870 ft</name>
                    <visibility>0</visibility>
                    <description>latitude: 47.287216
longitude: 2.270041
altitude: 875 m / 2870 ft
elevation: 160 m / 525 ft
course: 171°
speed: 86 kts
</description>
                    <LookAt>
                        <longitude>2.2700409963748</longitude>
                        <latitude>47.287216396115</latitude>
                        <altitude>0</altitude>
                        <heading>0</heading>
                        <tilt>70</tilt>
                        <range>3000</range>
                        <gx:altitudeMode>relativeToSeaFloor</gx:altitudeMode>
                    </LookAt>
                    <styleUrl>#msn_ylw-pushpin0</styleUrl>
                    <Point>
                        <extrude>1</extrude>
                        <altitudeMode>absolute</altitudeMode>
                        <gx:drawOrder>1</gx:drawOrder>
                        <coordinates>2.2700409963748,47.287216396115,874.75927734375</coordinates>
                    </Point>
                </Placemark>
                
                <Placemark>
                    <name>10:22:05 - 86 kts - 2873 ft</name>
                    <visibility>0</visibility>
                    <description>latitude: 47.282508
longitude: 2.271112
altitude: 876 m / 2873 ft
elevation: 164 m / 538 ft
course: 172°
speed: 86 kts
</description>
                    <LookAt>
                        <longitude>2.271111784505</longitude>
                        <latitude>47.282507652461</latitude>
                        <altitude>0</altitude>
                        <heading>0</heading>
                        <tilt>70</tilt>
                        <range>3000</range>
                        <gx:altitudeMode>relativeToSeaFloor</gx:altitudeMode>
                    </LookAt>
                    <styleUrl>#msn_ylw-pushpin0</styleUrl>
                    <Point>
                        <extrude>1</extrude>
                        <altitudeMode>absolute</altitudeMode>
                        <gx:drawOrder>1</gx:drawOrder>
                        <coordinates>2.271111784505,47.282507652461,875.67114257812</coordinates>
                    </Point>
                </Placemark>
                
                <Placemark>
                    <name>10:22:17 - 86 kts - 2874 ft</name>
                    <visibility>0</visibility>
                    <description>latitude: 47.277804
longitude: 2.272159
altitude: 876 m / 2874 ft
elevation: 163 m / 535 ft
course: 171°
speed: 86 kts
</description>
                    <LookAt>
                        <longitude>2.272158516573</longitude>
                        <latitude>47.277803896039</latitude>
                        <altitude>0</altitude>
                        <heading>0</heading>
                        <tilt>70</tilt>
                        <range>3000</range>
                        <gx:altitudeMode>relativeToSeaFloor</gx:altitudeMode>
                    </LookAt>
                    <styleUrl>#msn_ylw-pushpin0</styleUrl>
                    <Point>
                        <extrude>1</extrude>
                        <altitudeMode>absolute</altitudeMode>
                        <gx:drawOrder>1</gx:drawOrder>
                        <coordinates>2.272158516573,47.277803896039,875.84838867188</coordinates>
                    </Point>
                </Placemark>
                
                <Placemark>
                    <name>10:22:29 - 87 kts - 2873 ft</name>
                    <visibility>0</visibility>
                    <description>latitude: 47.273077
longitude: 2.273356
altitude: 876 m / 2873 ft
elevation: 170 m / 558 ft
course: 169°
speed: 87 kts
</description>
                    <LookAt>
                        <longitude>2.2733557876221</longitude>
                        <latitude>47.273076586469</latitude>
                        <altitude>0</altitude>
                        <heading>0</heading>
                        <tilt>70</tilt>
                        <range>3000</range>
                        <gx:altitudeMode>relativeToSeaFloor</gx:altitudeMode>
                    </LookAt>
                    <styleUrl>#msn_ylw-pushpin0</styleUrl>
                    <Point>
                        <extrude>1</extrude>
                        <altitudeMode>absolute</altitudeMode>
                        <gx:drawOrder>1</gx:drawOrder>
                        <coordinates>2.2733557876221,47.273076586469,875.77038574219</coordinates>
                    </Point>
                </Placemark>
                
                <Placemark>
                    <name>10:22:41 - 87 kts - 2872 ft</name>
                    <visibility>0</visibility>
                    <description>latitude: 47.268356
longitude: 2.274724
altitude: 875 m / 2872 ft
elevation: 178 m / 584 ft
course: 168°
speed: 87 kts
</description>
                    <LookAt>
                        <longitude>2.2747240494958</longitude>
                        <latitude>47.268356485336</latitude>
                        <altitude>0</altitude>
                        <heading>0</heading>
                        <tilt>70</tilt>
                        <range>3000</range>
                        <gx:altitudeMode>relativeToSeaFloor</gx:altitudeMode>
                    </LookAt>
                    <styleUrl>#msn_ylw-pushpin0</styleUrl>
                    <Point>
                        <extrude>1</extrude>
                        <altitudeMode>absolute</altitudeMode>
                        <gx:drawOrder>1</gx:drawOrder>
                        <coordinates>2.2747240494958,47.268356485336,875.4560546875</coordinates>
                    </Point>
                </Placemark>
                
                <Placemark>
                    <name>10:22:53 - 87 kts - 2868 ft</name>
                    <visibility>0</visibility>
                    <description>latitude: 47.263621
longitude: 2.276103
altitude: 874 m / 2868 ft
elevation: 160 m / 525 ft
course: 169°
speed: 87 kts
</description>
                    <LookAt>
                        <longitude>2.2761032078436</longitude>
                        <latitude>47.263620793863</latitude>
                        <altitude>0</altitude>
                        <heading>0</heading>
                        <tilt>70</tilt>
                        <range>3000</range>
                        <gx:altitudeMode>relativeToSeaFloor</gx:altitudeMode>
                    </LookAt>
                    <styleUrl>#msn_ylw-pushpin0</styleUrl>
                    <Point>
                        <extrude>1</extrude>
                        <altitudeMode>absolute</altitudeMode>
                        <gx:drawOrder>1</gx:drawOrder>
                        <coordinates>2.2761032078436,47.263620793863,874.041015625</coordinates>
                    </Point>
                </Placemark>
                
                <Placemark>
                    <name>10:23:05 - 87 kts - 2869 ft</name>
                    <visibility>0</visibility>
                    <description>latitude: 47.258885
longitude: 2.277402
altitude: 874 m / 2869 ft
elevation: 180 m / 591 ft
course: 169°
speed: 87 kts
</description>
                    <LookAt>
                        <longitude>2.2774024866543</longitude>
                        <latitude>47.258885228119</latitude>
                        <altitude>0</altitude>
                        <heading>0</heading>
                        <tilt>70</tilt>
                        <range>3000</range>
                        <gx:altitudeMode>relativeToSeaFloor</gx:altitudeMode>
                    </LookAt>
                    <styleUrl>#msn_ylw-pushpin0</styleUrl>
                    <Point>
                        <extrude>1</extrude>
                        <altitudeMode>absolute</altitudeMode>
                        <gx:drawOrder>1</gx:drawOrder>
                        <coordinates>2.2774024866543,47.258885228119,874.35522460938</coordinates>
                    </Point>
                </Placemark>
                
                <Placemark>
                    <name>10:23:16 - 87 kts - 2869 ft</name>
                    <visibility>0</visibility>
                    <description>latitude: 47.254148
longitude: 2.278637
altitude: 874 m / 2869 ft
elevation: 173 m / 568 ft
course: 171°
speed: 87 kts
</description>
                    <LookAt>
                        <longitude>2.2786372248105</longitude>
                        <latitude>47.254147734537</latitude>
                        <altitude>0</altitude>
                        <heading>0</heading>
                        <tilt>70</tilt>
                        <range>3000</range>
                        <gx:altitudeMode>relativeToSeaFloor</gx:altitudeMode>
                    </LookAt>
                    <styleUrl>#msn_ylw-pushpin0</styleUrl>
                    <Point>
                        <extrude>1</extrude>
                        <altitudeMode>absolute</altitudeMode>
                        <gx:drawOrder>1</gx:drawOrder>
                        <coordinates>2.2786372248105,47.254147734537,874.4990234375</coordinates>
                    </Point>
                </Placemark>
                
                <Placemark>
                    <name>10:23:29 - 86 kts - 2872 ft</name>
                    <visibility>0</visibility>
                    <description>latitude: 47.249416
longitude: 2.279787
altitude: 875 m / 2872 ft
elevation: 181 m / 594 ft
course: 171°
speed: 86 kts
</description>
                    <LookAt>
                        <longitude>2.2797868028304</longitude>
                        <latitude>47.249416066378</latitude>
                        <altitude>0</altitude>
                        <heading>0</heading>
                        <tilt>70</tilt>
                        <range>3000</range>
                        <gx:altitudeMode>relativeToSeaFloor</gx:altitudeMode>
                    </LookAt>
                    <styleUrl>#msn_ylw-pushpin0</styleUrl>
                    <Point>
                        <extrude>1</extrude>
                        <altitudeMode>absolute</altitudeMode>
                        <gx:drawOrder>1</gx:drawOrder>
                        <coordinates>2.2797868028304,47.249416066378,875.31884765625</coordinates>
                    </Point>
                </Placemark>
                
                <Placemark>
                    <name>10:23:41 - 86 kts - 2874 ft</name>
                    <visibility>0</visibility>
                    <description>latitude: 47.244691
longitude: 2.280927
altitude: 876 m / 2874 ft
elevation: 178 m / 584 ft
course: 171°
speed: 86 kts
</description>
                    <LookAt>
                        <longitude>2.280927328395</longitude>
                        <latitude>47.244691019922</latitude>
                        <altitude>0</altitude>
                        <heading>0</heading>
                        <tilt>70</tilt>
                        <range>3000</range>
                        <gx:altitudeMode>relativeToSeaFloor</gx:altitudeMode>
                    </LookAt>
                    <styleUrl>#msn_ylw-pushpin0</styleUrl>
                    <Point>
                        <extrude>1</extrude>
                        <altitudeMode>absolute</altitudeMode>
                        <gx:drawOrder>1</gx:drawOrder>
                        <coordinates>2.280927328395,47.244691019922,875.98510742188</coordinates>
                    </Point>
                </Placemark>
                
                <Placemark>
                    <name>10:23:53 - 87 kts - 2870 ft</name>
                    <visibility>0</visibility>
                    <description>latitude: 47.239947
longitude: 2.282125
altitude: 875 m / 2870 ft
elevation: 174 m / 571 ft
course: 170°
speed: 87 kts
</description>
                    <LookAt>
                        <longitude>2.282124683263</longitude>
                        <latitude>47.239947239912</latitude>
                        <altitude>0</altitude>
                        <heading>0</heading>
                        <tilt>70</tilt>
                        <range>3000</range>
                        <gx:altitudeMode>relativeToSeaFloor</gx:altitudeMode>
                    </LookAt>
                    <styleUrl>#msn_ylw-pushpin0</styleUrl>
                    <Point>
                        <extrude>1</extrude>
                        <altitudeMode>absolute</altitudeMode>
                        <gx:drawOrder>1</gx:drawOrder>
                        <coordinates>2.282124683263,47.239947239912,874.7978515625</coordinates>
                    </Point>
                </Placemark>
                
                <Placemark>
                    <name>10:24:05 - 87 kts - 2866 ft</name>
                    <visibility>0</visibility>
                    <description>latitude: 47.235188
longitude: 2.283368
altitude: 874 m / 2866 ft
elevation: 171 m / 561 ft
course: 169°
speed: 87 kts
</description>
                    <LookAt>
                        <longitude>2.2833679709605</longitude>
                        <latitude>47.235188079111</latitude>
                        <altitude>0</altitude>
                        <heading>0</heading>
                        <tilt>70</tilt>
                        <range>3000</range>
                        <gx:altitudeMode>relativeToSeaFloor</gx:altitudeMode>
                    </LookAt>
                    <styleUrl>#msn_ylw-pushpin0</styleUrl>
                    <Point>
                        <extrude>1</extrude>
                        <altitudeMode>absolute</altitudeMode>
                        <gx:drawOrder>1</gx:drawOrder>
                        <coordinates>2.2833679709605,47.235188079111,873.59985351562</coordinates>
                    </Point>
                </Placemark>
                
                <Placemark>
                    <name>10:24:17 - 87 kts - 2868 ft</name>
                    <visibility>0</visibility>
                    <description>latitude: 47.230437
longitude: 2.284654
altitude: 874 m / 2868 ft
elevation: 157 m / 515 ft
course: 169°
speed: 87 kts
</description>
                    <LookAt>
                        <longitude>2.2846543416402</longitude>
                        <latitude>47.230437300212</latitude>
                        <altitude>0</altitude>
                        <heading>0</heading>
                        <tilt>70</tilt>
                        <range>3000</range>
                        <gx:altitudeMode>relativeToSeaFloor</gx:altitudeMode>
                    </LookAt>
                    <styleUrl>#msn_ylw-pushpin0</styleUrl>
                    <Point>
                        <extrude>1</extrude>
                        <altitudeMode>absolute</altitudeMode>
                        <gx:drawOrder>1</gx:drawOrder>
                        <coordinates>2.2846543416402,47.230437300212,874.28784179688</coordinates>
                    </Point>
                </Placemark>
                
                <Placemark>
                    <name>10:24:29 - 87 kts - 2866 ft</name>
                    <visibility>0</visibility>
                    <description>latitude: 47.225706
longitude: 2.285968
altitude: 874 m / 2866 ft
elevation: 164 m / 538 ft
course: 169°
speed: 87 kts
</description>
                    <LookAt>
                        <longitude>2.2859677020482</longitude>
                        <latitude>47.22570588351</latitude>
                        <altitude>0</altitude>
                        <heading>0</heading>
                        <tilt>70</tilt>
                        <range>3000</range>
                        <gx:altitudeMode>relativeToSeaFloor</gx:altitudeMode>
                    </LookAt>
                    <styleUrl>#msn_ylw-pushpin0</styleUrl>
                    <Point>
                        <extrude>1</extrude>
                        <altitudeMode>absolute</altitudeMode>
                        <gx:drawOrder>1</gx:drawOrder>
                        <coordinates>2.2859677020482,47.22570588351,873.69116210938</coordinates>
                    </Point>
                </Placemark>
                
                <Placemark>
                    <name>10:24:41 - 87 kts - 2867 ft</name>
                    <visibility>0</visibility>
                    <description>latitude: 47.220969
longitude: 2.287279
altitude: 874 m / 2867 ft
elevation: 167 m / 548 ft
course: 170°
speed: 87 kts
</description>
                    <LookAt>
                        <longitude>2.2872790507994</longitude>
                        <latitude>47.220968641385</latitude>
                        <altitude>0</altitude>
                        <heading>0</heading>
                        <tilt>70</tilt>
                        <range>3000</range>
                        <gx:altitudeMode>relativeToSeaFloor</gx:altitudeMode>
                    </LookAt>
                    <styleUrl>#msn_ylw-pushpin0</styleUrl>
                    <Point>
                        <extrude>1</extrude>
                        <altitudeMode>absolute</altitudeMode>
                        <gx:drawOrder>1</gx:drawOrder>
                        <coordinates>2.2872790507994,47.220968641385,873.83422851562</coordinates>
                    </Point>
                </Placemark>
                
                <Placemark>
                    <name>10:24:53 - 87 kts - 2867 ft</name>
                    <visibility>0</visibility>
                    <description>latitude: 47.216202
longitude: 2.288476
altitude: 874 m / 2867 ft
elevation: 174 m / 571 ft
course: 171°
speed: 87 kts
</description>
                    <LookAt>
                        <longitude>2.2884764056674</longitude>
                        <latitude>47.216201685413</latitude>
                        <altitude>0</altitude>
                        <heading>0</heading>
                        <tilt>70</tilt>
                        <range>3000</range>
                        <gx:altitudeMode>relativeToSeaFloor</gx:altitudeMode>
                    </LookAt>
                    <styleUrl>#msn_ylw-pushpin0</styleUrl>
                    <Point>
                        <extrude>1</extrude>
                        <altitudeMode>absolute</altitudeMode>
                        <gx:drawOrder>1</gx:drawOrder>
                        <coordinates>2.2884764056674,47.216201685413,873.87756347656</coordinates>
                    </Point>
                </Placemark>
                
                <Placemark>
                    <name>10:25:05 - 87 kts - 2867 ft</name>
                    <visibility>0</visibility>
                    <description>latitude: 47.211432
longitude: 2.289574
altitude: 874 m / 2867 ft
elevation: 166 m / 545 ft
course: 171°
speed: 87 kts
</description>
                    <LookAt>
                        <longitude>2.2895737644306</longitude>
                        <latitude>47.211432424418</latitude>
                        <altitude>0</altitude>
                        <heading>0</heading>
                        <tilt>70</tilt>
                        <range>3000</range>
                        <gx:altitudeMode>relativeToSeaFloor</gx:altitudeMode>
                    </LookAt>
                    <styleUrl>#msn_ylw-pushpin0</styleUrl>
                    <Point>
                        <extrude>1</extrude>
                        <altitudeMode>absolute</altitudeMode>
                        <gx:drawOrder>1</gx:drawOrder>
                        <coordinates>2.2895737644306,47.211432424418,873.85424804688</coordinates>
                    </Point>
                </Placemark>
                
                <Placemark>
                    <name>10:25:17 - 87 kts - 2866 ft</name>
                    <visibility>0</visibility>
                    <description>latitude: 47.206657
longitude: 2.290718
altitude: 874 m / 2866 ft
elevation: 173 m / 568 ft
course: 171°
speed: 87 kts
</description>
                    <LookAt>
                        <longitude>2.2907182294897</longitude>
                        <latitude>47.206657128453</latitude>
                        <altitude>0</altitude>
                        <heading>0</heading>
                        <tilt>70</tilt>
                        <range>3000</range>
                        <gx:altitudeMode>relativeToSeaFloor</gx:altitudeMode>
                    </LookAt>
                    <styleUrl>#msn_ylw-pushpin0</styleUrl>
                    <Point>
                        <extrude>1</extrude>
                        <altitudeMode>absolute</altitudeMode>
                        <gx:drawOrder>1</gx:drawOrder>
                        <coordinates>2.2907182294897,47.206657128453,873.61108398438</coordinates>
                    </Point>
                </Placemark>
                
                <Placemark>
                    <name>10:25:29 - 86 kts - 2868 ft</name>
                    <visibility>0</visibility>
                    <description>latitude: 47.201912
longitude: 2.291922
altitude: 874 m / 2868 ft
elevation: 164 m / 538 ft
course: 170°
speed: 86 kts
</description>
                    <LookAt>
                        <longitude>2.2919217869661</longitude>
                        <latitude>47.201911504424</latitude>
                        <altitude>0</altitude>
                        <heading>0</heading>
                        <tilt>70</tilt>
                        <range>3000</range>
                        <gx:altitudeMode>relativeToSeaFloor</gx:altitudeMode>
                    </LookAt>
                    <styleUrl>#msn_ylw-pushpin0</styleUrl>
                    <Point>
                        <extrude>1</extrude>
                        <altitudeMode>absolute</altitudeMode>
                        <gx:drawOrder>1</gx:drawOrder>
                        <coordinates>2.2919217869661,47.201911504424,874.04467773438</coordinates>
                    </Point>
                </Placemark>
                
                <Placemark>
                    <name>10:25:41 - 86 kts - 2868 ft</name>
                    <visibility>0</visibility>
                    <description>latitude: 47.197185
longitude: 2.293136
altitude: 874 m / 2868 ft
elevation: 160 m / 525 ft
course: 170°
speed: 86 kts
</description>
                    <LookAt>
                        <longitude>2.2931363247356</longitude>
                        <latitude>47.197184865407</latitude>
                        <altitude>0</altitude>
                        <heading>0</heading>
                        <tilt>70</tilt>
                        <range>3000</range>
                        <gx:altitudeMode>relativeToSeaFloor</gx:altitudeMode>
                    </LookAt>
                    <styleUrl>#msn_ylw-pushpin0</styleUrl>
                    <Point>
                        <extrude>1</extrude>
                        <altitudeMode>absolute</altitudeMode>
                        <gx:drawOrder>1</gx:drawOrder>
                        <coordinates>2.2931363247356,47.197184865407,874.23803710938</coordinates>
                    </Point>
                </Placemark>
                
                <Placemark>
                    <name>10:25:53 - 87 kts - 2866 ft</name>
                    <visibility>0</visibility>
                    <description>latitude: 47.192461
longitude: 2.294426
altitude: 873 m / 2866 ft
elevation: 167 m / 548 ft
course: 169°
speed: 87 kts
</description>
                    <LookAt>
                        <longitude>2.2944257129005</longitude>
                        <latitude>47.192460950508</latitude>
                        <altitude>0</altitude>
                        <heading>0</heading>
                        <tilt>70</tilt>
                        <range>3000</range>
                        <gx:altitudeMode>relativeToSeaFloor</gx:altitudeMode>
                    </LookAt>
                    <styleUrl>#msn_ylw-pushpin0</styleUrl>
                    <Point>
                        <extrude>1</extrude>
                        <altitudeMode>absolute</altitudeMode>
                        <gx:drawOrder>1</gx:drawOrder>
                        <coordinates>2.2944257129005,47.192460950508,873.44140625</coordinates>
                    </Point>
                </Placemark>
                
                <Placemark>
                    <name>10:26:05 - 86 kts - 2867 ft</name>
                    <visibility>0</visibility>
                    <description>latitude: 47.187749
longitude: 2.295787
altitude: 874 m / 2867 ft
elevation: 152 m / 499 ft
course: 169°
speed: 86 kts
</description>
                    <LookAt>
                        <longitude>2.2957865986994</longitude>
                        <latitude>47.187748937912</latitude>
                        <altitude>0</altitude>
                        <heading>0</heading>
                        <tilt>70</tilt>
                        <range>3000</range>
                        <gx:altitudeMode>relativeToSeaFloor</gx:altitudeMode>
                    </LookAt>
                    <styleUrl>#msn_ylw-pushpin0</styleUrl>
                    <Point>
                        <extrude>1</extrude>
                        <altitudeMode>absolute</altitudeMode>
                        <gx:drawOrder>1</gx:drawOrder>
                        <coordinates>2.2957865986994,47.187748937912,873.82348632812</coordinates>
                    </Point>
                </Placemark>
                
                <Placemark>
                    <name>10:26:17 - 86 kts - 2870 ft</name>
                    <visibility>0</visibility>
                    <description>latitude: 47.183043
longitude: 2.297084
altitude: 875 m / 2870 ft
elevation: 159 m / 522 ft
course: 169°
speed: 86 kts
</description>
                    <LookAt>
                        <longitude>2.2970838658533</longitude>
                        <latitude>47.18304254119</latitude>
                        <altitude>0</altitude>
                        <heading>0</heading>
                        <tilt>70</tilt>
                        <range>3000</range>
                        <gx:altitudeMode>relativeToSeaFloor</gx:altitudeMode>
                    </LookAt>
                    <styleUrl>#msn_ylw-pushpin0</styleUrl>
                    <Point>
                        <extrude>1</extrude>
                        <altitudeMode>absolute</altitudeMode>
                        <gx:drawOrder>1</gx:drawOrder>
                        <coordinates>2.2970838658533,47.18304254119,874.7880859375</coordinates>
                    </Point>
                </Placemark>
                
                <Placemark>
                    <name>10:26:29 - 87 kts - 2870 ft</name>
                    <visibility>0</visibility>
                    <description>latitude: 47.178302
longitude: 2.298273
altitude: 875 m / 2870 ft
elevation: 167 m / 548 ft
course: 171°
speed: 87 kts
</description>
                    <LookAt>
                        <longitude>2.2982730064563</longitude>
                        <latitude>47.178301694847</latitude>
                        <altitude>0</altitude>
                        <heading>0</heading>
                        <tilt>70</tilt>
                        <range>3000</range>
                        <gx:altitudeMode>relativeToSeaFloor</gx:altitudeMode>
                    </LookAt>
                    <styleUrl>#msn_ylw-pushpin0</styleUrl>
                    <Point>
                        <extrude>1</extrude>
                        <altitudeMode>absolute</altitudeMode>
                        <gx:drawOrder>1</gx:drawOrder>
                        <coordinates>2.2982730064563,47.178301694847,874.81616210938</coordinates>
                    </Point>
                </Placemark>
                
                <Placemark>
                    <name>10:26:41 - 87 kts - 2869 ft</name>
                    <visibility>0</visibility>
                    <description>latitude: 47.173514
longitude: 2.299401
altitude: 875 m / 2869 ft
elevation: 156 m / 512 ft
course: 171°
speed: 87 kts
</description>
                    <LookAt>
                        <longitude>2.2994010429851</longitude>
                        <latitude>47.173513909846</latitude>
                        <altitude>0</altitude>
                        <heading>0</heading>
                        <tilt>70</tilt>
                        <range>3000</range>
                        <gx:altitudeMode>relativeToSeaFloor</gx:altitudeMode>
                    </LookAt>
                    <styleUrl>#msn_ylw-pushpin0</styleUrl>
                    <Point>
                        <extrude>1</extrude>
                        <altitudeMode>absolute</altitudeMode>
                        <gx:drawOrder>1</gx:drawOrder>
                        <coordinates>2.2994010429851,47.173513909846,874.57897949219</coordinates>
                    </Point>
                </Placemark>
                
                <Placemark>
                    <name>10:26:53 - 87 kts - 2867 ft</name>
                    <visibility>0</visibility>
                    <description>latitude: 47.168736
longitude: 2.300566
altitude: 874 m / 2867 ft
elevation: 138 m / 453 ft
course: 171°
speed: 87 kts
</description>
                    <LookAt>
                        <longitude>2.3005657922498</longitude>
                        <latitude>47.168735596395</latitude>
                        <altitude>0</altitude>
                        <heading>0</heading>
                        <tilt>70</tilt>
                        <range>3000</range>
                        <gx:altitudeMode>relativeToSeaFloor</gx:altitudeMode>
                    </LookAt>
                    <styleUrl>#msn_ylw-pushpin0</styleUrl>
                    <Point>
                        <extrude>1</extrude>
                        <altitudeMode>absolute</altitudeMode>
                        <gx:drawOrder>1</gx:drawOrder>
                        <coordinates>2.3005657922498,47.168735596395,873.9970703125</coordinates>
                    </Point>
                </Placemark>
                
                <Placemark>
                    <name>10:27:05 - 87 kts - 2868 ft</name>
                    <visibility>0</visibility>
                    <description>latitude: 47.163968
longitude: 2.301799
altitude: 874 m / 2868 ft
elevation: 139 m / 456 ft
course: 170°
speed: 87 kts
</description>
                    <LookAt>
                        <longitude>2.3017985187492</longitude>
                        <latitude>47.163968430876</latitude>
                        <altitude>0</altitude>
                        <heading>0</heading>
                        <tilt>70</tilt>
                        <range>3000</range>
                        <gx:altitudeMode>relativeToSeaFloor</gx:altitudeMode>
                    </LookAt>
                    <styleUrl>#msn_ylw-pushpin0</styleUrl>
                    <Point>
                        <extrude>1</extrude>
                        <altitudeMode>absolute</altitudeMode>
                        <gx:drawOrder>1</gx:drawOrder>
                        <coordinates>2.3017985187492,47.163968430876,874.17041015625</coordinates>
                    </Point>
                </Placemark>
                
                <Placemark>
                    <name>10:27:17 - 87 kts - 2867 ft</name>
                    <visibility>0</visibility>
                    <description>latitude: 47.159226
longitude: 2.303082
altitude: 874 m / 2867 ft
elevation: 135 m / 443 ft
course: 169°
speed: 87 kts
</description>
                    <LookAt>
                        <longitude>2.3030818719438</longitude>
                        <latitude>47.159225698604</latitude>
                        <altitude>0</altitude>
                        <heading>0</heading>
                        <tilt>70</tilt>
                        <range>3000</range>
                        <gx:altitudeMode>relativeToSeaFloor</gx:altitudeMode>
                    </LookAt>
                    <styleUrl>#msn_ylw-pushpin0</styleUrl>
                    <Point>
                        <extrude>1</extrude>
                        <altitudeMode>absolute</altitudeMode>
                        <gx:drawOrder>1</gx:drawOrder>
                        <coordinates>2.3030818719438,47.159225698604,873.85864257812</coordinates>
                    </Point>
                </Placemark>
                
                <Placemark>
                    <name>10:27:29 - 87 kts - 2865 ft</name>
                    <visibility>0</visibility>
                    <description>latitude: 47.154467
longitude: 2.304425
altitude: 873 m / 2865 ft
elevation: 142 m / 466 ft
course: 169°
speed: 87 kts
</description>
                    <LookAt>
                        <longitude>2.3044246528319</longitude>
                        <latitude>47.154466956898</latitude>
                        <altitude>0</altitude>
                        <heading>0</heading>
                        <tilt>70</tilt>
                        <range>3000</range>
                        <gx:altitudeMode>relativeToSeaFloor</gx:altitudeMode>
                    </LookAt>
                    <styleUrl>#msn_ylw-pushpin0</styleUrl>
                    <Point>
                        <extrude>1</extrude>
                        <altitudeMode>absolute</altitudeMode>
                        <gx:drawOrder>1</gx:drawOrder>
                        <coordinates>2.3044246528319,47.154466956898,873.39135742188</coordinates>
                    </Point>
                </Placemark>
                
                <Placemark>
                    <name>10:27:41 - 87 kts - 2867 ft</name>
                    <visibility>0</visibility>
                    <description>latitude: 47.149725
longitude: 2.305734
altitude: 874 m / 2867 ft
elevation: 157 m / 515 ft
course: 170°
speed: 87 kts
</description>
                    <LookAt>
                        <longitude>2.3057342413834</longitude>
                        <latitude>47.149725440002</latitude>
                        <altitude>0</altitude>
                        <heading>0</heading>
                        <tilt>70</tilt>
                        <range>3000</range>
                        <gx:altitudeMode>relativeToSeaFloor</gx:altitudeMode>
                    </LookAt>
                    <styleUrl>#msn_ylw-pushpin0</styleUrl>
                    <Point>
                        <extrude>1</extrude>
                        <altitudeMode>absolute</altitudeMode>
                        <gx:drawOrder>1</gx:drawOrder>
                        <coordinates>2.3057342413834,47.149725440002,873.94287109375</coordinates>
                    </Point>
                </Placemark>
                
                <Placemark>
                    <name>10:27:53 - 87 kts - 2867 ft</name>
                    <visibility>0</visibility>
                    <description>latitude: 47.144984
longitude: 2.306933
altitude: 874 m / 2867 ft
elevation: 157 m / 515 ft
course: 171°
speed: 87 kts
</description>
                    <LookAt>
                        <longitude>2.3069334402702</longitude>
                        <latitude>47.144984048835</latitude>
                        <altitude>0</altitude>
                        <heading>0</heading>
                        <tilt>70</tilt>
                        <range>3000</range>
                        <gx:altitudeMode>relativeToSeaFloor</gx:altitudeMode>
                    </LookAt>
                    <styleUrl>#msn_ylw-pushpin0</styleUrl>
                    <Point>
                        <extrude>1</extrude>
                        <altitudeMode>absolute</altitudeMode>
                        <gx:drawOrder>1</gx:drawOrder>
                        <coordinates>2.3069334402702,47.144984048835,873.88208007812</coordinates>
                    </Point>
                </Placemark>
                
                <Placemark>
                    <name>10:28:05 - 86 kts - 2870 ft</name>
                    <visibility>0</visibility>
                    <description>latitude: 47.140252
longitude: 2.308049
altitude: 875 m / 2870 ft
elevation: 153 m / 502 ft
course: 171°
speed: 86 kts
</description>
                    <LookAt>
                        <longitude>2.3080486524872</longitude>
                        <latitude>47.140251961581</latitude>
                        <altitude>0</altitude>
                        <heading>0</heading>
                        <tilt>70</tilt>
                        <range>3000</range>
                        <gx:altitudeMode>relativeToSeaFloor</gx:altitudeMode>
                    </LookAt>
                    <styleUrl>#msn_ylw-pushpin0</styleUrl>
                    <Point>
                        <extrude>1</extrude>
                        <altitudeMode>absolute</altitudeMode>
                        <gx:drawOrder>1</gx:drawOrder>
                        <coordinates>2.3080486524872,47.140251961581,874.73754882812</coordinates>
                    </Point>
                </Placemark>
                
                <Placemark>
                    <name>10:28:17 - 86 kts - 2869 ft</name>
                    <visibility>0</visibility>
                    <description>latitude: 47.135536
longitude: 2.309174
altitude: 875 m / 2869 ft
elevation: 149 m / 489 ft
course: 171°
speed: 86 kts
</description>
                    <LookAt>
                        <longitude>2.3091737553499</longitude>
                        <latitude>47.135536344766</latitude>
                        <altitude>0</altitude>
                        <heading>0</heading>
                        <tilt>70</tilt>
                        <range>3000</range>
                        <gx:altitudeMode>relativeToSeaFloor</gx:altitudeMode>
                    </LookAt>
                    <styleUrl>#msn_ylw-pushpin0</styleUrl>
                    <Point>
                        <extrude>1</extrude>
                        <altitudeMode>absolute</altitudeMode>
                        <gx:drawOrder>1</gx:drawOrder>
                        <coordinates>2.3091737553499,47.135536344766,874.61987304688</coordinates>
                    </Point>
                </Placemark>
                
                <Placemark>
                    <name>10:28:29 - 86 kts - 2867 ft</name>
                    <visibility>0</visibility>
                    <description>latitude: 47.130838
longitude: 2.310352
altitude: 874 m / 2867 ft
elevation: 153 m / 502 ft
course: 170°
speed: 86 kts
</description>
                    <LookAt>
                        <longitude>2.3103518318406</longitude>
                        <latitude>47.130837659395</latitude>
                        <altitude>0</altitude>
                        <heading>0</heading>
                        <tilt>70</tilt>
                        <range>3000</range>
                        <gx:altitudeMode>relativeToSeaFloor</gx:altitudeMode>
                    </LookAt>
                    <styleUrl>#msn_ylw-pushpin0</styleUrl>
                    <Point>
                        <extrude>1</extrude>
                        <altitudeMode>absolute</altitudeMode>
                        <gx:drawOrder>1</gx:drawOrder>
                        <coordinates>2.3103518318406,47.130837659395,873.8984375</coordinates>
                    </Point>
                </Placemark>
                
                <Placemark>
                    <name>10:28:41 - 86 kts - 2866 ft</name>
                    <visibility>0</visibility>
                    <description>latitude: 47.126131
longitude: 2.311564
altitude: 873 m / 2866 ft
elevation: 155 m / 509 ft
course: 170°
speed: 86 kts
</description>
                    <LookAt>
                        <longitude>2.3115639388583</longitude>
                        <latitude>47.126130634031</latitude>
                        <altitude>0</altitude>
                        <heading>0</heading>
                        <tilt>70</tilt>
                        <range>3000</range>
                        <gx:altitudeMode>relativeToSeaFloor</gx:altitudeMode>
                    </LookAt>
                    <styleUrl>#msn_ylw-pushpin0</styleUrl>
                    <Point>
                        <extrude>1</extrude>
                        <altitudeMode>absolute</altitudeMode>
                        <gx:drawOrder>1</gx:drawOrder>
                        <coordinates>2.3115639388583,47.126130634031,873.43395996094</coordinates>
                    </Point>
                </Placemark>
                
                <Placemark>
                    <name>10:28:53 - 86 kts - 2865 ft</name>
                    <visibility>0</visibility>
                    <description>latitude: 47.121418
longitude: 2.312817
altitude: 873 m / 2865 ft
elevation: 153 m / 502 ft
course: 169°
speed: 86 kts
</description>
                    <LookAt>
                        <longitude>2.3128171172015</longitude>
                        <latitude>47.121417908973</latitude>
                        <altitude>0</altitude>
                        <heading>0</heading>
                        <tilt>70</tilt>
                        <range>3000</range>
                        <gx:altitudeMode>relativeToSeaFloor</gx:altitudeMode>
                    </LookAt>
                    <styleUrl>#msn_ylw-pushpin0</styleUrl>
                    <Point>
                        <extrude>1</extrude>
                        <altitudeMode>absolute</altitudeMode>
                        <gx:drawOrder>1</gx:drawOrder>
                        <coordinates>2.3128171172015,47.121417908973,873.345703125</coordinates>
                    </Point>
                </Placemark>
                
                <Placemark>
                    <name>10:29:05 - 85 kts - 2867 ft</name>
                    <visibility>0</visibility>
                    <description>latitude: 47.116735
longitude: 2.314088
altitude: 874 m / 2867 ft
elevation: 146 m / 479 ft
course: 169°
speed: 85 kts
</description>
                    <LookAt>
                        <longitude>2.3140878975413</longitude>
                        <latitude>47.116734897762</latitude>
                        <altitude>0</altitude>
                        <heading>0</heading>
                        <tilt>70</tilt>
                        <range>3000</range>
                        <gx:altitudeMode>relativeToSeaFloor</gx:altitudeMode>
                    </LookAt>
                    <styleUrl>#msn_ylw-pushpin0</styleUrl>
                    <Point>
                        <extrude>1</extrude>
                        <altitudeMode>absolute</altitudeMode>
                        <gx:drawOrder>1</gx:drawOrder>
                        <coordinates>2.3140878975413,47.116734897762,873.8623046875</coordinates>
                    </Point>
                </Placemark>
                
                <Placemark>
                    <name>10:29:17 - 85 kts - 2868 ft</name>
                    <visibility>0</visibility>
                    <description>latitude: 47.112088
longitude: 2.315398
altitude: 874 m / 2868 ft
elevation: 142 m / 466 ft
course: 169°
speed: 85 kts
</description>
                    <LookAt>
                        <longitude>2.3153984081022</longitude>
                        <latitude>47.112087551548</latitude>
                        <altitude>0</altitude>
                        <heading>0</heading>
                        <tilt>70</tilt>
                        <range>3000</range>
                        <gx:altitudeMode>relativeToSeaFloor</gx:altitudeMode>
                    </LookAt>
                    <styleUrl>#msn_ylw-pushpin0</styleUrl>
                    <Point>
                        <extrude>1</extrude>
                        <altitudeMode>absolute</altitudeMode>
                        <gx:drawOrder>1</gx:drawOrder>
                        <coordinates>2.3153984081022,47.112087551548,874.17895507812</coordinates>
                    </Point>
                </Placemark>
                
                <Placemark>
                    <name>10:29:28 - 85 kts - 2866 ft</name>
                    <visibility>0</visibility>
                    <description>latitude: 47.107462
longitude: 2.316679
altitude: 874 m / 2866 ft
elevation: 132 m / 433 ft
course: 170°
speed: 85 kts
</description>
                    <LookAt>
                        <longitude>2.3166788276307</longitude>
                        <latitude>47.107461788735</latitude>
                        <altitude>0</altitude>
                        <heading>0</heading>
                        <tilt>70</tilt>
                        <range>3000</range>
                        <gx:altitudeMode>relativeToSeaFloor</gx:altitudeMode>
                    </LookAt>
                    <styleUrl>#msn_ylw-pushpin0</styleUrl>
                    <Point>
                        <extrude>1</extrude>
                        <altitudeMode>absolute</altitudeMode>
                        <gx:drawOrder>1</gx:drawOrder>
                        <coordinates>2.3166788276307,47.107461788735,873.60180664062</coordinates>
                    </Point>
                </Placemark>
                
                <Placemark>
                    <name>10:29:41 - 85 kts - 2872 ft</name>
                    <visibility>0</visibility>
                    <description>latitude: 47.102820
longitude: 2.317813
altitude: 876 m / 2872 ft
elevation: 117 m / 384 ft
course: 171°
speed: 85 kts
</description>
                    <LookAt>
                        <longitude>2.3178131505869</longitude>
                        <latitude>47.102820477492</latitude>
                        <altitude>0</altitude>
                        <heading>0</heading>
                        <tilt>70</tilt>
                        <range>3000</range>
                        <gx:altitudeMode>relativeToSeaFloor</gx:altitudeMode>
                    </LookAt>
                    <styleUrl>#msn_ylw-pushpin0</styleUrl>
                    <Point>
                        <extrude>1</extrude>
                        <altitudeMode>absolute</altitudeMode>
                        <gx:drawOrder>1</gx:drawOrder>
                        <coordinates>2.3178131505869,47.102820477492,875.53784179688</coordinates>
                    </Point>
                </Placemark>
                
                <Placemark>
                    <name>10:29:53 - 85 kts - 2875 ft</name>
                    <visibility>0</visibility>
                    <description>latitude: 47.098151
longitude: 2.318908
altitude: 876 m / 2875 ft
elevation: 123 m / 404 ft
course: 171°
speed: 85 kts
</description>
                    <LookAt>
                        <longitude>2.3189083300553</longitude>
                        <latitude>47.098151338331</latitude>
                        <altitude>0</altitude>
                        <heading>0</heading>
                        <tilt>70</tilt>
                        <range>3000</range>
                        <gx:altitudeMode>relativeToSeaFloor</gx:altitudeMode>
                    </LookAt>
                    <styleUrl>#msn_ylw-pushpin0</styleUrl>
                    <Point>
                        <extrude>1</extrude>
                        <altitudeMode>absolute</altitudeMode>
                        <gx:drawOrder>1</gx:drawOrder>
                        <coordinates>2.3189083300553,47.098151338331,876.37487792969</coordinates>
                    </Point>
                </Placemark>
                
                <Placemark>
                    <name>10:30:05 - 86 kts - 2876 ft</name>
                    <visibility>0</visibility>
                    <description>latitude: 47.093465
longitude: 2.320037
altitude: 877 m / 2876 ft
elevation: 120 m / 394 ft
course: 170°
speed: 86 kts
</description>
                    <LookAt>
                        <longitude>2.3200371209554</longitude>
                        <latitude>47.093465351543</latitude>
                        <altitude>0</altitude>
                        <heading>0</heading>
                        <tilt>70</tilt>
                        <range>3000</range>
                        <gx:altitudeMode>relativeToSeaFloor</gx:altitudeMode>
                    </LookAt>
                    <styleUrl>#msn_ylw-pushpin0</styleUrl>
                    <Point>
                        <extrude>1</extrude>
                        <altitudeMode>absolute</altitudeMode>
                        <gx:drawOrder>1</gx:drawOrder>
                        <coordinates>2.3200371209554,47.093465351543,876.51281738281</coordinates>
                    </Point>
                </Placemark>
                
                <Placemark>
                    <name>10:30:17 - 86 kts - 2869 ft</name>
                    <visibility>0</visibility>
                    <description>latitude: 47.088781
longitude: 2.321240
altitude: 875 m / 2869 ft
elevation: 121 m / 397 ft
course: 170°
speed: 86 kts
</description>
                    <LookAt>
                        <longitude>2.3212395049653</longitude>
                        <latitude>47.08878074777</latitude>
                        <altitude>0</altitude>
                        <heading>0</heading>
                        <tilt>70</tilt>
                        <range>3000</range>
                        <gx:altitudeMode>relativeToSeaFloor</gx:altitudeMode>
                    </LookAt>
                    <styleUrl>#msn_ylw-pushpin0</styleUrl>
                    <Point>
                        <extrude>1</extrude>
                        <altitudeMode>absolute</altitudeMode>
                        <gx:drawOrder>1</gx:drawOrder>
                        <coordinates>2.3212395049653,47.08878074777,874.50244140625</coordinates>
                    </Point>
                </Placemark>
                
                <Placemark>
                    <name>10:30:29 - 85 kts - 2870 ft</name>
                    <visibility>0</visibility>
                    <description>latitude: 47.084129
longitude: 2.322477
altitude: 875 m / 2870 ft
elevation: 123 m / 404 ft
course: 169°
speed: 85 kts
</description>
                    <LookAt>
                        <longitude>2.3224767576925</longitude>
                        <latitude>47.084129252515</latitude>
                        <altitude>0</altitude>
                        <heading>0</heading>
                        <tilt>70</tilt>
                        <range>3000</range>
                        <gx:altitudeMode>relativeToSeaFloor</gx:altitudeMode>
                    </LookAt>
                    <styleUrl>#msn_ylw-pushpin0</styleUrl>
                    <Point>
                        <extrude>1</extrude>
                        <altitudeMode>absolute</altitudeMode>
                        <gx:drawOrder>1</gx:drawOrder>
                        <coordinates>2.3224767576925,47.084129252515,874.68383789062</coordinates>
                    </Point>
                </Placemark>
                
                <Placemark>
                    <name>10:30:41 - 85 kts - 2874 ft</name>
                    <visibility>0</visibility>
                    <description>latitude: 47.079513
longitude: 2.323736
altitude: 876 m / 2874 ft
elevation: 127 m / 417 ft
course: 169°
speed: 85 kts
</description>
                    <LookAt>
                        <longitude>2.3237358033679</longitude>
                        <latitude>47.079513464167</latitude>
                        <altitude>0</altitude>
                        <heading>0</heading>
                        <tilt>70</tilt>
                        <range>3000</range>
                        <gx:altitudeMode>relativeToSeaFloor</gx:altitudeMode>
                    </LookAt>
                    <styleUrl>#msn_ylw-pushpin0</styleUrl>
                    <Point>
                        <extrude>1</extrude>
                        <altitudeMode>absolute</altitudeMode>
                        <gx:drawOrder>1</gx:drawOrder>
                        <coordinates>2.3237358033679,47.079513464167,876.14233398438</coordinates>
                    </Point>
                </Placemark>
                
                <Placemark>
                    <name>10:30:53 - 85 kts - 2877 ft</name>
                    <visibility>0</visibility>
                    <description>latitude: 47.074876
longitude: 2.324985
altitude: 877 m / 2877 ft
elevation: 130 m / 427 ft
course: 170°
speed: 85 kts
</description>
                    <LookAt>
                        <longitude>2.3249853774927</longitude>
                        <latitude>47.074876218147</latitude>
                        <altitude>0</altitude>
                        <heading>0</heading>
                        <tilt>70</tilt>
                        <range>3000</range>
                        <gx:altitudeMode>relativeToSeaFloor</gx:altitudeMode>
                    </LookAt>
                    <styleUrl>#msn_ylw-pushpin0</styleUrl>
                    <Point>
                        <extrude>1</extrude>
                        <altitudeMode>absolute</altitudeMode>
                        <gx:drawOrder>1</gx:drawOrder>
                        <coordinates>2.3249853774927,47.074876218147,877.02465820312</coordinates>
                    </Point>
                </Placemark>
                
                <Placemark>
                    <name>10:31:05 - 85 kts - 2877 ft</name>
                    <visibility>0</visibility>
                    <description>latitude: 47.070225
longitude: 2.326178
altitude: 877 m / 2877 ft
elevation: 135 m / 443 ft
course: 171°
speed: 85 kts
</description>
                    <LookAt>
                        <longitude>2.326178122314</longitude>
                        <latitude>47.070224722891</latitude>
                        <altitude>0</altitude>
                        <heading>0</heading>
                        <tilt>70</tilt>
                        <range>3000</range>
                        <gx:altitudeMode>relativeToSeaFloor</gx:altitudeMode>
                    </LookAt>
                    <styleUrl>#msn_ylw-pushpin0</styleUrl>
                    <Point>
                        <extrude>1</extrude>
                        <altitudeMode>absolute</altitudeMode>
                        <gx:drawOrder>1</gx:drawOrder>
                        <coordinates>2.326178122314,47.070224722891,876.99926757812</coordinates>
                    </Point>
                </Placemark>
                
                <Placemark>
                    <name>10:31:17 - 85 kts - 2877 ft</name>
                    <visibility>0</visibility>
                    <description>latitude: 47.065553
longitude: 2.327303
altitude: 877 m / 2877 ft
elevation: 148 m / 486 ft
course: 171°
speed: 85 kts
</description>
                    <LookAt>
                        <longitude>2.3273034766338</longitude>
                        <latitude>47.065553446344</latitude>
                        <altitude>0</altitude>
                        <heading>0</heading>
                        <tilt>70</tilt>
                        <range>3000</range>
                        <gx:altitudeMode>relativeToSeaFloor</gx:altitudeMode>
                    </LookAt>
                    <styleUrl>#msn_ylw-pushpin0</styleUrl>
                    <Point>
                        <extrude>1</extrude>
                        <altitudeMode>absolute</altitudeMode>
                        <gx:drawOrder>1</gx:drawOrder>
                        <coordinates>2.3273034766338,47.065553446344,876.86108398438</coordinates>
                    </Point>
                </Placemark>
                
                <Placemark>
                    <name>10:31:29 - 85 kts - 2879 ft</name>
                    <visibility>0</visibility>
                    <description>latitude: 47.060895
longitude: 2.328453
altitude: 878 m / 2879 ft
elevation: 146 m / 479 ft
course: 170°
speed: 85 kts
</description>
                    <LookAt>
                        <longitude>2.3284533899299</longitude>
                        <latitude>47.060895329385</latitude>
                        <altitude>0</altitude>
                        <heading>0</heading>
                        <tilt>70</tilt>
                        <range>3000</range>
                        <gx:altitudeMode>relativeToSeaFloor</gx:altitudeMode>
                    </LookAt>
                    <styleUrl>#msn_ylw-pushpin0</styleUrl>
                    <Point>
                        <extrude>1</extrude>
                        <altitudeMode>absolute</altitudeMode>
                        <gx:drawOrder>1</gx:drawOrder>
                        <coordinates>2.3284533899299,47.060895329385,877.51171875</coordinates>
                    </Point>
                </Placemark>
                
                <Placemark>
                    <name>10:31:41 - 85 kts - 2878 ft</name>
                    <visibility>0</visibility>
                    <description>latitude: 47.056251
longitude: 2.329687
altitude: 877 m / 2878 ft
elevation: 149 m / 489 ft
course: 169°
speed: 85 kts
</description>
                    <LookAt>
                        <longitude>2.3296874575339</longitude>
                        <latitude>47.056251461661</latitude>
                        <altitude>0</altitude>
                        <heading>0</heading>
                        <tilt>70</tilt>
                        <range>3000</range>
                        <gx:altitudeMode>relativeToSeaFloor</gx:altitudeMode>
                    </LookAt>
                    <styleUrl>#msn_ylw-pushpin0</styleUrl>
                    <Point>
                        <extrude>1</extrude>
                        <altitudeMode>absolute</altitudeMode>
                        <gx:drawOrder>1</gx:drawOrder>
                        <coordinates>2.3296874575339,47.056251461661,877.28576660156</coordinates>
                    </Point>
                </Placemark>
                
                <Placemark>
                    <name>10:31:53 - 85 kts - 2876 ft</name>
                    <visibility>0</visibility>
                    <description>latitude: 47.051627
longitude: 2.330934
altitude: 877 m / 2876 ft
elevation: 155 m / 509 ft
course: 170°
speed: 85 kts
</description>
                    <LookAt>
                        <longitude>2.3309338465355</longitude>
                        <latitude>47.051627123772</latitude>
                        <altitude>0</altitude>
                        <heading>0</heading>
                        <tilt>70</tilt>
                        <range>3000</range>
                        <gx:altitudeMode>relativeToSeaFloor</gx:altitudeMode>
                    </LookAt>
                    <styleUrl>#msn_ylw-pushpin0</styleUrl>
                    <Point>
                        <extrude>1</extrude>
                        <altitudeMode>absolute</altitudeMode>
                        <gx:drawOrder>1</gx:drawOrder>
                        <coordinates>2.3309338465355,47.051627123772,876.68627929688</coordinates>
                    </Point>
                </Placemark>
                
                <Placemark>
                    <name>10:32:05 - 84 kts - 2881 ft</name>
                    <visibility>0</visibility>
                    <description>latitude: 47.047018
longitude: 2.332132
altitude: 878 m / 2881 ft
elevation: 157 m / 515 ft
course: 170°
speed: 84 kts
</description>
                    <LookAt>
                        <longitude>2.3321320395938</longitude>
                        <latitude>47.04701778949</latitude>
                        <altitude>0</altitude>
                        <heading>0</heading>
                        <tilt>70</tilt>
                        <range>3000</range>
                        <gx:altitudeMode>relativeToSeaFloor</gx:altitudeMode>
                    </LookAt>
                    <styleUrl>#msn_ylw-pushpin0</styleUrl>
                    <Point>
                        <extrude>1</extrude>
                        <altitudeMode>absolute</altitudeMode>
                        <gx:drawOrder>1</gx:drawOrder>
                        <coordinates>2.3321320395938,47.04701778949,878.021484375</coordinates>
                    </Point>
                </Placemark>
                
                <Placemark>
                    <name>10:32:17 - 84 kts - 2881 ft</name>
                    <visibility>0</visibility>
                    <description>latitude: 47.042399
longitude: 2.333270
altitude: 878 m / 2881 ft
elevation: 155 m / 509 ft
course: 171°
speed: 84 kts
</description>
                    <LookAt>
                        <longitude>2.3332697153113</longitude>
                        <latitude>47.042398983656</latitude>
                        <altitude>0</altitude>
                        <heading>0</heading>
                        <tilt>70</tilt>
                        <range>3000</range>
                        <gx:altitudeMode>relativeToSeaFloor</gx:altitudeMode>
                    </LookAt>
                    <styleUrl>#msn_ylw-pushpin0</styleUrl>
                    <Point>
                        <extrude>1</extrude>
                        <altitudeMode>absolute</altitudeMode>
                        <gx:drawOrder>1</gx:drawOrder>
                        <coordinates>2.3332697153113,47.042398983656,878.00048828125</coordinates>
                    </Point>
                </Placemark>
                
                <Placemark>
                    <name>10:32:29 - 85 kts - 2876 ft</name>
                    <visibility>0</visibility>
                    <description>latitude: 47.037764
longitude: 2.334372
altitude: 877 m / 2876 ft
elevation: 159 m / 522 ft
course: 171°
speed: 85 kts
</description>
                    <LookAt>
                        <longitude>2.3343721032164</longitude>
                        <latitude>47.037763958841</latitude>
                        <altitude>0</altitude>
                        <heading>0</heading>
                        <tilt>70</tilt>
                        <range>3000</range>
                        <gx:altitudeMode>relativeToSeaFloor</gx:altitudeMode>
                    </LookAt>
                    <styleUrl>#msn_ylw-pushpin0</styleUrl>
                    <Point>
                        <extrude>1</extrude>
                        <altitudeMode>absolute</altitudeMode>
                        <gx:drawOrder>1</gx:drawOrder>
                        <coordinates>2.3343721032164,47.037763958841,876.75012207031</coordinates>
                    </Point>
                </Placemark>
                
                <Placemark>
                    <name>10:32:41 - 84 kts - 2877 ft</name>
                    <visibility>0</visibility>
                    <description>latitude: 47.033144
longitude: 2.335542
altitude: 877 m / 2877 ft
elevation: 160 m / 525 ft
course: 170°
speed: 84 kts
</description>
                    <LookAt>
                        <longitude>2.335541630166</longitude>
                        <latitude>47.033143979541</latitude>
                        <altitude>0</altitude>
                        <heading>0</heading>
                        <tilt>70</tilt>
                        <range>3000</range>
                        <gx:altitudeMode>relativeToSeaFloor</gx:altitudeMode>
                    </LookAt>
                    <styleUrl>#msn_ylw-pushpin0</styleUrl>
                    <Point>
                        <extrude>1</extrude>
                        <altitudeMode>absolute</altitudeMode>
                        <gx:drawOrder>1</gx:drawOrder>
                        <coordinates>2.335541630166,47.033143979541,876.94506835938</coordinates>
                    </Point>
                </Placemark>
                
                <Placemark>
                    <name>10:32:53 - 83 kts - 2878 ft</name>
                    <visibility>0</visibility>
                    <description>latitude: 47.028584
longitude: 2.336782
altitude: 877 m / 2878 ft
elevation: 161 m / 528 ft
course: 169°
speed: 83 kts
</description>
                    <LookAt>
                        <longitude>2.3367817327402</longitude>
                        <latitude>47.028584182306</latitude>
                        <altitude>0</altitude>
                        <heading>0</heading>
                        <tilt>70</tilt>
                        <range>3000</range>
                        <gx:altitudeMode>relativeToSeaFloor</gx:altitudeMode>
                    </LookAt>
                    <styleUrl>#msn_ylw-pushpin0</styleUrl>
                    <Point>
                        <extrude>1</extrude>
                        <altitudeMode>absolute</altitudeMode>
                        <gx:drawOrder>1</gx:drawOrder>
                        <coordinates>2.3367817327402,47.028584182306,877.25231933594</coordinates>
                    </Point>
                </Placemark>
                
                <Placemark>
                    <name>10:33:05 - 83 kts - 2880 ft</name>
                    <visibility>0</visibility>
                    <description>latitude: 47.024057
longitude: 2.338034
altitude: 878 m / 2880 ft
elevation: 160 m / 525 ft
course: 170°
speed: 83 kts
</description>
                    <LookAt>
                        <longitude>2.3380344081692</longitude>
                        <latitude>47.024056655399</latitude>
                        <altitude>0</altitude>
                        <heading>0</heading>
                        <tilt>70</tilt>
                        <range>3000</range>
                        <gx:altitudeMode>relativeToSeaFloor</gx:altitudeMode>
                    </LookAt>
                    <styleUrl>#msn_ylw-pushpin0</styleUrl>
                    <Point>
                        <extrude>1</extrude>
                        <altitudeMode>absolute</altitudeMode>
                        <gx:drawOrder>1</gx:drawOrder>
                        <coordinates>2.3380344081692,47.024056655399,877.82104492188</coordinates>
                    </Point>
                </Placemark>
                
                <Placemark>
                    <name>10:33:17 - 87 kts - 2845 ft</name>
                    <visibility>0</visibility>
                    <description>latitude: 47.019398
longitude: 2.339275
altitude: 867 m / 2845 ft
elevation: 163 m / 535 ft
course: 170°
speed: 87 kts
</description>
                    <LookAt>
                        <longitude>2.3392752651147</longitude>
                        <latitude>47.019397784068</latitude>
                        <altitude>0</altitude>
                        <heading>0</heading>
                        <tilt>70</tilt>
                        <range>3000</range>
                        <gx:altitudeMode>relativeToSeaFloor</gx:altitudeMode>
                    </LookAt>
                    <styleUrl>#msn_ylw-pushpin0</styleUrl>
                    <Point>
                        <extrude>1</extrude>
                        <altitudeMode>absolute</altitudeMode>
                        <gx:drawOrder>1</gx:drawOrder>
                        <coordinates>2.3392752651147,47.019397784068,867.08984375</coordinates>
                    </Point>
                </Placemark>
                
                <Placemark>
                    <name>10:33:28 - 91 kts - 2773 ft</name>
                    <visibility>0</visibility>
                    <description>latitude: 47.014903
longitude: 2.340378
altitude: 845 m / 2773 ft
elevation: 164 m / 538 ft
course: 171°
speed: 91 kts
</description>
                    <LookAt>
                        <longitude>2.3403775692008</longitude>
                        <latitude>47.014903449497</latitude>
                        <altitude>0</altitude>
                        <heading>0</heading>
                        <tilt>70</tilt>
                        <range>3000</range>
                        <gx:altitudeMode>relativeToSeaFloor</gx:altitudeMode>
                    </LookAt>
                    <styleUrl>#msn_ylw-pushpin0</styleUrl>
                    <Point>
                        <extrude>1</extrude>
                        <altitudeMode>absolute</altitudeMode>
                        <gx:drawOrder>1</gx:drawOrder>
                        <coordinates>2.3403775692008,47.014903449497,845.27258300781</coordinates>
                    </Point>
                </Placemark>
                
                <Placemark>
                    <name>10:33:38 - 93 kts - 2700 ft</name>
                    <visibility>0</visibility>
                    <description>latitude: 47.010258
longitude: 2.341448
altitude: 823 m / 2700 ft
elevation: 163 m / 535 ft
course: 171°
speed: 93 kts
</description>
                    <LookAt>
                        <longitude>2.3414481896929</longitude>
                        <latitude>47.010257779664</latitude>
                        <altitude>0</altitude>
                        <heading>0</heading>
                        <tilt>70</tilt>
                        <range>3000</range>
                        <gx:altitudeMode>relativeToSeaFloor</gx:altitudeMode>
                    </LookAt>
                    <styleUrl>#msn_ylw-pushpin0</styleUrl>
                    <Point>
                        <extrude>1</extrude>
                        <altitudeMode>absolute</altitudeMode>
                        <gx:drawOrder>1</gx:drawOrder>
                        <coordinates>2.3414481896929,47.010257779664,822.97802734375</coordinates>
                    </Point>
                </Placemark>
                
                <Placemark>
                    <name>10:33:49 - 95 kts - 2622 ft</name>
                    <visibility>0</visibility>
                    <description>latitude: 47.005531
longitude: 2.342589
altitude: 799 m / 2622 ft
elevation: 167 m / 548 ft
course: 170°
speed: 95 kts
</description>
                    <LookAt>
                        <longitude>2.3425894696287</longitude>
                        <latitude>47.005530721552</latitude>
                        <altitude>0</altitude>
                        <heading>0</heading>
                        <tilt>70</tilt>
                        <range>3000</range>
                        <gx:altitudeMode>relativeToSeaFloor</gx:altitudeMode>
                    </LookAt>
                    <styleUrl>#msn_ylw-pushpin0</styleUrl>
                    <Point>
                        <extrude>1</extrude>
                        <altitudeMode>absolute</altitudeMode>
                        <gx:drawOrder>1</gx:drawOrder>
                        <coordinates>2.3425894696287,47.005530721552,799.30053710938</coordinates>
                    </Point>
                </Placemark>
                
                <Placemark>
                    <name>10:34:01 - 96 kts - 2542 ft</name>
                    <visibility>0</visibility>
                    <description>latitude: 47.000733
longitude: 2.343813
altitude: 775 m / 2542 ft
elevation: 164 m / 538 ft
course: 170°
speed: 96 kts
</description>
                    <LookAt>
                        <longitude>2.3438127245776</longitude>
                        <latitude>47.000733423091</latitude>
                        <altitude>0</altitude>
                        <heading>0</heading>
                        <tilt>70</tilt>
                        <range>3000</range>
                        <gx:altitudeMode>relativeToSeaFloor</gx:altitudeMode>
                    </LookAt>
                    <styleUrl>#msn_ylw-pushpin0</styleUrl>
                    <Point>
                        <extrude>1</extrude>
                        <altitudeMode>absolute</altitudeMode>
                        <gx:drawOrder>1</gx:drawOrder>
                        <coordinates>2.3438127245776,47.000733423091,774.76354980469</coordinates>
                    </Point>
                </Placemark>
                
                <Placemark>
                    <name>10:34:12 - 96 kts - 2468 ft</name>
                    <visibility>0</visibility>
                    <description>latitude: 46.995913
longitude: 2.345043
altitude: 752 m / 2468 ft
elevation: 168 m / 551 ft
course: 170°
speed: 96 kts
</description>
                    <LookAt>
                        <longitude>2.3450434394203</longitude>
                        <latitude>46.995913283943</latitude>
                        <altitude>0</altitude>
                        <heading>0</heading>
                        <tilt>70</tilt>
                        <range>3000</range>
                        <gx:altitudeMode>relativeToSeaFloor</gx:altitudeMode>
                    </LookAt>
                    <styleUrl>#msn_ylw-pushpin0</styleUrl>
                    <Point>
                        <extrude>1</extrude>
                        <altitudeMode>absolute</altitudeMode>
                        <gx:drawOrder>1</gx:drawOrder>
                        <coordinates>2.3450434394203,46.995913283943,752.17016601562</coordinates>
                    </Point>
                </Placemark>
                
                <Placemark>
                    <name>10:34:23 - 97 kts - 2386 ft</name>
                    <visibility>0</visibility>
                    <description>latitude: 46.991055
longitude: 2.346324
altitude: 727 m / 2386 ft
elevation: 167 m / 548 ft
course: 169°
speed: 97 kts
</description>
                    <LookAt>
                        <longitude>2.3463238589487</longitude>
                        <latitude>46.991055258594</latitude>
                        <altitude>0</altitude>
                        <heading>0</heading>
                        <tilt>70</tilt>
                        <range>3000</range>
                        <gx:altitudeMode>relativeToSeaFloor</gx:altitudeMode>
                    </LookAt>
                    <styleUrl>#msn_ylw-pushpin0</styleUrl>
                    <Point>
                        <extrude>1</extrude>
                        <altitudeMode>absolute</altitudeMode>
                        <gx:drawOrder>1</gx:drawOrder>
                        <coordinates>2.3463238589487,46.991055258594,727.36096191406</coordinates>
                    </Point>
                </Placemark>
                
                <Placemark>
                    <name>10:34:34 - 96 kts - 2317 ft</name>
                    <visibility>0</visibility>
                    <description>latitude: 46.986232
longitude: 2.347605
altitude: 706 m / 2317 ft
elevation: 164 m / 538 ft
course: 170°
speed: 96 kts
</description>
                    <LookAt>
                        <longitude>2.3476046975724</longitude>
                        <latitude>46.986232353418</latitude>
                        <altitude>0</altitude>
                        <heading>0</heading>
                        <tilt>70</tilt>
                        <range>3000</range>
                        <gx:altitudeMode>relativeToSeaFloor</gx:altitudeMode>
                    </LookAt>
                    <styleUrl>#msn_ylw-pushpin0</styleUrl>
                    <Point>
                        <extrude>1</extrude>
                        <altitudeMode>absolute</altitudeMode>
                        <gx:drawOrder>1</gx:drawOrder>
                        <coordinates>2.3476046975724,46.986232353418,706.31225585938</coordinates>
                    </Point>
                </Placemark>
                
                <Placemark>
                    <name>10:34:45 - 96 kts - 2239 ft</name>
                    <visibility>0</visibility>
                    <description>latitude: 46.981427
longitude: 2.348848
altitude: 683 m / 2239 ft
elevation: 167 m / 548 ft
course: 170°
speed: 96 kts
</description>
                    <LookAt>
                        <longitude>2.3488479014508</longitude>
                        <latitude>46.981426714963</latitude>
                        <altitude>0</altitude>
                        <heading>0</heading>
                        <tilt>70</tilt>
                        <range>3000</range>
                        <gx:altitudeMode>relativeToSeaFloor</gx:altitudeMode>
                    </LookAt>
                    <styleUrl>#msn_ylw-pushpin0</styleUrl>
                    <Point>
                        <extrude>1</extrude>
                        <altitudeMode>absolute</altitudeMode>
                        <gx:drawOrder>1</gx:drawOrder>
                        <coordinates>2.3488479014508,46.981426714963,682.55834960938</coordinates>
                    </Point>
                </Placemark>
                
                <Placemark>
                    <name>10:34:56 - 95 kts - 2158 ft</name>
                    <visibility>0</visibility>
                    <description>latitude: 46.976634
longitude: 2.349993
altitude: 658 m / 2158 ft
elevation: 164 m / 538 ft
course: 171°
speed: 95 kts
</description>
                    <LookAt>
                        <longitude>2.3499932885192</longitude>
                        <latitude>46.976634152277</latitude>
                        <altitude>0</altitude>
                        <heading>0</heading>
                        <tilt>70</tilt>
                        <range>3000</range>
                        <gx:altitudeMode>relativeToSeaFloor</gx:altitudeMode>
                    </LookAt>
                    <styleUrl>#msn_ylw-pushpin0</styleUrl>
                    <Point>
                        <extrude>1</extrude>
                        <altitudeMode>absolute</altitudeMode>
                        <gx:drawOrder>1</gx:drawOrder>
                        <coordinates>2.3499932885192,46.976634152277,657.88623046875</coordinates>
                    </Point>
                </Placemark>
                
                <Placemark>
                    <name>10:35:07 - 93 kts - 2100 ft</name>
                    <visibility>0</visibility>
                    <description>latitude: 46.971916
longitude: 2.351184
altitude: 640 m / 2100 ft
elevation: 163 m / 535 ft
course: 169°
speed: 93 kts
</description>
                    <LookAt>
                        <longitude>2.3511837702266</longitude>
                        <latitude>46.971916398077</latitude>
                        <altitude>0</altitude>
                        <heading>0</heading>
                        <tilt>70</tilt>
                        <range>3000</range>
                        <gx:altitudeMode>relativeToSeaFloor</gx:altitudeMode>
                    </LookAt>
                    <styleUrl>#msn_ylw-pushpin0</styleUrl>
                    <Point>
                        <extrude>1</extrude>
                        <altitudeMode>absolute</altitudeMode>
                        <gx:drawOrder>1</gx:drawOrder>
                        <coordinates>2.3511837702266,46.971916398077,640.15307617188</coordinates>
                    </Point>
                </Placemark>
                
                <Placemark>
                    <name>10:35:18 - 91 kts - 2062 ft</name>
                    <visibility>0</visibility>
                    <description>latitude: 46.967323
longitude: 2.352435
altitude: 628 m / 2062 ft
elevation: 167 m / 548 ft
course: 169°
speed: 91 kts
</description>
                    <LookAt>
                        <longitude>2.3524351045511</longitude>
                        <latitude>46.967322612225</latitude>
                        <altitude>0</altitude>
                        <heading>0</heading>
                        <tilt>70</tilt>
                        <range>3000</range>
                        <gx:altitudeMode>relativeToSeaFloor</gx:altitudeMode>
                    </LookAt>
                    <styleUrl>#msn_ylw-pushpin0</styleUrl>
                    <Point>
                        <extrude>1</extrude>
                        <altitudeMode>absolute</altitudeMode>
                        <gx:drawOrder>1</gx:drawOrder>
                        <coordinates>2.3524351045511,46.967322612225,628.46240234375</coordinates>
                    </Point>
                </Placemark>
                
                <Placemark>
                    <name>10:35:29 - 89 kts - 2011 ft</name>
                    <visibility>0</visibility>
                    <description>latitude: 46.962815
longitude: 2.353649
altitude: 613 m / 2011 ft
elevation: 170 m / 558 ft
course: 169°
speed: 89 kts
</description>
                    <LookAt>
                        <longitude>2.3536493070446</longitude>
                        <latitude>46.962814992337</latitude>
                        <altitude>0</altitude>
                        <heading>0</heading>
                        <tilt>70</tilt>
                        <range>3000</range>
                        <gx:altitudeMode>relativeToSeaFloor</gx:altitudeMode>
                    </LookAt>
                    <styleUrl>#msn_ylw-pushpin0</styleUrl>
                    <Point>
                        <extrude>1</extrude>
                        <altitudeMode>absolute</altitudeMode>
                        <gx:drawOrder>1</gx:drawOrder>
                        <coordinates>2.3536493070446,46.962814992337,613.02685546875</coordinates>
                    </Point>
                </Placemark>
                
                <Placemark>
                    <name>10:35:41 - 88 kts - 1972 ft</name>
                    <visibility>0</visibility>
                    <description>latitude: 46.958008
longitude: 2.355007
altitude: 601 m / 1972 ft
elevation: 167 m / 548 ft
course: 169°
speed: 88 kts
</description>
                    <LookAt>
                        <longitude>2.3550074268154</longitude>
                        <latitude>46.958007970869</latitude>
                        <altitude>0</altitude>
                        <heading>0</heading>
                        <tilt>70</tilt>
                        <range>3000</range>
                        <gx:altitudeMode>relativeToSeaFloor</gx:altitudeMode>
                    </LookAt>
                    <styleUrl>#msn_ylw-pushpin0</styleUrl>
                    <Point>
                        <extrude>1</extrude>
                        <altitudeMode>absolute</altitudeMode>
                        <gx:drawOrder>1</gx:drawOrder>
                        <coordinates>2.3550074268154,46.958007970869,601.05102539062</coordinates>
                    </Point>
                </Placemark>
                
                <Placemark>
                    <name>10:35:52 - 88 kts - 1935 ft</name>
                    <visibility>0</visibility>
                    <description>latitude: 46.953203
longitude: 2.356333
altitude: 590 m / 1935 ft
elevation: 166 m / 545 ft
course: 170°
speed: 88 kts
</description>
                    <LookAt>
                        <longitude>2.3563325218878</longitude>
                        <latitude>46.953202793418</latitude>
                        <altitude>0</altitude>
                        <heading>0</heading>
                        <tilt>70</tilt>
                        <range>3000</range>
                        <gx:altitudeMode>relativeToSeaFloor</gx:altitudeMode>
                    </LookAt>
                    <styleUrl>#msn_ylw-pushpin0</styleUrl>
                    <Point>
                        <extrude>1</extrude>
                        <altitudeMode>absolute</altitudeMode>
                        <gx:drawOrder>1</gx:drawOrder>
                        <coordinates>2.3563325218878,46.953202793418,589.74975585938</coordinates>
                    </Point>
                </Placemark>
                
                <Placemark>
                    <name>10:36:05 - 88 kts - 1904 ft</name>
                    <visibility>0</visibility>
                    <description>latitude: 46.948391
longitude: 2.357560
altitude: 580 m / 1904 ft
elevation: 171 m / 561 ft
course: 171°
speed: 88 kts
</description>
                    <LookAt>
                        <longitude>2.3575595486931</longitude>
                        <latitude>46.94839057517</latitude>
                        <altitude>0</altitude>
                        <heading>0</heading>
                        <tilt>70</tilt>
                        <range>3000</range>
                        <gx:altitudeMode>relativeToSeaFloor</gx:altitudeMode>
                    </LookAt>
                    <styleUrl>#msn_ylw-pushpin0</styleUrl>
                    <Point>
                        <extrude>1</extrude>
                        <altitudeMode>absolute</altitudeMode>
                        <gx:drawOrder>1</gx:drawOrder>
                        <coordinates>2.3575595486931,46.94839057517,580.47607421875</coordinates>
                    </Point>
                </Placemark>
                
                <Placemark>
                    <name>10:36:17 - 83 kts - 1904 ft</name>
                    <visibility>0</visibility>
                    <description>latitude: 46.943739
longitude: 2.358629
altitude: 580 m / 1904 ft
elevation: 173 m / 568 ft
course: 171°
speed: 83 kts
</description>
                    <LookAt>
                        <longitude>2.3586291633568</longitude>
                        <latitude>46.943738786547</latitude>
                        <altitude>0</altitude>
                        <heading>0</heading>
                        <tilt>70</tilt>
                        <range>3000</range>
                        <gx:altitudeMode>relativeToSeaFloor</gx:altitudeMode>
                    </LookAt>
                    <styleUrl>#msn_ylw-pushpin0</styleUrl>
                    <Point>
                        <extrude>1</extrude>
                        <altitudeMode>absolute</altitudeMode>
                        <gx:drawOrder>1</gx:drawOrder>
                        <coordinates>2.3586291633568,46.943738786547,580.29467773438</coordinates>
                    </Point>
                </Placemark>
                
                <Placemark>
                    <name>10:36:30 - 78 kts - 1924 ft</name>
                    <visibility>0</visibility>
                    <description>latitude: 46.938993
longitude: 2.359824
altitude: 586 m / 1924 ft
elevation: 174 m / 571 ft
course: 170°
speed: 78 kts
</description>
                    <LookAt>
                        <longitude>2.359824255111</longitude>
                        <latitude>46.938993497795</latitude>
                        <altitude>0</altitude>
                        <heading>0</heading>
                        <tilt>70</tilt>
                        <range>3000</range>
                        <gx:altitudeMode>relativeToSeaFloor</gx:altitudeMode>
                    </LookAt>
                    <styleUrl>#msn_ylw-pushpin0</styleUrl>
                    <Point>
                        <extrude>1</extrude>
                        <altitudeMode>absolute</altitudeMode>
                        <gx:drawOrder>1</gx:drawOrder>
                        <coordinates>2.359824255111,46.938993497795,586.45483398438</coordinates>
                    </Point>
                </Placemark>
                
                <Placemark>
                    <name>10:36:43 - 80 kts - 1939 ft</name>
                    <visibility>0</visibility>
                    <description>latitude: 46.934334
longitude: 2.360979
altitude: 591 m / 1939 ft
elevation: 168 m / 551 ft
course: 169°
speed: 80 kts
</description>
                    <LookAt>
                        <longitude>2.3609789460919</longitude>
                        <latitude>46.93433416546</latitude>
                        <altitude>0</altitude>
                        <heading>0</heading>
                        <tilt>70</tilt>
                        <range>3000</range>
                        <gx:altitudeMode>relativeToSeaFloor</gx:altitudeMode>
                    </LookAt>
                    <styleUrl>#msn_ylw-pushpin0</styleUrl>
                    <Point>
                        <extrude>1</extrude>
                        <altitudeMode>absolute</altitudeMode>
                        <gx:drawOrder>1</gx:drawOrder>
                        <coordinates>2.3609789460919,46.93433416546,590.93115234375</coordinates>
                    </Point>
                </Placemark>
                
                <Placemark>
                    <name>10:36:51 - 81 kts - 1945 ft</name>
                    <visibility>0</visibility>
                    <description>latitude: 46.931401
longitude: 2.361717
altitude: 593 m / 1945 ft
elevation: 171 m / 561 ft
course: 175°
speed: 81 kts
</description>
                    <LookAt>
                        <longitude>2.3617174755804</longitude>
                        <latitude>46.931401253722</latitude>
                        <altitude>0</altitude>
                        <heading>0</heading>
                        <tilt>70</tilt>
                        <range>3000</range>
                        <gx:altitudeMode>relativeToSeaFloor</gx:altitudeMode>
                    </LookAt>
                    <styleUrl>#msn_ylw-pushpin0</styleUrl>
                    <Point>
                        <extrude>1</extrude>
                        <altitudeMode>absolute</altitudeMode>
                        <gx:drawOrder>1</gx:drawOrder>
                        <coordinates>2.3617174755804,46.931401253722,592.87451171875</coordinates>
                    </Point>
                </Placemark>
                
                <Placemark>
                    <name>10:36:55 - 79 kts - 1955 ft</name>
                    <visibility>0</visibility>
                    <description>latitude: 46.929920
longitude: 2.361800
altitude: 596 m / 1955 ft
elevation: 174 m / 571 ft
course: 181°
speed: 79 kts
</description>
                    <LookAt>
                        <longitude>2.3617999535076</longitude>
                        <latitude>46.929920087612</latitude>
                        <altitude>0</altitude>
                        <heading>0</heading>
                        <tilt>70</tilt>
                        <range>3000</range>
                        <gx:altitudeMode>relativeToSeaFloor</gx:altitudeMode>
                    </LookAt>
                    <styleUrl>#msn_ylw-pushpin0</styleUrl>
                    <Point>
                        <extrude>1</extrude>
                        <altitudeMode>absolute</altitudeMode>
                        <gx:drawOrder>1</gx:drawOrder>
                        <coordinates>2.3617999535076,46.929920087612,595.93872070312</coordinates>
                    </Point>
                </Placemark>
                
                <Placemark>
                    <name>10:37:08 - 79 kts - 1949 ft</name>
                    <visibility>0</visibility>
                    <description>latitude: 46.925180
longitude: 2.361798
altitude: 594 m / 1949 ft
elevation: 196 m / 643 ft
course: 179°
speed: 79 kts
</description>
                    <LookAt>
                        <longitude>2.3617978580318</longitude>
                        <latitude>46.925180247097</latitude>
                        <altitude>0</altitude>
                        <heading>0</heading>
                        <tilt>70</tilt>
                        <range>3000</range>
                        <gx:altitudeMode>relativeToSeaFloor</gx:altitudeMode>
                    </LookAt>
                    <styleUrl>#msn_ylw-pushpin0</styleUrl>
                    <Point>
                        <extrude>1</extrude>
                        <altitudeMode>absolute</altitudeMode>
                        <gx:drawOrder>1</gx:drawOrder>
                        <coordinates>2.3617978580318,46.925180247097,593.95227050781</coordinates>
                    </Point>
                </Placemark>
                
                <Placemark>
                    <name>10:37:21 - 81 kts - 1945 ft</name>
                    <visibility>0</visibility>
                    <description>latitude: 46.920394
longitude: 2.362330
altitude: 593 m / 1945 ft
elevation: 198 m / 650 ft
course: 174°
speed: 81 kts
</description>
                    <LookAt>
                        <longitude>2.3623301088832</longitude>
                        <latitude>46.920393719382</latitude>
                        <altitude>0</altitude>
                        <heading>0</heading>
                        <tilt>70</tilt>
                        <range>3000</range>
                        <gx:altitudeMode>relativeToSeaFloor</gx:altitudeMode>
                    </LookAt>
                    <styleUrl>#msn_ylw-pushpin0</styleUrl>
                    <Point>
                        <extrude>1</extrude>
                        <altitudeMode>absolute</altitudeMode>
                        <gx:drawOrder>1</gx:drawOrder>
                        <coordinates>2.3623301088832,46.920393719382,592.94470214844</coordinates>
                    </Point>
                </Placemark>
                
                <Placemark>
                    <name>10:37:34 - 81 kts - 1957 ft</name>
                    <visibility>0</visibility>
                    <description>latitude: 46.915608
longitude: 2.363268
altitude: 597 m / 1957 ft
elevation: 181 m / 594 ft
course: 175°
speed: 81 kts
</description>
                    <LookAt>
                        <longitude>2.363267792391</longitude>
                        <latitude>46.91560769458</latitude>
                        <altitude>0</altitude>
                        <heading>0</heading>
                        <tilt>70</tilt>
                        <range>3000</range>
                        <gx:altitudeMode>relativeToSeaFloor</gx:altitudeMode>
                    </LookAt>
                    <styleUrl>#msn_ylw-pushpin0</styleUrl>
                    <Point>
                        <extrude>1</extrude>
                        <altitudeMode>absolute</altitudeMode>
                        <gx:drawOrder>1</gx:drawOrder>
                        <coordinates>2.363267792391,46.91560769458,596.53637695312</coordinates>
                    </Point>
                </Placemark>
                
                <Placemark>
                    <name>10:37:46 - 84 kts - 1930 ft</name>
                    <visibility>0</visibility>
                    <description>latitude: 46.911074
longitude: 2.364002
altitude: 588 m / 1930 ft
elevation: 182 m / 597 ft
course: 173°
speed: 84 kts
</description>
                    <LookAt>
                        <longitude>2.3640022147469</longitude>
                        <latitude>46.911074467978</latitude>
                        <altitude>0</altitude>
                        <heading>0</heading>
                        <tilt>70</tilt>
                        <range>3000</range>
                        <gx:altitudeMode>relativeToSeaFloor</gx:altitudeMode>
                    </LookAt>
                    <styleUrl>#msn_ylw-pushpin0</styleUrl>
                    <Point>
                        <extrude>1</extrude>
                        <altitudeMode>absolute</altitudeMode>
                        <gx:drawOrder>1</gx:drawOrder>
                        <coordinates>2.3640022147469,46.911074467978,588.138671875</coordinates>
                    </Point>
                </Placemark>
                
                <Placemark>
                    <name>10:37:57 - 86 kts - 1935 ft</name>
                    <visibility>0</visibility>
                    <description>latitude: 46.906323
longitude: 2.364890
altitude: 590 m / 1935 ft
elevation: 174 m / 571 ft
course: 172°
speed: 86 kts
</description>
                    <LookAt>
                        <longitude>2.3648902773879</longitude>
                        <latitude>46.906322599432</latitude>
                        <altitude>0</altitude>
                        <heading>0</heading>
                        <tilt>70</tilt>
                        <range>3000</range>
                        <gx:altitudeMode>relativeToSeaFloor</gx:altitudeMode>
                    </LookAt>
                    <styleUrl>#msn_ylw-pushpin0</styleUrl>
                    <Point>
                        <extrude>1</extrude>
                        <altitudeMode>absolute</altitudeMode>
                        <gx:drawOrder>1</gx:drawOrder>
                        <coordinates>2.3648902773879,46.906322599432,589.76220703125</coordinates>
                    </Point>
                </Placemark>
                
                <Placemark>
                    <name>10:38:10 - 84 kts - 1953 ft</name>
                    <visibility>0</visibility>
                    <description>latitude: 46.901725
longitude: 2.366059
altitude: 595 m / 1953 ft
elevation: 184 m / 604 ft
course: 170°
speed: 84 kts
</description>
                    <LookAt>
                        <longitude>2.3660592176042</longitude>
                        <latitude>46.901724999814</latitude>
                        <altitude>0</altitude>
                        <heading>0</heading>
                        <tilt>70</tilt>
                        <range>3000</range>
                        <gx:altitudeMode>relativeToSeaFloor</gx:altitudeMode>
                    </LookAt>
                    <styleUrl>#msn_ylw-pushpin0</styleUrl>
                    <Point>
                        <extrude>1</extrude>
                        <altitudeMode>absolute</altitudeMode>
                        <gx:drawOrder>1</gx:drawOrder>
                        <coordinates>2.3660592176042,46.901724999814,595.33129882812</coordinates>
                    </Point>
                </Placemark>
                
                <Placemark>
                    <name>10:38:22 - 84 kts - 1944 ft</name>
                    <visibility>0</visibility>
                    <description>latitude: 46.897117
longitude: 2.367461
altitude: 593 m / 1944 ft
elevation: 181 m / 594 ft
course: 165°
speed: 84 kts
</description>
                    <LookAt>
                        <longitude>2.3674613423668</longitude>
                        <latitude>46.897117341912</latitude>
                        <altitude>0</altitude>
                        <heading>0</heading>
                        <tilt>70</tilt>
                        <range>3000</range>
                        <gx:altitudeMode>relativeToSeaFloor</gx:altitudeMode>
                    </LookAt>
                    <styleUrl>#msn_ylw-pushpin0</styleUrl>
                    <Point>
                        <extrude>1</extrude>
                        <altitudeMode>absolute</altitudeMode>
                        <gx:drawOrder>1</gx:drawOrder>
                        <coordinates>2.3674613423668,46.897117341912,592.58642578125</coordinates>
                    </Point>
                </Placemark>
                
                <Placemark>
                    <name>10:38:31 - 84 kts - 1944 ft</name>
                    <visibility>0</visibility>
                    <description>latitude: 46.893720
longitude: 2.368661
altitude: 593 m / 1944 ft
elevation: 171 m / 561 ft
course: 171°
speed: 84 kts
</description>
                    <LookAt>
                        <longitude>2.3686612956248</longitude>
                        <latitude>46.893719653643</latitude>
                        <altitude>0</altitude>
                        <heading>0</heading>
                        <tilt>70</tilt>
                        <range>3000</range>
                        <gx:altitudeMode>relativeToSeaFloor</gx:altitudeMode>
                    </LookAt>
                    <styleUrl>#msn_ylw-pushpin0</styleUrl>
                    <Point>
                        <extrude>1</extrude>
                        <altitudeMode>absolute</altitudeMode>
                        <gx:drawOrder>1</gx:drawOrder>
                        <coordinates>2.3686612956248,46.893719653643,592.62219238281</coordinates>
                    </Point>
                </Placemark>
                
                <Placemark>
                    <name>10:38:43 - 85 kts - 1934 ft</name>
                    <visibility>0</visibility>
                    <description>latitude: 46.889107
longitude: 2.369569
altitude: 590 m / 1934 ft
elevation: 173 m / 568 ft
course: 172°
speed: 85 kts
</description>
                    <LookAt>
                        <longitude>2.3695688881002</longitude>
                        <latitude>46.889106505594</latitude>
                        <altitude>0</altitude>
                        <heading>0</heading>
                        <tilt>70</tilt>
                        <range>3000</range>
                        <gx:altitudeMode>relativeToSeaFloor</gx:altitudeMode>
                    </LookAt>
                    <styleUrl>#msn_ylw-pushpin0</styleUrl>
                    <Point>
                        <extrude>1</extrude>
                        <altitudeMode>absolute</altitudeMode>
                        <gx:drawOrder>1</gx:drawOrder>
                        <coordinates>2.3695688881002,46.889106505594,589.52124023438</coordinates>
                    </Point>
                </Placemark>
                
                <Placemark>
                    <name>10:38:55 - 85 kts - 1941 ft</name>
                    <visibility>0</visibility>
                    <description>latitude: 46.884405
longitude: 2.370569
altitude: 592 m / 1941 ft
elevation: 167 m / 548 ft
course: 172°
speed: 85 kts
</description>
                    <LookAt>
                        <longitude>2.3705693520628</longitude>
                        <latitude>46.884405305653</latitude>
                        <altitude>0</altitude>
                        <heading>0</heading>
                        <tilt>70</tilt>
                        <range>3000</range>
                        <gx:altitudeMode>relativeToSeaFloor</gx:altitudeMode>
                    </LookAt>
                    <styleUrl>#msn_ylw-pushpin0</styleUrl>
                    <Point>
                        <extrude>1</extrude>
                        <altitudeMode>absolute</altitudeMode>
                        <gx:drawOrder>1</gx:drawOrder>
                        <coordinates>2.3705693520628,46.884405305653,591.62939453125</coordinates>
                    </Point>
                </Placemark>
                
                <Placemark>
                    <name>10:39:07 - 85 kts - 1940 ft</name>
                    <visibility>0</visibility>
                    <description>latitude: 46.879736
longitude: 2.371492
altitude: 591 m / 1940 ft
elevation: 163 m / 535 ft
course: 176°
speed: 85 kts
</description>
                    <LookAt>
                        <longitude>2.3714919481449</longitude>
                        <latitude>46.879736124582</latitude>
                        <altitude>0</altitude>
                        <heading>0</heading>
                        <tilt>70</tilt>
                        <range>3000</range>
                        <gx:altitudeMode>relativeToSeaFloor</gx:altitudeMode>
                    </LookAt>
                    <styleUrl>#msn_ylw-pushpin0</styleUrl>
                    <Point>
                        <extrude>1</extrude>
                        <altitudeMode>absolute</altitudeMode>
                        <gx:drawOrder>1</gx:drawOrder>
                        <coordinates>2.3714919481449,46.879736124582,591.37414550781</coordinates>
                    </Point>
                </Placemark>
                
                <Placemark>
                    <name>10:39:10 - 84 kts - 1944 ft</name>
                    <visibility>0</visibility>
                    <description>latitude: 46.878561
longitude: 2.371511
altitude: 593 m / 1944 ft
elevation: 163 m / 535 ft
course: 182°
speed: 84 kts
</description>
                    <LookAt>
                        <longitude>2.3715109750651</longitude>
                        <latitude>46.878561149395</latitude>
                        <altitude>0</altitude>
                        <heading>0</heading>
                        <tilt>70</tilt>
                        <range>3000</range>
                        <gx:altitudeMode>relativeToSeaFloor</gx:altitudeMode>
                    </LookAt>
                    <styleUrl>#msn_ylw-pushpin0</styleUrl>
                    <Point>
                        <extrude>1</extrude>
                        <altitudeMode>absolute</altitudeMode>
                        <gx:drawOrder>1</gx:drawOrder>
                        <coordinates>2.3715109750651,46.878561149395,592.57934570312</coordinates>
                    </Point>
                </Placemark>
                
                <Placemark>
                    <name>10:39:13 - 84 kts - 1944 ft</name>
                    <visibility>0</visibility>
                    <description>latitude: 46.877394
longitude: 2.371371
altitude: 592 m / 1944 ft
elevation: 166 m / 545 ft
course: 188°
speed: 84 kts
</description>
                    <LookAt>
                        <longitude>2.371370745825</longitude>
                        <latitude>46.877394011288</latitude>
                        <altitude>0</altitude>
                        <heading>0</heading>
                        <tilt>70</tilt>
                        <range>3000</range>
                        <gx:altitudeMode>relativeToSeaFloor</gx:altitudeMode>
                    </LookAt>
                    <styleUrl>#msn_ylw-pushpin0</styleUrl>
                    <Point>
                        <extrude>1</extrude>
                        <altitudeMode>absolute</altitudeMode>
                        <gx:drawOrder>1</gx:drawOrder>
                        <coordinates>2.371370745825,46.877394011288,592.4375</coordinates>
                    </Point>
                </Placemark>
                
                <Placemark>
                    <name>10:39:15 - 84 kts - 1943 ft</name>
                    <visibility>0</visibility>
                    <description>latitude: 46.876631
longitude: 2.371153
altitude: 592 m / 1943 ft
elevation: 166 m / 545 ft
course: 194°
speed: 84 kts
</description>
                    <LookAt>
                        <longitude>2.3711532354377</longitude>
                        <latitude>46.876631383828</latitude>
                        <altitude>0</altitude>
                        <heading>0</heading>
                        <tilt>70</tilt>
                        <range>3000</range>
                        <gx:altitudeMode>relativeToSeaFloor</gx:altitudeMode>
                    </LookAt>
                    <styleUrl>#msn_ylw-pushpin0</styleUrl>
                    <Point>
                        <extrude>1</extrude>
                        <altitudeMode>absolute</altitudeMode>
                        <gx:drawOrder>1</gx:drawOrder>
                        <coordinates>2.3711532354377,46.876631383828,592.35339355469</coordinates>
                    </Point>
                </Placemark>
                
                <Placemark>
                    <name>10:39:17 - 84 kts - 1943 ft</name>
                    <visibility>0</visibility>
                    <description>latitude: 46.875890
longitude: 2.370820
altitude: 592 m / 1943 ft
elevation: 166 m / 545 ft
course: 200°
speed: 84 kts
</description>
                    <LookAt>
                        <longitude>2.3708203062437</longitude>
                        <latitude>46.875890130221</latitude>
                        <altitude>0</altitude>
                        <heading>0</heading>
                        <tilt>70</tilt>
                        <range>3000</range>
                        <gx:altitudeMode>relativeToSeaFloor</gx:altitudeMode>
                    </LookAt>
                    <styleUrl>#msn_ylw-pushpin0</styleUrl>
                    <Point>
                        <extrude>1</extrude>
                        <altitudeMode>absolute</altitudeMode>
                        <gx:drawOrder>1</gx:drawOrder>
                        <coordinates>2.3708203062437,46.875890130221,592.30126953125</coordinates>
                    </Point>
                </Placemark>
                
                <Placemark>
                    <name>10:39:20 - 85 kts - 1939 ft</name>
                    <visibility>0</visibility>
                    <description>latitude: 46.874810
longitude: 2.370153
altitude: 591 m / 1939 ft
elevation: 166 m / 545 ft
course: 206°
speed: 85 kts
</description>
                    <LookAt>
                        <longitude>2.3701530229322</longitude>
                        <latitude>46.874809786721</latitude>
                        <altitude>0</altitude>
                        <heading>0</heading>
                        <tilt>70</tilt>
                        <range>3000</range>
                        <gx:altitudeMode>relativeToSeaFloor</gx:altitudeMode>
                    </LookAt>
                    <styleUrl>#msn_ylw-pushpin0</styleUrl>
                    <Point>
                        <extrude>1</extrude>
                        <altitudeMode>absolute</altitudeMode>
                        <gx:drawOrder>1</gx:drawOrder>
                        <coordinates>2.3701530229322,46.874809786721,591.11474609375</coordinates>
                    </Point>
                </Placemark>
                
                <Placemark>
                    <name>10:39:31 - 78 kts - 1992 ft</name>
                    <visibility>0</visibility>
                    <description>latitude: 46.871030
longitude: 2.367408
altitude: 607 m / 1992 ft
elevation: 166 m / 545 ft
course: 199°
speed: 78 kts
</description>
                    <LookAt>
                        <longitude>2.3674079496436</longitude>
                        <latitude>46.871029506481</latitude>
                        <altitude>0</altitude>
                        <heading>0</heading>
                        <tilt>70</tilt>
                        <range>3000</range>
                        <gx:altitudeMode>relativeToSeaFloor</gx:altitudeMode>
                    </LookAt>
                    <styleUrl>#msn_ylw-pushpin0</styleUrl>
                    <Point>
                        <extrude>1</extrude>
                        <altitudeMode>absolute</altitudeMode>
                        <gx:drawOrder>1</gx:drawOrder>
                        <coordinates>2.3674079496436,46.871029506481,607.17749023438</coordinates>
                    </Point>
                </Placemark>
                
                <Placemark>
                    <name>10:39:33 - 76 kts - 2013 ft</name>
                    <visibility>0</visibility>
                    <description>latitude: 46.870353
longitude: 2.367138
altitude: 614 m / 2013 ft
elevation: 163 m / 535 ft
course: 192°
speed: 76 kts
</description>
                    <LookAt>
                        <longitude>2.3671384714566</longitude>
                        <latitude>46.870352877348</latitude>
                        <altitude>0</altitude>
                        <heading>0</heading>
                        <tilt>70</tilt>
                        <range>3000</range>
                        <gx:altitudeMode>relativeToSeaFloor</gx:altitudeMode>
                    </LookAt>
                    <styleUrl>#msn_ylw-pushpin0</styleUrl>
                    <Point>
                        <extrude>1</extrude>
                        <altitudeMode>absolute</altitudeMode>
                        <gx:drawOrder>1</gx:drawOrder>
                        <coordinates>2.3671384714566,46.870352877348,613.51354980469</coordinates>
                    </Point>
                </Placemark>
                
                <Placemark>
                    <name>10:39:35 - 74 kts - 2030 ft</name>
                    <visibility>0</visibility>
                    <description>latitude: 46.869681
longitude: 2.366978
altitude: 619 m / 2030 ft
elevation: 163 m / 535 ft
course: 186°
speed: 74 kts
</description>
                    <LookAt>
                        <longitude>2.3669782094679</longitude>
                        <latitude>46.86968090017</latitude>
                        <altitude>0</altitude>
                        <heading>0</heading>
                        <tilt>70</tilt>
                        <range>3000</range>
                        <gx:altitudeMode>relativeToSeaFloor</gx:altitudeMode>
                    </LookAt>
                    <styleUrl>#msn_ylw-pushpin0</styleUrl>
                    <Point>
                        <extrude>1</extrude>
                        <altitudeMode>absolute</altitudeMode>
                        <gx:drawOrder>1</gx:drawOrder>
                        <coordinates>2.3669782094679,46.86968090017,618.884765625</coordinates>
                    </Point>
                </Placemark>
                
                <Placemark>
                    <name>10:39:37 - 72 kts - 2043 ft</name>
                    <visibility>0</visibility>
                    <description>latitude: 46.869013
longitude: 2.366922
altitude: 623 m / 2043 ft
elevation: 164 m / 538 ft
course: 180°
speed: 72 kts
</description>
                    <LookAt>
                        <longitude>2.3669220507167</longitude>
                        <latitude>46.869012862488</latitude>
                        <altitude>0</altitude>
                        <heading>0</heading>
                        <tilt>70</tilt>
                        <range>3000</range>
                        <gx:altitudeMode>relativeToSeaFloor</gx:altitudeMode>
                    </LookAt>
                    <styleUrl>#msn_ylw-pushpin0</styleUrl>
                    <Point>
                        <extrude>1</extrude>
                        <altitudeMode>absolute</altitudeMode>
                        <gx:drawOrder>1</gx:drawOrder>
                        <coordinates>2.3669220507167,46.869012862488,622.81701660156</coordinates>
                    </Point>
                </Placemark>
                
                <Placemark>
                    <name>10:39:39 - 71 kts - 2056 ft</name>
                    <visibility>0</visibility>
                    <description>latitude: 46.868363
longitude: 2.366968
altitude: 627 m / 2056 ft
elevation: 164 m / 538 ft
course: 174°
speed: 71 kts
</description>
                    <LookAt>
                        <longitude>2.3669681511841</longitude>
                        <latitude>46.86836259444</latitude>
                        <altitude>0</altitude>
                        <heading>0</heading>
                        <tilt>70</tilt>
                        <range>3000</range>
                        <gx:altitudeMode>relativeToSeaFloor</gx:altitudeMode>
                    </LookAt>
                    <styleUrl>#msn_ylw-pushpin0</styleUrl>
                    <Point>
                        <extrude>1</extrude>
                        <altitudeMode>absolute</altitudeMode>
                        <gx:drawOrder>1</gx:drawOrder>
                        <coordinates>2.3669681511841,46.86836259444,626.73071289062</coordinates>
                    </Point>
                </Placemark>
                
                <Placemark>
                    <name>10:39:41 - 72 kts - 2059 ft</name>
                    <visibility>0</visibility>
                    <description>latitude: 46.867711
longitude: 2.367131
altitude: 628 m / 2059 ft
elevation: 164 m / 538 ft
course: 167°
speed: 72 kts
</description>
                    <LookAt>
                        <longitude>2.3671314306579</longitude>
                        <latitude>46.867711194835</latitude>
                        <altitude>0</altitude>
                        <heading>0</heading>
                        <tilt>70</tilt>
                        <range>3000</range>
                        <gx:altitudeMode>relativeToSeaFloor</gx:altitudeMode>
                    </LookAt>
                    <styleUrl>#msn_ylw-pushpin0</styleUrl>
                    <Point>
                        <extrude>1</extrude>
                        <altitudeMode>absolute</altitudeMode>
                        <gx:drawOrder>1</gx:drawOrder>
                        <coordinates>2.3671314306579,46.867711194835,627.59790039062</coordinates>
                    </Point>
                </Placemark>
                
                <Placemark>
                    <name>10:39:43 - 74 kts - 2058 ft</name>
                    <visibility>0</visibility>
                    <description>latitude: 46.867062
longitude: 2.367423
altitude: 627 m / 2058 ft
elevation: 166 m / 545 ft
course: 159°
speed: 74 kts
</description>
                    <LookAt>
                        <longitude>2.3674234561644</longitude>
                        <latitude>46.867061639248</latitude>
                        <altitude>0</altitude>
                        <heading>0</heading>
                        <tilt>70</tilt>
                        <range>3000</range>
                        <gx:altitudeMode>relativeToSeaFloor</gx:altitudeMode>
                    </LookAt>
                    <styleUrl>#msn_ylw-pushpin0</styleUrl>
                    <Point>
                        <extrude>1</extrude>
                        <altitudeMode>absolute</altitudeMode>
                        <gx:drawOrder>1</gx:drawOrder>
                        <coordinates>2.3674234561644,46.867061639248,627.13366699219</coordinates>
                    </Point>
                </Placemark>
                
                <Placemark>
                    <name>10:39:45 - 76 kts - 2051 ft</name>
                    <visibility>0</visibility>
                    <description>latitude: 46.866429
longitude: 2.367852
altitude: 625 m / 2051 ft
elevation: 166 m / 545 ft
course: 151°
speed: 76 kts
</description>
                    <LookAt>
                        <longitude>2.3678515199594</longitude>
                        <latitude>46.866428889378</latitude>
                        <altitude>0</altitude>
                        <heading>0</heading>
                        <tilt>70</tilt>
                        <range>3000</range>
                        <gx:altitudeMode>relativeToSeaFloor</gx:altitudeMode>
                    </LookAt>
                    <styleUrl>#msn_ylw-pushpin0</styleUrl>
                    <Point>
                        <extrude>1</extrude>
                        <altitudeMode>absolute</altitudeMode>
                        <gx:drawOrder>1</gx:drawOrder>
                        <coordinates>2.3678515199594,46.866428889378,625.00842285156</coordinates>
                    </Point>
                </Placemark>
                
                <Placemark>
                    <name>10:39:47 - 77 kts - 2049 ft</name>
                    <visibility>0</visibility>
                    <description>latitude: 46.865829
longitude: 2.368404
altitude: 625 m / 2049 ft
elevation: 166 m / 545 ft
course: 144°
speed: 77 kts
</description>
                    <LookAt>
                        <longitude>2.3684035521023</longitude>
                        <latitude>46.865828954658</latitude>
                        <altitude>0</altitude>
                        <heading>0</heading>
                        <tilt>70</tilt>
                        <range>3000</range>
                        <gx:altitudeMode>relativeToSeaFloor</gx:altitudeMode>
                    </LookAt>
                    <styleUrl>#msn_ylw-pushpin0</styleUrl>
                    <Point>
                        <extrude>1</extrude>
                        <altitudeMode>absolute</altitudeMode>
                        <gx:drawOrder>1</gx:drawOrder>
                        <coordinates>2.3684035521023,46.865828954658,624.59777832031</coordinates>
                    </Point>
                </Placemark>
                
                <Placemark>
                    <name>10:39:49 - 78 kts - 2052 ft</name>
                    <visibility>0</visibility>
                    <description>latitude: 46.865280
longitude: 2.369072
altitude: 626 m / 2052 ft
elevation: 166 m / 545 ft
course: 137°
speed: 78 kts
</description>
                    <LookAt>
                        <longitude>2.3690721765183</longitude>
                        <latitude>46.865279772363</latitude>
                        <altitude>0</altitude>
                        <heading>0</heading>
                        <tilt>70</tilt>
                        <range>3000</range>
                        <gx:altitudeMode>relativeToSeaFloor</gx:altitudeMode>
                    </LookAt>
                    <styleUrl>#msn_ylw-pushpin0</styleUrl>
                    <Point>
                        <extrude>1</extrude>
                        <altitudeMode>absolute</altitudeMode>
                        <gx:drawOrder>1</gx:drawOrder>
                        <coordinates>2.3690721765183,46.865279772363,625.55187988281</coordinates>
                    </Point>
                </Placemark>
                
                <Placemark>
                    <name>10:39:51 - 79 kts - 2050 ft</name>
                    <visibility>0</visibility>
                    <description>latitude: 46.864784
longitude: 2.369853
altitude: 625 m / 2050 ft
elevation: 166 m / 545 ft
course: 130°
speed: 79 kts
</description>
                    <LookAt>
                        <longitude>2.3698528669797</longitude>
                        <latitude>46.864783857061</latitude>
                        <altitude>0</altitude>
                        <heading>0</heading>
                        <tilt>70</tilt>
                        <range>3000</range>
                        <gx:altitudeMode>relativeToSeaFloor</gx:altitudeMode>
                    </LookAt>
                    <styleUrl>#msn_ylw-pushpin0</styleUrl>
                    <Point>
                        <extrude>1</extrude>
                        <altitudeMode>absolute</altitudeMode>
                        <gx:drawOrder>1</gx:drawOrder>
                        <coordinates>2.3698528669797,46.864783857061,624.92700195312</coordinates>
                    </Point>
                </Placemark>
                
                <Placemark>
                    <name>10:39:53 - 81 kts - 2048 ft</name>
                    <visibility>0</visibility>
                    <description>latitude: 46.864342
longitude: 2.370726
altitude: 624 m / 2048 ft
elevation: 166 m / 545 ft
course: 123°
speed: 81 kts
</description>
                    <LookAt>
                        <longitude>2.3707263451092</longitude>
                        <latitude>46.864342382221</latitude>
                        <altitude>0</altitude>
                        <heading>0</heading>
                        <tilt>70</tilt>
                        <range>3000</range>
                        <gx:altitudeMode>relativeToSeaFloor</gx:altitudeMode>
                    </LookAt>
                    <styleUrl>#msn_ylw-pushpin0</styleUrl>
                    <Point>
                        <extrude>1</extrude>
                        <altitudeMode>absolute</altitudeMode>
                        <gx:drawOrder>1</gx:drawOrder>
                        <coordinates>2.3707263451092,46.864342382221,624.16796875</coordinates>
                    </Point>
                </Placemark>
                
                <Placemark>
                    <name>10:39:54 - 82 kts - 2044 ft</name>
                    <visibility>0</visibility>
                    <description>latitude: 46.863963
longitude: 2.371688
altitude: 623 m / 2044 ft
elevation: 167 m / 548 ft
course: 117°
speed: 82 kts
</description>
                    <LookAt>
                        <longitude>2.3716876655839</longitude>
                        <latitude>46.863963101103</latitude>
                        <altitude>0</altitude>
                        <heading>0</heading>
                        <tilt>70</tilt>
                        <range>3000</range>
                        <gx:altitudeMode>relativeToSeaFloor</gx:altitudeMode>
                    </LookAt>
                    <styleUrl>#msn_ylw-pushpin0</styleUrl>
                    <Point>
                        <extrude>1</extrude>
                        <altitudeMode>absolute</altitudeMode>
                        <gx:drawOrder>1</gx:drawOrder>
                        <coordinates>2.3716876655839,46.863963101103,623.05346679688</coordinates>
                    </Point>
                </Placemark>
                
                <Placemark>
                    <name>10:39:56 - 85 kts - 2044 ft</name>
                    <visibility>0</visibility>
                    <description>latitude: 46.863654
longitude: 2.372725
altitude: 623 m / 2044 ft
elevation: 166 m / 545 ft
course: 110°
speed: 85 kts
</description>
                    <LookAt>
                        <longitude>2.3727250937395</longitude>
                        <latitude>46.863653515509</latitude>
                        <altitude>0</altitude>
                        <heading>0</heading>
                        <tilt>70</tilt>
                        <range>3000</range>
                        <gx:altitudeMode>relativeToSeaFloor</gx:altitudeMode>
                    </LookAt>
                    <styleUrl>#msn_ylw-pushpin0</styleUrl>
                    <Point>
                        <extrude>1</extrude>
                        <altitudeMode>absolute</altitudeMode>
                        <gx:drawOrder>1</gx:drawOrder>
                        <coordinates>2.3727250937395,46.863653515509,622.88037109375</coordinates>
                    </Point>
                </Placemark>
                
                <Placemark>
                    <name>10:39:58 - 86 kts - 2045 ft</name>
                    <visibility>0</visibility>
                    <description>latitude: 46.863417
longitude: 2.373829
altitude: 623 m / 2045 ft
elevation: 166 m / 545 ft
course: 105°
speed: 86 kts
</description>
                    <LookAt>
                        <longitude>2.3738289065681</longitude>
                        <latitude>46.863416559107</latitude>
                        <altitude>0</altitude>
                        <heading>0</heading>
                        <tilt>70</tilt>
                        <range>3000</range>
                        <gx:altitudeMode>relativeToSeaFloor</gx:altitudeMode>
                    </LookAt>
                    <styleUrl>#msn_ylw-pushpin0</styleUrl>
                    <Point>
                        <extrude>1</extrude>
                        <altitudeMode>absolute</altitudeMode>
                        <gx:drawOrder>1</gx:drawOrder>
                        <coordinates>2.3738289065681,46.863416559107,623.20263671875</coordinates>
                    </Point>
                </Placemark>
                
                <Placemark>
                    <name>10:40:00 - 87 kts - 2045 ft</name>
                    <visibility>0</visibility>
                    <description>latitude: 46.863243
longitude: 2.374982
altitude: 623 m / 2045 ft
elevation: 167 m / 548 ft
course: 99°
speed: 87 kts
</description>
                    <LookAt>
                        <longitude>2.3749818373494</longitude>
                        <latitude>46.863242676525</latitude>
                        <altitude>0</altitude>
                        <heading>0</heading>
                        <tilt>70</tilt>
                        <range>3000</range>
                        <gx:altitudeMode>relativeToSeaFloor</gx:altitudeMode>
                    </LookAt>
                    <styleUrl>#msn_ylw-pushpin0</styleUrl>
                    <Point>
                        <extrude>1</extrude>
                        <altitudeMode>absolute</altitudeMode>
                        <gx:drawOrder>1</gx:drawOrder>
                        <coordinates>2.3749818373494,46.863242676525,623.32495117188</coordinates>
                    </Point>
                </Placemark>
                
                <Placemark>
                    <name>10:40:02 - 89 kts - 2045 ft</name>
                    <visibility>0</visibility>
                    <description>latitude: 46.863149
longitude: 2.376163
altitude: 623 m / 2045 ft
elevation: 167 m / 548 ft
course: 93°
speed: 89 kts
</description>
                    <LookAt>
                        <longitude>2.3761626798682</longitude>
                        <latitude>46.863148841119</latitude>
                        <altitude>0</altitude>
                        <heading>0</heading>
                        <tilt>70</tilt>
                        <range>3000</range>
                        <gx:altitudeMode>relativeToSeaFloor</gx:altitudeMode>
                    </LookAt>
                    <styleUrl>#msn_ylw-pushpin0</styleUrl>
                    <Point>
                        <extrude>1</extrude>
                        <altitudeMode>absolute</altitudeMode>
                        <gx:drawOrder>1</gx:drawOrder>
                        <coordinates>2.3761626798682,46.863148841119,623.43933105469</coordinates>
                    </Point>
                </Placemark>
                
                <Placemark>
                    <name>10:40:04 - 89 kts - 2048 ft</name>
                    <visibility>0</visibility>
                    <description>latitude: 46.863144
longitude: 2.377362
altitude: 624 m / 2048 ft
elevation: 167 m / 548 ft
course: 88°
speed: 89 kts
</description>
                    <LookAt>
                        <longitude>2.377362130212</longitude>
                        <latitude>46.863144314892</latitude>
                        <altitude>0</altitude>
                        <heading>0</heading>
                        <tilt>70</tilt>
                        <range>3000</range>
                        <gx:altitudeMode>relativeToSeaFloor</gx:altitudeMode>
                    </LookAt>
                    <styleUrl>#msn_ylw-pushpin0</styleUrl>
                    <Point>
                        <extrude>1</extrude>
                        <altitudeMode>absolute</altitudeMode>
                        <gx:drawOrder>1</gx:drawOrder>
                        <coordinates>2.377362130212,46.863144314892,624.10021972656</coordinates>
                    </Point>
                </Placemark>
                
                <Placemark>
                    <name>10:40:06 - 92 kts - 2041 ft</name>
                    <visibility>0</visibility>
                    <description>latitude: 46.863230
longitude: 2.378575
altitude: 622 m / 2041 ft
elevation: 167 m / 548 ft
course: 81°
speed: 92 kts
</description>
                    <LookAt>
                        <longitude>2.378575159239</longitude>
                        <latitude>46.863230229399</latitude>
                        <altitude>0</altitude>
                        <heading>0</heading>
                        <tilt>70</tilt>
                        <range>3000</range>
                        <gx:altitudeMode>relativeToSeaFloor</gx:altitudeMode>
                    </LookAt>
                    <styleUrl>#msn_ylw-pushpin0</styleUrl>
                    <Point>
                        <extrude>1</extrude>
                        <altitudeMode>absolute</altitudeMode>
                        <gx:drawOrder>1</gx:drawOrder>
                        <coordinates>2.378575159239,46.863230229399,622.10900878906</coordinates>
                    </Point>
                </Placemark>
                
                <Placemark>
                    <name>10:40:09 - 93 kts - 2031 ft</name>
                    <visibility>0</visibility>
                    <description>latitude: 46.863409
longitude: 2.379794
altitude: 619 m / 2031 ft
elevation: 168 m / 551 ft
course: 76°
speed: 93 kts
</description>
                    <LookAt>
                        <longitude>2.3797941394172</longitude>
                        <latitude>46.863408805846</latitude>
                        <altitude>0</altitude>
                        <heading>0</heading>
                        <tilt>70</tilt>
                        <range>3000</range>
                        <gx:altitudeMode>relativeToSeaFloor</gx:altitudeMode>
                    </LookAt>
                    <styleUrl>#msn_ylw-pushpin0</styleUrl>
                    <Point>
                        <extrude>1</extrude>
                        <altitudeMode>absolute</altitudeMode>
                        <gx:drawOrder>1</gx:drawOrder>
                        <coordinates>2.3797941394172,46.863408805846,619.07861328125</coordinates>
                    </Point>
                </Placemark>
                
                <Placemark>
                    <name>10:40:18 - 95 kts - 1991 ft</name>
                    <visibility>0</visibility>
                    <description>latitude: 46.864600
longitude: 2.385241
altitude: 607 m / 1991 ft
elevation: 168 m / 551 ft
course: 70°
speed: 95 kts
</description>
                    <LookAt>
                        <longitude>2.3852411191933</longitude>
                        <latitude>46.864599664739</latitude>
                        <altitude>0</altitude>
                        <heading>0</heading>
                        <tilt>70</tilt>
                        <range>3000</range>
                        <gx:altitudeMode>relativeToSeaFloor</gx:altitudeMode>
                    </LookAt>
                    <styleUrl>#msn_ylw-pushpin0</styleUrl>
                    <Point>
                        <extrude>1</extrude>
                        <altitudeMode>absolute</altitudeMode>
                        <gx:drawOrder>1</gx:drawOrder>
                        <coordinates>2.3852411191933,46.864599664739,606.90759277344</coordinates>
                    </Point>
                </Placemark>
                
                <Placemark>
                    <name>10:40:29 - 94 kts - 1946 ft</name>
                    <visibility>0</visibility>
                    <description>latitude: 46.866199
longitude: 2.391912
altitude: 593 m / 1946 ft
elevation: 175 m / 574 ft
course: 70°
speed: 94 kts
</description>
                    <LookAt>
                        <longitude>2.3919119406514</longitude>
                        <latitude>46.866199015683</latitude>
                        <altitude>0</altitude>
                        <heading>0</heading>
                        <tilt>70</tilt>
                        <range>3000</range>
                        <gx:altitudeMode>relativeToSeaFloor</gx:altitudeMode>
                    </LookAt>
                    <styleUrl>#msn_ylw-pushpin0</styleUrl>
                    <Point>
                        <extrude>1</extrude>
                        <altitudeMode>absolute</altitudeMode>
                        <gx:drawOrder>1</gx:drawOrder>
                        <coordinates>2.3919119406514,46.866199015683,593.08984375</coordinates>
                    </Point>
                </Placemark>
                
                <Placemark>
                    <name>10:40:40 - 92 kts - 1936 ft</name>
                    <visibility>0</visibility>
                    <description>latitude: 46.867753
longitude: 2.398410
altitude: 590 m / 1936 ft
elevation: 174 m / 571 ft
course: 72°
speed: 92 kts
</description>
                    <LookAt>
                        <longitude>2.39840959199</longitude>
                        <latitude>46.867752769074</latitude>
                        <altitude>0</altitude>
                        <heading>0</heading>
                        <tilt>70</tilt>
                        <range>3000</range>
                        <gx:altitudeMode>relativeToSeaFloor</gx:altitudeMode>
                    </LookAt>
                    <styleUrl>#msn_ylw-pushpin0</styleUrl>
                    <Point>
                        <extrude>1</extrude>
                        <altitudeMode>absolute</altitudeMode>
                        <gx:drawOrder>1</gx:drawOrder>
                        <coordinates>2.39840959199,46.867752769074,590.04284667969</coordinates>
                    </Point>
                </Placemark>
                
                <Placemark>
                    <name>10:40:51 - 92 kts - 1909 ft</name>
                    <visibility>0</visibility>
                    <description>latitude: 46.869068
longitude: 2.404987
altitude: 582 m / 1909 ft
elevation: 175 m / 574 ft
course: 72°
speed: 92 kts
</description>
                    <LookAt>
                        <longitude>2.4049867875896</longitude>
                        <latitude>46.869068099229</latitude>
                        <altitude>0</altitude>
                        <heading>0</heading>
                        <tilt>70</tilt>
                        <range>3000</range>
                        <gx:altitudeMode>relativeToSeaFloor</gx:altitudeMode>
                    </LookAt>
                    <styleUrl>#msn_ylw-pushpin0</styleUrl>
                    <Point>
                        <extrude>1</extrude>
                        <altitudeMode>absolute</altitudeMode>
                        <gx:drawOrder>1</gx:drawOrder>
                        <coordinates>2.4049867875896,46.869068099229,581.93798828125</coordinates>
                    </Point>
                </Placemark>
                
                <Placemark>
                    <name>10:41:01 - 93 kts - 1880 ft</name>
                    <visibility>0</visibility>
                    <description>latitude: 46.870534
longitude: 2.410801
altitude: 573 m / 1880 ft
elevation: 178 m / 584 ft
course: 64°
speed: 93 kts
</description>
                    <LookAt>
                        <longitude>2.4108012300007</longitude>
                        <latitude>46.87053447128</latitude>
                        <altitude>0</altitude>
                        <heading>0</heading>
                        <tilt>70</tilt>
                        <range>3000</range>
                        <gx:altitudeMode>relativeToSeaFloor</gx:altitudeMode>
                    </LookAt>
                    <styleUrl>#msn_ylw-pushpin0</styleUrl>
                    <Point>
                        <extrude>1</extrude>
                        <altitudeMode>absolute</altitudeMode>
                        <gx:drawOrder>1</gx:drawOrder>
                        <coordinates>2.4108012300007,46.87053447128,573.03491210938</coordinates>
                    </Point>
                </Placemark>
                
                <Placemark>
                    <name>10:41:03 - 95 kts - 1877 ft</name>
                    <visibility>0</visibility>
                    <description>latitude: 46.870960
longitude: 2.411921
altitude: 572 m / 1877 ft
elevation: 178 m / 584 ft
course: 58°
speed: 95 kts
</description>
                    <LookAt>
                        <longitude>2.4119208008073</longitude>
                        <latitude>46.870959978594</latitude>
                        <altitude>0</altitude>
                        <heading>0</heading>
                        <tilt>70</tilt>
                        <range>3000</range>
                        <gx:altitudeMode>relativeToSeaFloor</gx:altitudeMode>
                    </LookAt>
                    <styleUrl>#msn_ylw-pushpin0</styleUrl>
                    <Point>
                        <extrude>1</extrude>
                        <altitudeMode>absolute</altitudeMode>
                        <gx:drawOrder>1</gx:drawOrder>
                        <coordinates>2.4119208008073,46.870959978594,572.09851074219</coordinates>
                    </Point>
                </Placemark>
                
                <Placemark>
                    <name>10:41:06 - 95 kts - 1885 ft</name>
                    <visibility>0</visibility>
                    <description>latitude: 46.871729
longitude: 2.413473
altitude: 574 m / 1885 ft
elevation: 178 m / 584 ft
course: 50°
speed: 95 kts
</description>
                    <LookAt>
                        <longitude>2.4134733807318</longitude>
                        <latitude>46.871728641025</latitude>
                        <altitude>0</altitude>
                        <heading>0</heading>
                        <tilt>70</tilt>
                        <range>3000</range>
                        <gx:altitudeMode>relativeToSeaFloor</gx:altitudeMode>
                    </LookAt>
                    <styleUrl>#msn_ylw-pushpin0</styleUrl>
                    <Point>
                        <extrude>1</extrude>
                        <altitudeMode>absolute</altitudeMode>
                        <gx:drawOrder>1</gx:drawOrder>
                        <coordinates>2.4134733807318,46.871728641025,574.39880371094</coordinates>
                    </Point>
                </Placemark>
                
                <Placemark>
                    <name>10:41:09 - 95 kts - 1885 ft</name>
                    <visibility>0</visibility>
                    <description>latitude: 46.872632
longitude: 2.414869
altitude: 574 m / 1885 ft
elevation: 178 m / 584 ft
course: 43°
speed: 95 kts
</description>
                    <LookAt>
                        <longitude>2.4148691352479</longitude>
                        <latitude>46.872631833001</latitude>
                        <altitude>0</altitude>
                        <heading>0</heading>
                        <tilt>70</tilt>
                        <range>3000</range>
                        <gx:altitudeMode>relativeToSeaFloor</gx:altitudeMode>
                    </LookAt>
                    <styleUrl>#msn_ylw-pushpin0</styleUrl>
                    <Point>
                        <extrude>1</extrude>
                        <altitudeMode>absolute</altitudeMode>
                        <gx:drawOrder>1</gx:drawOrder>
                        <coordinates>2.4148691352479,46.872631833001,574.42858886719</coordinates>
                    </Point>
                </Placemark>
                
                <Placemark>
                    <name>10:41:12 - 97 kts - 1870 ft</name>
                    <visibility>0</visibility>
                    <description>latitude: 46.873651
longitude: 2.416129
altitude: 570 m / 1870 ft
elevation: 178 m / 584 ft
course: 38°
speed: 97 kts
</description>
                    <LookAt>
                        <longitude>2.4161291867517</longitude>
                        <latitude>46.873651198155</latitude>
                        <altitude>0</altitude>
                        <heading>0</heading>
                        <tilt>70</tilt>
                        <range>3000</range>
                        <gx:altitudeMode>relativeToSeaFloor</gx:altitudeMode>
                    </LookAt>
                    <styleUrl>#msn_ylw-pushpin0</styleUrl>
                    <Point>
                        <extrude>1</extrude>
                        <altitudeMode>absolute</altitudeMode>
                        <gx:drawOrder>1</gx:drawOrder>
                        <coordinates>2.4161291867517,46.873651198155,570.04711914062</coordinates>
                    </Point>
                </Placemark>
                
                <Placemark>
                    <name>10:41:16 - 98 kts - 1850 ft</name>
                    <visibility>0</visibility>
                    <description>latitude: 46.875135
longitude: 2.417609
altitude: 564 m / 1850 ft
elevation: 175 m / 574 ft
course: 31°
speed: 98 kts
</description>
                    <LookAt>
                        <longitude>2.4176090955757</longitude>
                        <latitude>46.87513538175</latitude>
                        <altitude>0</altitude>
                        <heading>0</heading>
                        <tilt>70</tilt>
                        <range>3000</range>
                        <gx:altitudeMode>relativeToSeaFloor</gx:altitudeMode>
                    </LookAt>
                    <styleUrl>#msn_ylw-pushpin0</styleUrl>
                    <Point>
                        <extrude>1</extrude>
                        <altitudeMode>absolute</altitudeMode>
                        <gx:drawOrder>1</gx:drawOrder>
                        <coordinates>2.4176090955757,46.87513538175,563.73095703125</coordinates>
                    </Point>
                </Placemark>
                
                <Placemark>
                    <name>10:41:22 - 98 kts - 1826 ft</name>
                    <visibility>0</visibility>
                    <description>latitude: 46.877526
longitude: 2.419485
altitude: 556 m / 1826 ft
elevation: 181 m / 594 ft
course: 25°
speed: 98 kts
</description>
                    <LookAt>
                        <longitude>2.4194853007816</longitude>
                        <latitude>46.877525649077</latitude>
                        <altitude>0</altitude>
                        <heading>0</heading>
                        <tilt>70</tilt>
                        <range>3000</range>
                        <gx:altitudeMode>relativeToSeaFloor</gx:altitudeMode>
                    </LookAt>
                    <styleUrl>#msn_ylw-pushpin0</styleUrl>
                    <Point>
                        <extrude>1</extrude>
                        <altitudeMode>absolute</altitudeMode>
                        <gx:drawOrder>1</gx:drawOrder>
                        <coordinates>2.4194853007816,46.877525649077,556.46313476562</coordinates>
                    </Point>
                </Placemark>
                
                <Placemark>
                    <name>10:41:27 - 98 kts - 1790 ft</name>
                    <visibility>0</visibility>
                    <description>latitude: 46.879604
longitude: 2.420749
altitude: 546 m / 1790 ft
elevation: 182 m / 597 ft
course: 20°
speed: 98 kts
</description>
                    <LookAt>
                        <longitude>2.4207487050466</longitude>
                        <latitude>46.879604025788</latitude>
                        <altitude>0</altitude>
                        <heading>0</heading>
                        <tilt>70</tilt>
                        <range>3000</range>
                        <gx:altitudeMode>relativeToSeaFloor</gx:altitudeMode>
                    </LookAt>
                    <styleUrl>#msn_ylw-pushpin0</styleUrl>
                    <Point>
                        <extrude>1</extrude>
                        <altitudeMode>absolute</altitudeMode>
                        <gx:drawOrder>1</gx:drawOrder>
                        <coordinates>2.4207487050466,46.879604025788,545.55053710938</coordinates>
                    </Point>
                </Placemark>
                
                <Placemark>
                    <name>10:41:31 - 98 kts - 1754 ft</name>
                    <visibility>0</visibility>
                    <description>latitude: 46.881334
longitude: 2.421512
altitude: 534 m / 1754 ft
elevation: 178 m / 584 ft
course: 14°
speed: 98 kts
</description>
                    <LookAt>
                        <longitude>2.4215122964256</longitude>
                        <latitude>46.881333589597</latitude>
                        <altitude>0</altitude>
                        <heading>0</heading>
                        <tilt>70</tilt>
                        <range>3000</range>
                        <gx:altitudeMode>relativeToSeaFloor</gx:altitudeMode>
                    </LookAt>
                    <styleUrl>#msn_ylw-pushpin0</styleUrl>
                    <Point>
                        <extrude>1</extrude>
                        <altitudeMode>absolute</altitudeMode>
                        <gx:drawOrder>1</gx:drawOrder>
                        <coordinates>2.4215122964256,46.881333589597,534.47045898438</coordinates>
                    </Point>
                </Placemark>
                
                <Placemark>
                    <name>10:41:35 - 98 kts - 1718 ft</name>
                    <visibility>0</visibility>
                    <description>latitude: 46.883105
longitude: 2.422062
altitude: 524 m / 1718 ft
elevation: 181 m / 594 ft
course: 9°
speed: 98 kts
</description>
                    <LookAt>
                        <longitude>2.4220615625404</longitude>
                        <latitude>46.883104685738</latitude>
                        <altitude>0</altitude>
                        <heading>0</heading>
                        <tilt>70</tilt>
                        <range>3000</range>
                        <gx:altitudeMode>relativeToSeaFloor</gx:altitudeMode>
                    </LookAt>
                    <styleUrl>#msn_ylw-pushpin0</styleUrl>
                    <Point>
                        <extrude>1</extrude>
                        <altitudeMode>absolute</altitudeMode>
                        <gx:drawOrder>1</gx:drawOrder>
                        <coordinates>2.4220615625404,46.883104685738,523.6083984375</coordinates>
                    </Point>
                </Placemark>
                
                <Placemark>
                    <name>10:41:40 - 98 kts - 1694 ft</name>
                    <visibility>0</visibility>
                    <description>latitude: 46.885363
longitude: 2.422411
altitude: 516 m / 1694 ft
elevation: 175 m / 574 ft
course: 4°
speed: 98 kts
</description>
                    <LookAt>
                        <longitude>2.4224109202646</longitude>
                        <latitude>46.885363105728</latitude>
                        <altitude>0</altitude>
                        <heading>0</heading>
                        <tilt>70</tilt>
                        <range>3000</range>
                        <gx:altitudeMode>relativeToSeaFloor</gx:altitudeMode>
                    </LookAt>
                    <styleUrl>#msn_ylw-pushpin0</styleUrl>
                    <Point>
                        <extrude>1</extrude>
                        <altitudeMode>absolute</altitudeMode>
                        <gx:drawOrder>1</gx:drawOrder>
                        <coordinates>2.4224109202646,46.885363105728,516.24609375</coordinates>
                    </Point>
                </Placemark>
                
                <Placemark>
                    <name>10:41:47 - 96 kts - 1658 ft</name>
                    <visibility>0</visibility>
                    <description>latitude: 46.888497
longitude: 2.422538
altitude: 505 m / 1658 ft
elevation: 174 m / 571 ft
course: 359°
speed: 96 kts
</description>
                    <LookAt>
                        <longitude>2.4225376546405</longitude>
                        <latitude>46.888497225053</latitude>
                        <altitude>0</altitude>
                        <heading>0</heading>
                        <tilt>70</tilt>
                        <range>3000</range>
                        <gx:altitudeMode>relativeToSeaFloor</gx:altitudeMode>
                    </LookAt>
                    <styleUrl>#msn_ylw-pushpin0</styleUrl>
                    <Point>
                        <extrude>1</extrude>
                        <altitudeMode>absolute</altitudeMode>
                        <gx:drawOrder>1</gx:drawOrder>
                        <coordinates>2.4225376546405,46.888497225053,505.21459960938</coordinates>
                    </Point>
                </Placemark>
                
                <Placemark>
                    <name>10:41:54 - 94 kts - 1642 ft</name>
                    <visibility>0</visibility>
                    <description>latitude: 46.891572
longitude: 2.422201
altitude: 501 m / 1642 ft
elevation: 174 m / 571 ft
course: 354°
speed: 94 kts
</description>
                    <LookAt>
                        <longitude>2.422200618314</longitude>
                        <latitude>46.891571832864</latitude>
                        <altitude>0</altitude>
                        <heading>0</heading>
                        <tilt>70</tilt>
                        <range>3000</range>
                        <gx:altitudeMode>relativeToSeaFloor</gx:altitudeMode>
                    </LookAt>
                    <styleUrl>#msn_ylw-pushpin0</styleUrl>
                    <Point>
                        <extrude>1</extrude>
                        <altitudeMode>absolute</altitudeMode>
                        <gx:drawOrder>1</gx:drawOrder>
                        <coordinates>2.422200618314,46.891571832864,500.5791015625</coordinates>
                    </Point>
                </Placemark>
                
                <Placemark>
                    <name>10:41:59 - 93 kts - 1624 ft</name>
                    <visibility>0</visibility>
                    <description>latitude: 46.894120
longitude: 2.421640
altitude: 495 m / 1624 ft
elevation: 174 m / 571 ft
course: 348°
speed: 93 kts
</description>
                    <LookAt>
                        <longitude>2.421640288087</longitude>
                        <latitude>46.894120015248</latitude>
                        <altitude>0</altitude>
                        <heading>0</heading>
                        <tilt>70</tilt>
                        <range>3000</range>
                        <gx:altitudeMode>relativeToSeaFloor</gx:altitudeMode>
                    </LookAt>
                    <styleUrl>#msn_ylw-pushpin0</styleUrl>
                    <Point>
                        <extrude>1</extrude>
                        <altitudeMode>absolute</altitudeMode>
                        <gx:drawOrder>1</gx:drawOrder>
                        <coordinates>2.421640288087,46.894120015248,494.99340820312</coordinates>
                    </Point>
                </Placemark>
                
                <Placemark>
                    <name>10:42:08 - 94 kts - 1582 ft</name>
                    <visibility>0</visibility>
                    <description>latitude: 46.897475
longitude: 2.420411
altitude: 482 m / 1582 ft
elevation: 178 m / 584 ft
course: 342°
speed: 94 kts
</description>
                    <LookAt>
                        <longitude>2.4204105790727</longitude>
                        <latitude>46.897474620535</latitude>
                        <altitude>0</altitude>
                        <heading>0</heading>
                        <tilt>70</tilt>
                        <range>3000</range>
                        <gx:altitudeMode>relativeToSeaFloor</gx:altitudeMode>
                    </LookAt>
                    <styleUrl>#msn_ylw-pushpin0</styleUrl>
                    <Point>
                        <extrude>1</extrude>
                        <altitudeMode>absolute</altitudeMode>
                        <gx:drawOrder>1</gx:drawOrder>
                        <coordinates>2.4204105790727,46.897474620535,482.14770507812</coordinates>
                    </Point>
                </Placemark>
                
                <Placemark>
                    <name>10:42:10 - 95 kts - 1564 ft</name>
                    <visibility>0</visibility>
                    <description>latitude: 46.898285
longitude: 2.419944
altitude: 477 m / 1564 ft
elevation: 178 m / 584 ft
course: 335°
speed: 95 kts
</description>
                    <LookAt>
                        <longitude>2.4199441261612</longitude>
                        <latitude>46.898284982934</latitude>
                        <altitude>0</altitude>
                        <heading>0</heading>
                        <tilt>70</tilt>
                        <range>3000</range>
                        <gx:altitudeMode>relativeToSeaFloor</gx:altitudeMode>
                    </LookAt>
                    <styleUrl>#msn_ylw-pushpin0</styleUrl>
                    <Point>
                        <extrude>1</extrude>
                        <altitudeMode>absolute</altitudeMode>
                        <gx:drawOrder>1</gx:drawOrder>
                        <coordinates>2.4199441261612,46.898284982934,476.83227539062</coordinates>
                    </Point>
                </Placemark>
                
                <Placemark>
                    <name>10:42:12 - 95 kts - 1549 ft</name>
                    <visibility>0</visibility>
                    <description>latitude: 46.899053
longitude: 2.419340
altitude: 472 m / 1549 ft
elevation: 178 m / 584 ft
course: 328°
speed: 95 kts
</description>
                    <LookAt>
                        <longitude>2.4193401262187</longitude>
                        <latitude>46.899052974812</latitude>
                        <altitude>0</altitude>
                        <heading>0</heading>
                        <tilt>70</tilt>
                        <range>3000</range>
                        <gx:altitudeMode>relativeToSeaFloor</gx:altitudeMode>
                    </LookAt>
                    <styleUrl>#msn_ylw-pushpin0</styleUrl>
                    <Point>
                        <extrude>1</extrude>
                        <altitudeMode>absolute</altitudeMode>
                        <gx:drawOrder>1</gx:drawOrder>
                        <coordinates>2.4193401262187,46.899052974812,472.18194580078</coordinates>
                    </Point>
                </Placemark>
                
                <Placemark>
                    <name>10:42:14 - 95 kts - 1535 ft</name>
                    <visibility>0</visibility>
                    <description>latitude: 46.899763
longitude: 2.418603
altitude: 468 m / 1535 ft
elevation: 175 m / 574 ft
course: 321°
speed: 95 kts
</description>
                    <LookAt>
                        <longitude>2.4186029378347</longitude>
                        <latitude>46.899763257286</latitude>
                        <altitude>0</altitude>
                        <heading>0</heading>
                        <tilt>70</tilt>
                        <range>3000</range>
                        <gx:altitudeMode>relativeToSeaFloor</gx:altitudeMode>
                    </LookAt>
                    <styleUrl>#msn_ylw-pushpin0</styleUrl>
                    <Point>
                        <extrude>1</extrude>
                        <altitudeMode>absolute</altitudeMode>
                        <gx:drawOrder>1</gx:drawOrder>
                        <coordinates>2.4186029378347,46.899763257286,467.95056152344</coordinates>
                    </Point>
                </Placemark>
                
                <Placemark>
                    <name>10:42:16 - 94 kts - 1520 ft</name>
                    <visibility>0</visibility>
                    <description>latitude: 46.900400
longitude: 2.417739
altitude: 463 m / 1520 ft
elevation: 175 m / 574 ft
course: 314°
speed: 94 kts
</description>
                    <LookAt>
                        <longitude>2.4177386797987</longitude>
                        <latitude>46.900400491475</latitude>
                        <altitude>0</altitude>
                        <heading>0</heading>
                        <tilt>70</tilt>
                        <range>3000</range>
                        <gx:altitudeMode>relativeToSeaFloor</gx:altitudeMode>
                    </LookAt>
                    <styleUrl>#msn_ylw-pushpin0</styleUrl>
                    <Point>
                        <extrude>1</extrude>
                        <altitudeMode>absolute</altitudeMode>
                        <gx:drawOrder>1</gx:drawOrder>
                        <coordinates>2.4177386797987,46.900400491475,463.23913574219</coordinates>
                    </Point>
                </Placemark>
                
                <Placemark>
                    <name>10:42:18 - 94 kts - 1508 ft</name>
                    <visibility>0</visibility>
                    <description>latitude: 46.900958
longitude: 2.416776
altitude: 460 m / 1508 ft
elevation: 177 m / 581 ft
course: 307°
speed: 94 kts
</description>
                    <LookAt>
                        <longitude>2.4167761858575</longitude>
                        <latitude>46.900957971855</latitude>
                        <altitude>0</altitude>
                        <heading>0</heading>
                        <tilt>70</tilt>
                        <range>3000</range>
                        <gx:altitudeMode>relativeToSeaFloor</gx:altitudeMode>
                    </LookAt>
                    <styleUrl>#msn_ylw-pushpin0</styleUrl>
                    <Point>
                        <extrude>1</extrude>
                        <altitudeMode>absolute</altitudeMode>
                        <gx:drawOrder>1</gx:drawOrder>
                        <coordinates>2.4167761858575,46.900957971855,459.66931152344</coordinates>
                    </Point>
                </Placemark>
                
                <Placemark>
                    <name>10:42:20 - 92 kts - 1508 ft</name>
                    <visibility>0</visibility>
                    <description>latitude: 46.901429
longitude: 2.415742
altitude: 460 m / 1508 ft
elevation: 177 m / 581 ft
course: 301°
speed: 92 kts
</description>
                    <LookAt>
                        <longitude>2.4157421104632</longitude>
                        <latitude>46.901429453908</latitude>
                        <altitude>0</altitude>
                        <heading>0</heading>
                        <tilt>70</tilt>
                        <range>3000</range>
                        <gx:altitudeMode>relativeToSeaFloor</gx:altitudeMode>
                    </LookAt>
                    <styleUrl>#msn_ylw-pushpin0</styleUrl>
                    <Point>
                        <extrude>1</extrude>
                        <altitudeMode>absolute</altitudeMode>
                        <gx:drawOrder>1</gx:drawOrder>
                        <coordinates>2.4157421104632,46.901429453908,459.640625</coordinates>
                    </Point>
                </Placemark>
                
                <Placemark>
                    <name>10:42:22 - 91 kts - 1513 ft</name>
                    <visibility>0</visibility>
                    <description>latitude: 46.901820
longitude: 2.414661
altitude: 461 m / 1513 ft
elevation: 175 m / 574 ft
course: 295°
speed: 91 kts
</description>
                    <LookAt>
                        <longitude>2.4146610125922</longitude>
                        <latitude>46.901819882958</latitude>
                        <altitude>0</altitude>
                        <heading>0</heading>
                        <tilt>70</tilt>
                        <range>3000</range>
                        <gx:altitudeMode>relativeToSeaFloor</gx:altitudeMode>
                    </LookAt>
                    <styleUrl>#msn_ylw-pushpin0</styleUrl>
                    <Point>
                        <extrude>1</extrude>
                        <altitudeMode>absolute</altitudeMode>
                        <gx:drawOrder>1</gx:drawOrder>
                        <coordinates>2.4146610125922,46.901819882958,461.21539306641</coordinates>
                    </Point>
                </Placemark>
                
                <Placemark>
                    <name>10:42:25 - 88 kts - 1520 ft</name>
                    <visibility>0</visibility>
                    <description>latitude: 46.902273
longitude: 2.412988
altitude: 463 m / 1520 ft
elevation: 177 m / 581 ft
course: 288°
speed: 88 kts
</description>
                    <LookAt>
                        <longitude>2.412987649443</longitude>
                        <latitude>46.902272882915</latitude>
                        <altitude>0</altitude>
                        <heading>0</heading>
                        <tilt>70</tilt>
                        <range>3000</range>
                        <gx:altitudeMode>relativeToSeaFloor</gx:altitudeMode>
                    </LookAt>
                    <styleUrl>#msn_ylw-pushpin0</styleUrl>
                    <Point>
                        <extrude>1</extrude>
                        <altitudeMode>absolute</altitudeMode>
                        <gx:drawOrder>1</gx:drawOrder>
                        <coordinates>2.412987649443,46.902272882915,463.33770751953</coordinates>
                    </Point>
                </Placemark>
                
                <Placemark>
                    <name>10:42:27 - 87 kts - 1515 ft</name>
                    <visibility>0</visibility>
                    <description>latitude: 46.902486
longitude: 2.411852
altitude: 462 m / 1515 ft
elevation: 174 m / 571 ft
course: 282°
speed: 87 kts
</description>
                    <LookAt>
                        <longitude>2.4118518177442</longitude>
                        <latitude>46.902485531798</latitude>
                        <altitude>0</altitude>
                        <heading>0</heading>
                        <tilt>70</tilt>
                        <range>3000</range>
                        <gx:altitudeMode>relativeToSeaFloor</gx:altitudeMode>
                    </LookAt>
                    <styleUrl>#msn_ylw-pushpin0</styleUrl>
                    <Point>
                        <extrude>1</extrude>
                        <altitudeMode>absolute</altitudeMode>
                        <gx:drawOrder>1</gx:drawOrder>
                        <coordinates>2.4118518177442,46.902485531798,461.79168701172</coordinates>
                    </Point>
                </Placemark>
                
                <Placemark>
                    <name>10:42:29 - 87 kts - 1503 ft</name>
                    <visibility>0</visibility>
                    <description>latitude: 46.902598
longitude: 2.410679
altitude: 458 m / 1503 ft
elevation: 174 m / 571 ft
course: 275°
speed: 87 kts
</description>
                    <LookAt>
                        <longitude>2.4106792733096</longitude>
                        <latitude>46.902597597844</latitude>
                        <altitude>0</altitude>
                        <heading>0</heading>
                        <tilt>70</tilt>
                        <range>3000</range>
                        <gx:altitudeMode>relativeToSeaFloor</gx:altitudeMode>
                    </LookAt>
                    <styleUrl>#msn_ylw-pushpin0</styleUrl>
                    <Point>
                        <extrude>1</extrude>
                        <altitudeMode>absolute</altitudeMode>
                        <gx:drawOrder>1</gx:drawOrder>
                        <coordinates>2.4106792733096,46.902597597844,458.1826171875</coordinates>
                    </Point>
                </Placemark>
                
                <Placemark>
                    <name>10:42:31 - 88 kts - 1487 ft</name>
                    <visibility>0</visibility>
                    <description>latitude: 46.902625
longitude: 2.409500
altitude: 453 m / 1487 ft
elevation: 174 m / 571 ft
course: 269°
speed: 88 kts
</description>
                    <LookAt>
                        <longitude>2.4094996880762</longitude>
                        <latitude>46.902625048577</latitude>
                        <altitude>0</altitude>
                        <heading>0</heading>
                        <tilt>70</tilt>
                        <range>3000</range>
                        <gx:altitudeMode>relativeToSeaFloor</gx:altitudeMode>
                    </LookAt>
                    <styleUrl>#msn_ylw-pushpin0</styleUrl>
                    <Point>
                        <extrude>1</extrude>
                        <altitudeMode>absolute</altitudeMode>
                        <gx:drawOrder>1</gx:drawOrder>
                        <coordinates>2.4094996880762,46.902625048577,453.31671142578</coordinates>
                    </Point>
                </Placemark>
                
                <Placemark>
                    <name>10:42:33 - 88 kts - 1474 ft</name>
                    <visibility>0</visibility>
                    <description>latitude: 46.902565
longitude: 2.408316
altitude: 449 m / 1474 ft
elevation: 175 m / 574 ft
course: 263°
speed: 88 kts
</description>
                    <LookAt>
                        <longitude>2.4083161633484</longitude>
                        <latitude>46.902565243698</latitude>
                        <altitude>0</altitude>
                        <heading>0</heading>
                        <tilt>70</tilt>
                        <range>3000</range>
                        <gx:altitudeMode>relativeToSeaFloor</gx:altitudeMode>
                    </LookAt>
                    <styleUrl>#msn_ylw-pushpin0</styleUrl>
                    <Point>
                        <extrude>1</extrude>
                        <altitudeMode>absolute</altitudeMode>
                        <gx:drawOrder>1</gx:drawOrder>
                        <coordinates>2.4083161633484,46.902565243698,449.23657226562</coordinates>
                    </Point>
                </Placemark>
                
                <Placemark>
                    <name>10:42:44 - 85 kts - 1451 ft</name>
                    <visibility>0</visibility>
                    <description>latitude: 46.901868
longitude: 2.401809
altitude: 442 m / 1451 ft
elevation: 174 m / 571 ft
course: 260°
speed: 85 kts
</description>
                    <LookAt>
                        <longitude>2.4018087051831</longitude>
                        <latitude>46.901868246539</latitude>
                        <altitude>0</altitude>
                        <heading>0</heading>
                        <tilt>70</tilt>
                        <range>3000</range>
                        <gx:altitudeMode>relativeToSeaFloor</gx:altitudeMode>
                    </LookAt>
                    <styleUrl>#msn_ylw-pushpin0</styleUrl>
                    <Point>
                        <extrude>1</extrude>
                        <altitudeMode>absolute</altitudeMode>
                        <gx:drawOrder>1</gx:drawOrder>
                        <coordinates>2.4018087051831,46.901868246539,442.15270996094</coordinates>
                    </Point>
                </Placemark>
                
                <Placemark>
                    <name>10:42:57 - 78 kts - 1484 ft</name>
                    <visibility>0</visibility>
                    <description>latitude: 46.901023
longitude: 2.394917
altitude: 452 m / 1484 ft
elevation: 182 m / 597 ft
course: 260°
speed: 78 kts
</description>
                    <LookAt>
                        <longitude>2.3949166853003</longitude>
                        <latitude>46.90102330879</latitude>
                        <altitude>0</altitude>
                        <heading>0</heading>
                        <tilt>70</tilt>
                        <range>3000</range>
                        <gx:altitudeMode>relativeToSeaFloor</gx:altitudeMode>
                    </LookAt>
                    <styleUrl>#msn_ylw-pushpin0</styleUrl>
                    <Point>
                        <extrude>1</extrude>
                        <altitudeMode>absolute</altitudeMode>
                        <gx:drawOrder>1</gx:drawOrder>
                        <coordinates>2.3949166853003,46.90102330879,452.36779785156</coordinates>
                    </Point>
                </Placemark>
                
                <Placemark>
                    <name>10:43:10 - 73 kts - 1526 ft</name>
                    <visibility>0</visibility>
                    <description>latitude: 46.900224
longitude: 2.388404
altitude: 465 m / 1526 ft
elevation: 181 m / 594 ft
course: 258°
speed: 73 kts
</description>
                    <LookAt>
                        <longitude>2.3884040303551</longitude>
                        <latitude>46.900224387689</latitude>
                        <altitude>0</altitude>
                        <heading>0</heading>
                        <tilt>70</tilt>
                        <range>3000</range>
                        <gx:altitudeMode>relativeToSeaFloor</gx:altitudeMode>
                    </LookAt>
                    <styleUrl>#msn_ylw-pushpin0</styleUrl>
                    <Point>
                        <extrude>1</extrude>
                        <altitudeMode>absolute</altitudeMode>
                        <gx:drawOrder>1</gx:drawOrder>
                        <coordinates>2.3884040303551,46.900224387689,465.22064208984</coordinates>
                    </Point>
                </Placemark>
                
                <Placemark>
                    <name>10:43:24 - 76 kts - 1534 ft</name>
                    <visibility>0</visibility>
                    <description>latitude: 46.899251
longitude: 2.381584
altitude: 468 m / 1534 ft
elevation: 175 m / 574 ft
course: 259°
speed: 76 kts
</description>
                    <LookAt>
                        <longitude>2.3815841786586</longitude>
                        <latitude>46.899250703907</latitude>
                        <altitude>0</altitude>
                        <heading>0</heading>
                        <tilt>70</tilt>
                        <range>3000</range>
                        <gx:altitudeMode>relativeToSeaFloor</gx:altitudeMode>
                    </LookAt>
                    <styleUrl>#msn_ylw-pushpin0</styleUrl>
                    <Point>
                        <extrude>1</extrude>
                        <altitudeMode>absolute</altitudeMode>
                        <gx:drawOrder>1</gx:drawOrder>
                        <coordinates>2.3815841786586,46.899250703907,467.67395019531</coordinates>
                    </Point>
                </Placemark>
                
                <Placemark>
                    <name>10:43:37 - 81 kts - 1557 ft</name>
                    <visibility>0</visibility>
                    <description>latitude: 46.898620
longitude: 2.374687
altitude: 475 m / 1557 ft
elevation: 178 m / 584 ft
course: 265°
speed: 81 kts
</description>
                    <LookAt>
                        <longitude>2.3746872972719</longitude>
                        <latitude>46.898619504689</latitude>
                        <altitude>0</altitude>
                        <heading>0</heading>
                        <tilt>70</tilt>
                        <range>3000</range>
                        <gx:altitudeMode>relativeToSeaFloor</gx:altitudeMode>
                    </LookAt>
                    <styleUrl>#msn_ylw-pushpin0</styleUrl>
                    <Point>
                        <extrude>1</extrude>
                        <altitudeMode>absolute</altitudeMode>
                        <gx:drawOrder>1</gx:drawOrder>
                        <coordinates>2.3746872972719,46.898619504689,474.6982421875</coordinates>
                    </Point>
                </Placemark>
                
                <Placemark>
                    <name>10:43:50 - 77 kts - 1603 ft</name>
                    <visibility>0</visibility>
                    <description>latitude: 46.898150
longitude: 2.367772
altitude: 488 m / 1603 ft
elevation: 181 m / 594 ft
course: 264°
speed: 77 kts
</description>
                    <LookAt>
                        <longitude>2.3677717242412</longitude>
                        <latitude>46.898150411478</latitude>
                        <altitude>0</altitude>
                        <heading>0</heading>
                        <tilt>70</tilt>
                        <range>3000</range>
                        <gx:altitudeMode>relativeToSeaFloor</gx:altitudeMode>
                    </LookAt>
                    <styleUrl>#msn_ylw-pushpin0</styleUrl>
                    <Point>
                        <extrude>1</extrude>
                        <altitudeMode>absolute</altitudeMode>
                        <gx:drawOrder>1</gx:drawOrder>
                        <coordinates>2.3677717242412,46.898150411478,488.4462890625</coordinates>
                    </Point>
                </Placemark>
                
                <Placemark>
                    <name>10:43:58 - 79 kts - 1640 ft</name>
                    <visibility>0</visibility>
                    <description>latitude: 46.897689
longitude: 2.363599
altitude: 500 m / 1640 ft
elevation: 178 m / 584 ft
course: 258°
speed: 79 kts
</description>
                    <LookAt>
                        <longitude>2.3635991290234</longitude>
                        <latitude>46.897689406804</latitude>
                        <altitude>0</altitude>
                        <heading>0</heading>
                        <tilt>70</tilt>
                        <range>3000</range>
                        <gx:altitudeMode>relativeToSeaFloor</gx:altitudeMode>
                    </LookAt>
                    <styleUrl>#msn_ylw-pushpin0</styleUrl>
                    <Point>
                        <extrude>1</extrude>
                        <altitudeMode>absolute</altitudeMode>
                        <gx:drawOrder>1</gx:drawOrder>
                        <coordinates>2.3635991290234,46.897689406804,499.97302246094</coordinates>
                    </Point>
                </Placemark>
                
                <Placemark>
                    <name>10:44:10 - 86 kts - 1619 ft</name>
                    <visibility>0</visibility>
                    <description>latitude: 46.896594
longitude: 2.357271
altitude: 494 m / 1619 ft
elevation: 174 m / 571 ft
course: 253°
speed: 86 kts
</description>
                    <LookAt>
                        <longitude>2.357271295043</longitude>
                        <latitude>46.896594227335</latitude>
                        <altitude>0</altitude>
                        <heading>0</heading>
                        <tilt>70</tilt>
                        <range>3000</range>
                        <gx:altitudeMode>relativeToSeaFloor</gx:altitudeMode>
                    </LookAt>
                    <styleUrl>#msn_ylw-pushpin0</styleUrl>
                    <Point>
                        <extrude>1</extrude>
                        <altitudeMode>absolute</altitudeMode>
                        <gx:drawOrder>1</gx:drawOrder>
                        <coordinates>2.357271295043,46.896594227335,493.58569335938</coordinates>
                    </Point>
                </Placemark>
                
                <Placemark>
                    <name>10:44:22 - 84 kts - 1646 ft</name>
                    <visibility>0</visibility>
                    <description>latitude: 46.895151
longitude: 2.350632
altitude: 502 m / 1646 ft
elevation: 181 m / 594 ft
course: 254°
speed: 84 kts
</description>
                    <LookAt>
                        <longitude>2.350632408636</longitude>
                        <latitude>46.895151073157</latitude>
                        <altitude>0</altitude>
                        <heading>0</heading>
                        <tilt>70</tilt>
                        <range>3000</range>
                        <gx:altitudeMode>relativeToSeaFloor</gx:altitudeMode>
                    </LookAt>
                    <styleUrl>#msn_ylw-pushpin0</styleUrl>
                    <Point>
                        <extrude>1</extrude>
                        <altitudeMode>absolute</altitudeMode>
                        <gx:drawOrder>1</gx:drawOrder>
                        <coordinates>2.350632408636,46.895151073157,501.8046875</coordinates>
                    </Point>
                </Placemark>
                
                <Placemark>
                    <name>10:44:25 - 82 kts - 1650 ft</name>
                    <visibility>0</visibility>
                    <description>latitude: 46.894902
longitude: 2.349004
altitude: 503 m / 1650 ft
elevation: 180 m / 591 ft
course: 260°
speed: 82 kts
</description>
                    <LookAt>
                        <longitude>2.3490037210308</longitude>
                        <latitude>46.894902130633</latitude>
                        <altitude>0</altitude>
                        <heading>0</heading>
                        <tilt>70</tilt>
                        <range>3000</range>
                        <gx:altitudeMode>relativeToSeaFloor</gx:altitudeMode>
                    </LookAt>
                    <styleUrl>#msn_ylw-pushpin0</styleUrl>
                    <Point>
                        <extrude>1</extrude>
                        <altitudeMode>absolute</altitudeMode>
                        <gx:drawOrder>1</gx:drawOrder>
                        <coordinates>2.3490037210308,46.894902130633,502.76879882812</coordinates>
                    </Point>
                </Placemark>
                
                <Placemark>
                    <name>10:44:38 - 70 kts - 1711 ft</name>
                    <visibility>0</visibility>
                    <description>latitude: 46.894267
longitude: 2.342364
altitude: 522 m / 1711 ft
elevation: 171 m / 561 ft
course: 264°
speed: 70 kts
</description>
                    <LookAt>
                        <longitude>2.3423639964334</longitude>
                        <latitude>46.894267201467</latitude>
                        <altitude>0</altitude>
                        <heading>0</heading>
                        <tilt>70</tilt>
                        <range>3000</range>
                        <gx:altitudeMode>relativeToSeaFloor</gx:altitudeMode>
                    </LookAt>
                    <styleUrl>#msn_ylw-pushpin0</styleUrl>
                    <Point>
                        <extrude>1</extrude>
                        <altitudeMode>absolute</altitudeMode>
                        <gx:drawOrder>1</gx:drawOrder>
                        <coordinates>2.3423639964334,46.894267201467,521.64978027344</coordinates>
                    </Point>
                </Placemark>
                
                <Placemark>
                    <name>10:44:54 - 62 kts - 1703 ft</name>
                    <visibility>0</visibility>
                    <description>latitude: 46.893682
longitude: 2.335531
altitude: 519 m / 1703 ft
elevation: 167 m / 548 ft
course: 264°
speed: 62 kts
</description>
                    <LookAt>
                        <longitude>2.335531236606</longitude>
                        <latitude>46.893682060807</latitude>
                        <altitude>0</altitude>
                        <heading>0</heading>
                        <tilt>70</tilt>
                        <range>3000</range>
                        <gx:altitudeMode>relativeToSeaFloor</gx:altitudeMode>
                    </LookAt>
                    <styleUrl>#msn_ylw-pushpin0</styleUrl>
                    <Point>
                        <extrude>1</extrude>
                        <altitudeMode>absolute</altitudeMode>
                        <gx:drawOrder>1</gx:drawOrder>
                        <coordinates>2.335531236606,46.893682060807,519.20385742188</coordinates>
                    </Point>
                </Placemark>
                
                <Placemark>
                    <name>10:44:59 - 58 kts - 1692 ft</name>
                    <visibility>0</visibility>
                    <description>latitude: 46.893463
longitude: 2.333557
altitude: 516 m / 1692 ft
elevation: 164 m / 538 ft
course: 257°
speed: 58 kts
</description>
                    <LookAt>
                        <longitude>2.3335574660472</longitude>
                        <latitude>46.893463125496</latitude>
                        <altitude>0</altitude>
                        <heading>0</heading>
                        <tilt>70</tilt>
                        <range>3000</range>
                        <gx:altitudeMode>relativeToSeaFloor</gx:altitudeMode>
                    </LookAt>
                    <styleUrl>#msn_ylw-pushpin0</styleUrl>
                    <Point>
                        <extrude>1</extrude>
                        <altitudeMode>absolute</altitudeMode>
                        <gx:drawOrder>1</gx:drawOrder>
                        <coordinates>2.3335574660472,46.893463125496,515.75036621094</coordinates>
                    </Point>
                </Placemark>
                
                <Placemark>
                    <name>10:45:01 - 58 kts - 1676 ft</name>
                    <visibility>0</visibility>
                    <description>latitude: 46.893304
longitude: 2.332804
altitude: 511 m / 1676 ft
elevation: 164 m / 538 ft
course: 250°
speed: 58 kts
</description>
                    <LookAt>
                        <longitude>2.332803681495</longitude>
                        <latitude>46.893303575969</latitude>
                        <altitude>0</altitude>
                        <heading>0</heading>
                        <tilt>70</tilt>
                        <range>3000</range>
                        <gx:altitudeMode>relativeToSeaFloor</gx:altitudeMode>
                    </LookAt>
                    <styleUrl>#msn_ylw-pushpin0</styleUrl>
                    <Point>
                        <extrude>1</extrude>
                        <altitudeMode>absolute</altitudeMode>
                        <gx:drawOrder>1</gx:drawOrder>
                        <coordinates>2.332803681495,46.893303575969,510.912109375</coordinates>
                    </Point>
                </Placemark>
                
                <Placemark>
                    <name>10:45:04 - 59 kts - 1653 ft</name>
                    <visibility>0</visibility>
                    <description>latitude: 46.892979
longitude: 2.331719
altitude: 504 m / 1653 ft
elevation: 163 m / 535 ft
course: 242°
speed: 59 kts
</description>
                    <LookAt>
                        <longitude>2.3317190632246</longitude>
                        <latitude>46.892979154407</latitude>
                        <altitude>0</altitude>
                        <heading>0</heading>
                        <tilt>70</tilt>
                        <range>3000</range>
                        <gx:altitudeMode>relativeToSeaFloor</gx:altitudeMode>
                    </LookAt>
                    <styleUrl>#msn_ylw-pushpin0</styleUrl>
                    <Point>
                        <extrude>1</extrude>
                        <altitudeMode>absolute</altitudeMode>
                        <gx:drawOrder>1</gx:drawOrder>
                        <coordinates>2.3317190632246,46.892979154407,503.84423828125</coordinates>
                    </Point>
                </Placemark>
                
                <Placemark>
                    <name>10:45:05 - 58 kts - 1646 ft</name>
                    <visibility>0</visibility>
                    <description>latitude: 46.892840
longitude: 2.331390
altitude: 502 m / 1646 ft
elevation: 163 m / 535 ft
course: 236°
speed: 58 kts
</description>
                    <LookAt>
                        <longitude>2.3313902411632</longitude>
                        <latitude>46.892840224362</latitude>
                        <altitude>0</altitude>
                        <heading>0</heading>
                        <tilt>70</tilt>
                        <range>3000</range>
                        <gx:altitudeMode>relativeToSeaFloor</gx:altitudeMode>
                    </LookAt>
                    <styleUrl>#msn_ylw-pushpin0</styleUrl>
                    <Point>
                        <extrude>1</extrude>
                        <altitudeMode>absolute</altitudeMode>
                        <gx:drawOrder>1</gx:drawOrder>
                        <coordinates>2.3313902411632,46.892840224362,501.74682617188</coordinates>
                    </Point>
                </Placemark>
                
                <Placemark>
                    <name>10:45:06 - 57 kts - 1639 ft</name>
                    <visibility>0</visibility>
                    <description>latitude: 46.892684
longitude: 2.331087
altitude: 500 m / 1639 ft
elevation: 163 m / 535 ft
course: 230°
speed: 57 kts
</description>
                    <LookAt>
                        <longitude>2.3310874030016</longitude>
                        <latitude>46.892683859958</latitude>
                        <altitude>0</altitude>
                        <heading>0</heading>
                        <tilt>70</tilt>
                        <range>3000</range>
                        <gx:altitudeMode>relativeToSeaFloor</gx:altitudeMode>
                    </LookAt>
                    <styleUrl>#msn_ylw-pushpin0</styleUrl>
                    <Point>
                        <extrude>1</extrude>
                        <altitudeMode>absolute</altitudeMode>
                        <gx:drawOrder>1</gx:drawOrder>
                        <coordinates>2.3310874030016,46.892683859958,499.52893066406</coordinates>
                    </Point>
                </Placemark>
                
                <Placemark>
                    <name>10:45:07 - 55 kts - 1631 ft</name>
                    <visibility>0</visibility>
                    <description>latitude: 46.892510
longitude: 2.330813
altitude: 497 m / 1631 ft
elevation: 163 m / 535 ft
course: 224°
speed: 55 kts
</description>
                    <LookAt>
                        <longitude>2.3308132309488</longitude>
                        <latitude>46.89250968401</latitude>
                        <altitude>0</altitude>
                        <heading>0</heading>
                        <tilt>70</tilt>
                        <range>3000</range>
                        <gx:altitudeMode>relativeToSeaFloor</gx:altitudeMode>
                    </LookAt>
                    <styleUrl>#msn_ylw-pushpin0</styleUrl>
                    <Point>
                        <extrude>1</extrude>
                        <altitudeMode>absolute</altitudeMode>
                        <gx:drawOrder>1</gx:drawOrder>
                        <coordinates>2.3308132309488,46.89250968401,497.0302734375</coordinates>
                    </Point>
                </Placemark>
                
                <Placemark>
                    <name>10:45:09 - 54 kts - 1609 ft</name>
                    <visibility>0</visibility>
                    <description>latitude: 46.892124
longitude: 2.330346
altitude: 491 m / 1609 ft
elevation: 156 m / 512 ft
course: 216°
speed: 54 kts
</description>
                    <LookAt>
                        <longitude>2.3303464427612</longitude>
                        <latitude>46.892124200283</latitude>
                        <altitude>0</altitude>
                        <heading>0</heading>
                        <tilt>70</tilt>
                        <range>3000</range>
                        <gx:altitudeMode>relativeToSeaFloor</gx:altitudeMode>
                    </LookAt>
                    <styleUrl>#msn_ylw-pushpin0</styleUrl>
                    <Point>
                        <extrude>1</extrude>
                        <altitudeMode>absolute</altitudeMode>
                        <gx:drawOrder>1</gx:drawOrder>
                        <coordinates>2.3303464427612,46.892124200283,490.55883789062</coordinates>
                    </Point>
                </Placemark>
                
                <Placemark>
                    <name>10:45:11 - 54 kts - 1591 ft</name>
                    <visibility>0</visibility>
                    <description>latitude: 46.891698
longitude: 2.329967
altitude: 485 m / 1591 ft
elevation: 156 m / 512 ft
course: 208°
speed: 54 kts
</description>
                    <LookAt>
                        <longitude>2.3299666587285</longitude>
                        <latitude>46.891697687141</latitude>
                        <altitude>0</altitude>
                        <heading>0</heading>
                        <tilt>70</tilt>
                        <range>3000</range>
                        <gx:altitudeMode>relativeToSeaFloor</gx:altitudeMode>
                    </LookAt>
                    <styleUrl>#msn_ylw-pushpin0</styleUrl>
                    <Point>
                        <extrude>1</extrude>
                        <altitudeMode>absolute</altitudeMode>
                        <gx:drawOrder>1</gx:drawOrder>
                        <coordinates>2.3299666587285,46.891697687141,485.08056640625</coordinates>
                    </Point>
                </Placemark>
                
                <Placemark>
                    <name>10:45:12 - 54 kts - 1586 ft</name>
                    <visibility>0</visibility>
                    <description>latitude: 46.891463
longitude: 2.329830
altitude: 483 m / 1586 ft
elevation: 156 m / 512 ft
course: 200°
speed: 54 kts
</description>
                    <LookAt>
                        <longitude>2.3298296984307</longitude>
                        <latitude>46.891462532847</latitude>
                        <altitude>0</altitude>
                        <heading>0</heading>
                        <tilt>70</tilt>
                        <range>3000</range>
                        <gx:altitudeMode>relativeToSeaFloor</gx:altitudeMode>
                    </LookAt>
                    <styleUrl>#msn_ylw-pushpin0</styleUrl>
                    <Point>
                        <extrude>1</extrude>
                        <altitudeMode>absolute</altitudeMode>
                        <gx:drawOrder>1</gx:drawOrder>
                        <coordinates>2.3298296984307,46.891462532847,483.39538574219</coordinates>
                    </Point>
                </Placemark>
                
                <Placemark>
                    <name>10:45:21 - 55 kts - 1520 ft</name>
                    <visibility>0</visibility>
                    <description>latitude: 46.889276
longitude: 2.328795
altitude: 463 m / 1520 ft
elevation: 161 m / 528 ft
course: 195°
speed: 55 kts
</description>
                    <LookAt>
                        <longitude>2.328794533389</longitude>
                        <latitude>46.889276029586</latitude>
                        <altitude>0</altitude>
                        <heading>0</heading>
                        <tilt>70</tilt>
                        <range>3000</range>
                        <gx:altitudeMode>relativeToSeaFloor</gx:altitudeMode>
                    </LookAt>
                    <styleUrl>#msn_ylw-pushpin0</styleUrl>
                    <Point>
                        <extrude>1</extrude>
                        <altitudeMode>absolute</altitudeMode>
                        <gx:drawOrder>1</gx:drawOrder>
                        <coordinates>2.328794533389,46.889276029586,463.31750488281</coordinates>
                    </Point>
                </Placemark>
                
                <Placemark>
                    <name>10:45:27 - 54 kts - 1472 ft</name>
                    <visibility>0</visibility>
                    <description>latitude: 46.887817
longitude: 2.328357
altitude: 449 m / 1472 ft
elevation: 163 m / 535 ft
course: 189°
speed: 54 kts
</description>
                    <LookAt>
                        <longitude>2.3283569142244</longitude>
                        <latitude>46.887816740244</latitude>
                        <altitude>0</altitude>
                        <heading>0</heading>
                        <tilt>70</tilt>
                        <range>3000</range>
                        <gx:altitudeMode>relativeToSeaFloor</gx:altitudeMode>
                    </LookAt>
                    <styleUrl>#msn_ylw-pushpin0</styleUrl>
                    <Point>
                        <extrude>1</extrude>
                        <altitudeMode>absolute</altitudeMode>
                        <gx:drawOrder>1</gx:drawOrder>
                        <coordinates>2.3283569142244,46.887816740244,448.79968261719</coordinates>
                    </Point>
                </Placemark>
                
                <Placemark>
                    <name>10:45:40 - 54 kts - 1370 ft</name>
                    <visibility>0</visibility>
                    <description>latitude: 46.884597
longitude: 2.327712
altitude: 418 m / 1370 ft
elevation: 166 m / 545 ft
course: 186°
speed: 54 kts
</description>
                    <LookAt>
                        <longitude>2.3277119267754</longitude>
                        <latitude>46.884597460783</latitude>
                        <altitude>0</altitude>
                        <heading>0</heading>
                        <tilt>70</tilt>
                        <range>3000</range>
                        <gx:altitudeMode>relativeToSeaFloor</gx:altitudeMode>
                    </LookAt>
                    <styleUrl>#msn_ylw-pushpin0</styleUrl>
                    <Point>
                        <extrude>1</extrude>
                        <altitudeMode>absolute</altitudeMode>
                        <gx:drawOrder>1</gx:drawOrder>
                        <coordinates>2.3277119267754,46.884597460783,417.5478515625</coordinates>
                    </Point>
                </Placemark>
                
                <Placemark>
                    <name>10:45:48 - 53 kts - 1301 ft</name>
                    <visibility>0</visibility>
                    <description>latitude: 46.882649
longitude: 2.327506
altitude: 397 m / 1301 ft
elevation: 164 m / 538 ft
course: 180°
speed: 53 kts
</description>
                    <LookAt>
                        <longitude>2.3275064025096</longitude>
                        <latitude>46.882648542567</latitude>
                        <altitude>0</altitude>
                        <heading>0</heading>
                        <tilt>70</tilt>
                        <range>3000</range>
                        <gx:altitudeMode>relativeToSeaFloor</gx:altitudeMode>
                    </LookAt>
                    <styleUrl>#msn_ylw-pushpin0</styleUrl>
                    <Point>
                        <extrude>1</extrude>
                        <altitudeMode>absolute</altitudeMode>
                        <gx:drawOrder>1</gx:drawOrder>
                        <coordinates>2.3275064025096,46.882648542567,396.65844726562</coordinates>
                    </Point>
                </Placemark>
                
                <Placemark>
                    <name>10:45:58 - 55 kts - 1201 ft</name>
                    <visibility>0</visibility>
                    <description>latitude: 46.880126
longitude: 2.327552
altitude: 366 m / 1201 ft
elevation: 150 m / 492 ft
course: 183°
speed: 55 kts
</description>
                    <LookAt>
                        <longitude>2.3275520000628</longitude>
                        <latitude>46.88012579926</latitude>
                        <altitude>0</altitude>
                        <heading>0</heading>
                        <tilt>70</tilt>
                        <range>3000</range>
                        <gx:altitudeMode>relativeToSeaFloor</gx:altitudeMode>
                    </LookAt>
                    <styleUrl>#msn_ylw-pushpin0</styleUrl>
                    <Point>
                        <extrude>1</extrude>
                        <altitudeMode>absolute</altitudeMode>
                        <gx:drawOrder>1</gx:drawOrder>
                        <coordinates>2.3275520000628,46.88012579926,365.97021484375</coordinates>
                    </Point>
                </Placemark>
                
                <Placemark>
                    <name>10:46:17 - 50 kts - 1108 ft</name>
                    <visibility>0</visibility>
                    <description>latitude: 46.875511
longitude: 2.327164
altitude: 338 m / 1108 ft
elevation: 161 m / 528 ft
course: 179°
speed: 50 kts
</description>
                    <LookAt>
                        <longitude>2.3271643370412</longitude>
                        <latitude>46.875510765283</latitude>
                        <altitude>0</altitude>
                        <heading>0</heading>
                        <tilt>70</tilt>
                        <range>3000</range>
                        <gx:altitudeMode>relativeToSeaFloor</gx:altitudeMode>
                    </LookAt>
                    <styleUrl>#msn_ylw-pushpin0</styleUrl>
                    <Point>
                        <extrude>1</extrude>
                        <altitudeMode>absolute</altitudeMode>
                        <gx:drawOrder>1</gx:drawOrder>
                        <coordinates>2.3271643370412,46.875510765283,337.77935791016</coordinates>
                    </Point>
                </Placemark>
                
                <Placemark>
                    <name>10:46:26 - 51 kts - 1062 ft</name>
                    <visibility>0</visibility>
                    <description>latitude: 46.873442
longitude: 2.327368
altitude: 324 m / 1062 ft
elevation: 160 m / 525 ft
course: 172°
speed: 51 kts
</description>
                    <LookAt>
                        <longitude>2.3273681011073</longitude>
                        <latitude>46.8734421954</latitude>
                        <altitude>0</altitude>
                        <heading>0</heading>
                        <tilt>70</tilt>
                        <range>3000</range>
                        <gx:altitudeMode>relativeToSeaFloor</gx:altitudeMode>
                    </LookAt>
                    <styleUrl>#msn_ylw-pushpin0</styleUrl>
                    <Point>
                        <extrude>1</extrude>
                        <altitudeMode>absolute</altitudeMode>
                        <gx:drawOrder>1</gx:drawOrder>
                        <coordinates>2.3273681011073,46.8734421954,323.73461914062</coordinates>
                    </Point>
                </Placemark>
                
                <Placemark>
                    <name>10:46:30 - 55 kts - 1048 ft</name>
                    <visibility>0</visibility>
                    <description>latitude: 46.872478
longitude: 2.327650
altitude: 320 m / 1048 ft
elevation: 160 m / 525 ft
course: 166°
speed: 55 kts
</description>
                    <LookAt>
                        <longitude>2.327650235968</longitude>
                        <latitude>46.872478318444</latitude>
                        <altitude>0</altitude>
                        <heading>0</heading>
                        <tilt>70</tilt>
                        <range>3000</range>
                        <gx:altitudeMode>relativeToSeaFloor</gx:altitudeMode>
                    </LookAt>
                    <styleUrl>#msn_ylw-pushpin0</styleUrl>
                    <Point>
                        <extrude>1</extrude>
                        <altitudeMode>absolute</altitudeMode>
                        <gx:drawOrder>1</gx:drawOrder>
                        <coordinates>2.327650235968,46.872478318444,319.57214355469</coordinates>
                    </Point>
                </Placemark>
                
                <Placemark>
                    <name>10:46:38 - 55 kts - 1058 ft</name>
                    <visibility>0</visibility>
                    <description>latitude: 46.870500
longitude: 2.328401
altitude: 323 m / 1058 ft
elevation: 148 m / 486 ft
course: 158°
speed: 55 kts
</description>
                    <LookAt>
                        <longitude>2.3284010868541</longitude>
                        <latitude>46.870500063567</latitude>
                        <altitude>0</altitude>
                        <heading>0</heading>
                        <tilt>70</tilt>
                        <range>3000</range>
                        <gx:altitudeMode>relativeToSeaFloor</gx:altitudeMode>
                    </LookAt>
                    <styleUrl>#msn_ylw-pushpin0</styleUrl>
                    <Point>
                        <extrude>1</extrude>
                        <altitudeMode>absolute</altitudeMode>
                        <gx:drawOrder>1</gx:drawOrder>
                        <coordinates>2.3284010868541,46.870500063567,322.57116699219</coordinates>
                    </Point>
                </Placemark>
                
                <Placemark>
                    <name>10:46:40 - 54 kts - 1052 ft</name>
                    <visibility>0</visibility>
                    <description>latitude: 46.870062
longitude: 2.328743
altitude: 321 m / 1052 ft
elevation: 148 m / 486 ft
course: 146°
speed: 54 kts
</description>
                    <LookAt>
                        <longitude>2.3287428170464</longitude>
                        <latitude>46.870062444403</latitude>
                        <altitude>0</altitude>
                        <heading>0</heading>
                        <tilt>70</tilt>
                        <range>3000</range>
                        <gx:altitudeMode>relativeToSeaFloor</gx:altitudeMode>
                    </LookAt>
                    <styleUrl>#msn_ylw-pushpin0</styleUrl>
                    <Point>
                        <extrude>1</extrude>
                        <altitudeMode>absolute</altitudeMode>
                        <gx:drawOrder>1</gx:drawOrder>
                        <coordinates>2.3287428170464,46.870062444403,320.58728027344</coordinates>
                    </Point>
                </Placemark>
                
                <Placemark>
                    <name>10:46:41 - 54 kts - 1051 ft</name>
                    <visibility>0</visibility>
                    <description>latitude: 46.869868
longitude: 2.328963
altitude: 320 m / 1051 ft
elevation: 145 m / 476 ft
course: 140°
speed: 54 kts
</description>
                    <LookAt>
                        <longitude>2.3289628420047</longitude>
                        <latitude>46.869867648973</latitude>
                        <altitude>0</altitude>
                        <heading>0</heading>
                        <tilt>70</tilt>
                        <range>3000</range>
                        <gx:altitudeMode>relativeToSeaFloor</gx:altitudeMode>
                    </LookAt>
                    <styleUrl>#msn_ylw-pushpin0</styleUrl>
                    <Point>
                        <extrude>1</extrude>
                        <altitudeMode>absolute</altitudeMode>
                        <gx:drawOrder>1</gx:drawOrder>
                        <coordinates>2.3289628420047,46.869867648973,320.27600097656</coordinates>
                    </Point>
                </Placemark>
                
                <Placemark>
                    <name>10:46:42 - 52 kts - 1047 ft</name>
                    <visibility>0</visibility>
                    <description>latitude: 46.869699
longitude: 2.329212
altitude: 319 m / 1047 ft
elevation: 145 m / 476 ft
course: 133°
speed: 52 kts
</description>
                    <LookAt>
                        <longitude>2.3292119521669</longitude>
                        <latitude>46.869699382267</latitude>
                        <altitude>0</altitude>
                        <heading>0</heading>
                        <tilt>70</tilt>
                        <range>3000</range>
                        <gx:altitudeMode>relativeToSeaFloor</gx:altitudeMode>
                    </LookAt>
                    <styleUrl>#msn_ylw-pushpin0</styleUrl>
                    <Point>
                        <extrude>1</extrude>
                        <altitudeMode>absolute</altitudeMode>
                        <gx:drawOrder>1</gx:drawOrder>
                        <coordinates>2.3292119521669,46.869699382267,319.1484375</coordinates>
                    </Point>
                </Placemark>
                
                <Placemark>
                    <name>10:46:44 - 52 kts - 1036 ft</name>
                    <visibility>0</visibility>
                    <description>latitude: 46.869389
longitude: 2.329754
altitude: 316 m / 1036 ft
elevation: 145 m / 476 ft
course: 126°
speed: 52 kts
</description>
                    <LookAt>
                        <longitude>2.3297543451212</longitude>
                        <latitude>46.869389293759</latitude>
                        <altitude>0</altitude>
                        <heading>0</heading>
                        <tilt>70</tilt>
                        <range>3000</range>
                        <gx:altitudeMode>relativeToSeaFloor</gx:altitudeMode>
                    </LookAt>
                    <styleUrl>#msn_ylw-pushpin0</styleUrl>
                    <Point>
                        <extrude>1</extrude>
                        <altitudeMode>absolute</altitudeMode>
                        <gx:drawOrder>1</gx:drawOrder>
                        <coordinates>2.3297543451212,46.869389293759,315.88391113281</coordinates>
                    </Point>
                </Placemark>
                
                <Placemark>
                    <name>10:46:46 - 53 kts - 1025 ft</name>
                    <visibility>0</visibility>
                    <description>latitude: 46.869119
longitude: 2.330354
altitude: 312 m / 1025 ft
elevation: 145 m / 476 ft
course: 120°
speed: 53 kts
</description>
                    <LookAt>
                        <longitude>2.3303535673789</longitude>
                        <latitude>46.869118809744</latitude>
                        <altitude>0</altitude>
                        <heading>0</heading>
                        <tilt>70</tilt>
                        <range>3000</range>
                        <gx:altitudeMode>relativeToSeaFloor</gx:altitudeMode>
                    </LookAt>
                    <styleUrl>#msn_ylw-pushpin0</styleUrl>
                    <Point>
                        <extrude>1</extrude>
                        <altitudeMode>absolute</altitudeMode>
                        <gx:drawOrder>1</gx:drawOrder>
                        <coordinates>2.3303535673789,46.869118809744,312.28857421875</coordinates>
                    </Point>
                </Placemark>
                
                <Placemark>
                    <name>10:46:50 - 56 kts - 1014 ft</name>
                    <visibility>0</visibility>
                    <description>latitude: 46.868665
longitude: 2.331672
altitude: 309 m / 1014 ft
elevation: 148 m / 486 ft
course: 112°
speed: 56 kts
</description>
                    <LookAt>
                        <longitude>2.3316723760239</longitude>
                        <latitude>46.868664845868</latitude>
                        <altitude>0</altitude>
                        <heading>0</heading>
                        <tilt>70</tilt>
                        <range>3000</range>
                        <gx:altitudeMode>relativeToSeaFloor</gx:altitudeMode>
                    </LookAt>
                    <styleUrl>#msn_ylw-pushpin0</styleUrl>
                    <Point>
                        <extrude>1</extrude>
                        <altitudeMode>absolute</altitudeMode>
                        <gx:drawOrder>1</gx:drawOrder>
                        <coordinates>2.3316723760239,46.868664845868,309.04956054688</coordinates>
                    </Point>
                </Placemark>
                
                <Placemark>
                    <name>10:46:52 - 57 kts - 1011 ft</name>
                    <visibility>0</visibility>
                    <description>latitude: 46.868502
longitude: 2.332404
altitude: 308 m / 1011 ft
elevation: 152 m / 499 ft
course: 103°
speed: 57 kts
</description>
                    <LookAt>
                        <longitude>2.3324039485327</longitude>
                        <latitude>46.868501566394</latitude>
                        <altitude>0</altitude>
                        <heading>0</heading>
                        <tilt>70</tilt>
                        <range>3000</range>
                        <gx:altitudeMode>relativeToSeaFloor</gx:altitudeMode>
                    </LookAt>
                    <styleUrl>#msn_ylw-pushpin0</styleUrl>
                    <Point>
                        <extrude>1</extrude>
                        <altitudeMode>absolute</altitudeMode>
                        <gx:drawOrder>1</gx:drawOrder>
                        <coordinates>2.3324039485327,46.868501566394,308.25659179688</coordinates>
                    </Point>
                </Placemark>
                
                <Placemark>
                    <name>10:46:57 - 58 kts - 996 ft</name>
                    <visibility>0</visibility>
                    <description>latitude: 46.868284
longitude: 2.334344
altitude: 304 m / 996 ft
elevation: 161 m / 528 ft
course: 95°
speed: 58 kts
</description>
                    <LookAt>
                        <longitude>2.3343441076598</longitude>
                        <latitude>46.86828380455</latitude>
                        <altitude>0</altitude>
                        <heading>0</heading>
                        <tilt>70</tilt>
                        <range>3000</range>
                        <gx:altitudeMode>relativeToSeaFloor</gx:altitudeMode>
                    </LookAt>
                    <styleUrl>#msn_ylw-pushpin0</styleUrl>
                    <Point>
                        <extrude>1</extrude>
                        <altitudeMode>absolute</altitudeMode>
                        <gx:drawOrder>1</gx:drawOrder>
                        <coordinates>2.3343441076598,46.86828380455,303.62652587891</coordinates>
                    </Point>
                </Placemark>
                
                <Placemark>
                    <name>10:47:00 - 59 kts - 988 ft</name>
                    <visibility>0</visibility>
                    <description>latitude: 46.868257
longitude: 2.335522
altitude: 301 m / 988 ft
elevation: 164 m / 538 ft
course: 89°
speed: 59 kts
</description>
                    <LookAt>
                        <longitude>2.3355223517887</longitude>
                        <latitude>46.868256856731</latitude>
                        <altitude>0</altitude>
                        <heading>0</heading>
                        <tilt>70</tilt>
                        <range>3000</range>
                        <gx:altitudeMode>relativeToSeaFloor</gx:altitudeMode>
                    </LookAt>
                    <styleUrl>#msn_ylw-pushpin0</styleUrl>
                    <Point>
                        <extrude>1</extrude>
                        <altitudeMode>absolute</altitudeMode>
                        <gx:drawOrder>1</gx:drawOrder>
                        <coordinates>2.3355223517887,46.868256856731,301.1494140625</coordinates>
                    </Point>
                </Placemark>
                
                <Placemark>
                    <name>10:47:17 - 57 kts - 906 ft</name>
                    <visibility>0</visibility>
                    <description>latitude: 46.868451
longitude: 2.342264
altitude: 276 m / 906 ft
elevation: 166 m / 545 ft
course: 86°
speed: 57 kts
</description>
                    <LookAt>
                        <longitude>2.3422638326905</longitude>
                        <latitude>46.868451358794</latitude>
                        <altitude>0</altitude>
                        <heading>0</heading>
                        <tilt>70</tilt>
                        <range>3000</range>
                        <gx:altitudeMode>relativeToSeaFloor</gx:altitudeMode>
                    </LookAt>
                    <styleUrl>#msn_ylw-pushpin0</styleUrl>
                    <Point>
                        <extrude>1</extrude>
                        <altitudeMode>absolute</altitudeMode>
                        <gx:drawOrder>1</gx:drawOrder>
                        <coordinates>2.3422638326905,46.868451358794,276.00024414062</coordinates>
                    </Point>
                </Placemark>
                
                <Placemark>
                    <name>10:47:35 - 54 kts - 816 ft</name>
                    <visibility>0</visibility>
                    <description>latitude: 46.868889
longitude: 2.348941
altitude: 249 m / 816 ft
elevation: 167 m / 548 ft
course: 87°
speed: 54 kts
</description>
                    <LookAt>
                        <longitude>2.3489405214808</longitude>
                        <latitude>46.86888885223</latitude>
                        <altitude>0</altitude>
                        <heading>0</heading>
                        <tilt>70</tilt>
                        <range>3000</range>
                        <gx:altitudeMode>relativeToSeaFloor</gx:altitudeMode>
                    </LookAt>
                    <styleUrl>#msn_ylw-pushpin0</styleUrl>
                    <Point>
                        <extrude>1</extrude>
                        <altitudeMode>absolute</altitudeMode>
                        <gx:drawOrder>1</gx:drawOrder>
                        <coordinates>2.3489405214808,46.86888885223,248.79516601562</coordinates>
                    </Point>
                </Placemark>
                
                <Placemark>
                    <name>10:47:53 - 55 kts - 716 ft</name>
                    <visibility>0</visibility>
                    <description>latitude: 46.869142
longitude: 2.355569
altitude: 218 m / 716 ft
elevation: 163 m / 535 ft
course: 84°
speed: 55 kts
</description>
                    <LookAt>
                        <longitude>2.3555694334231</longitude>
                        <latitude>46.869142153344</latitude>
                        <altitude>0</altitude>
                        <heading>0</heading>
                        <tilt>70</tilt>
                        <range>3000</range>
                        <gx:altitudeMode>relativeToSeaFloor</gx:altitudeMode>
                    </LookAt>
                    <styleUrl>#msn_ylw-pushpin0</styleUrl>
                    <Point>
                        <extrude>1</extrude>
                        <altitudeMode>absolute</altitudeMode>
                        <gx:drawOrder>1</gx:drawOrder>
                        <coordinates>2.3555694334231,46.869142153344,218.28088378906</coordinates>
                    </Point>
                </Placemark>
                
                <Placemark>
                    <name>10:48:11 - 55 kts - 650 ft</name>
                    <visibility>0</visibility>
                    <description>latitude: 46.869556
longitude: 2.362296
altitude: 198 m / 650 ft
elevation: 163 m / 535 ft
course: 82°
speed: 55 kts
</description>
                    <LookAt>
                        <longitude>2.3622964136324</longitude>
                        <latitude>46.869556219361</latitude>
                        <altitude>0</altitude>
                        <heading>0</heading>
                        <tilt>70</tilt>
                        <range>3000</range>
                        <gx:altitudeMode>relativeToSeaFloor</gx:altitudeMode>
                    </LookAt>
                    <styleUrl>#msn_ylw-pushpin0</styleUrl>
                    <Point>
                        <extrude>1</extrude>
                        <altitudeMode>absolute</altitudeMode>
                        <gx:drawOrder>1</gx:drawOrder>
                        <coordinates>2.3622964136324,46.869556219361,198.13916015625</coordinates>
                    </Point>
                </Placemark>
                
                <Placemark>
                    <name>10:48:19 - 52 kts - 604 ft</name>
                    <visibility>0</visibility>
                    <description>latitude: 46.869773
longitude: 2.365201
altitude: 184 m / 604 ft
elevation: 163 m / 535 ft
course: 88°
speed: 52 kts
</description>
                    <LookAt>
                        <longitude>2.3652008269004</longitude>
                        <latitude>46.869772891558</latitude>
                        <altitude>0</altitude>
                        <heading>0</heading>
                        <tilt>70</tilt>
                        <range>3000</range>
                        <gx:altitudeMode>relativeToSeaFloor</gx:altitudeMode>
                    </LookAt>
                    <styleUrl>#msn_ylw-pushpin0</styleUrl>
                    <Point>
                        <extrude>1</extrude>
                        <altitudeMode>absolute</altitudeMode>
                        <gx:drawOrder>1</gx:drawOrder>
                        <coordinates>2.3652008269004,46.869772891558,184.22729492188</coordinates>
                    </Point>
                </Placemark>
                
                <Placemark>
                    <name>10:48:39 - 43 kts - 553 ft</name>
                    <visibility>0</visibility>
                    <description>latitude: 46.870088
longitude: 2.371952
altitude: 169 m / 553 ft
elevation: 164 m / 538 ft
course: 84°
speed: 43 kts
</description>
                    <LookAt>
                        <longitude>2.371952198448</longitude>
                        <latitude>46.870088176845</latitude>
                        <altitude>0</altitude>
                        <heading>0</heading>
                        <tilt>70</tilt>
                        <range>3000</range>
                        <gx:altitudeMode>relativeToSeaFloor</gx:altitudeMode>
                    </LookAt>
                    <styleUrl>#msn_ylw-pushpin0</styleUrl>
                    <Point>
                        <extrude>1</extrude>
                        <altitudeMode>absolute</altitudeMode>
                        <gx:drawOrder>1</gx:drawOrder>
                        <coordinates>2.371952198448,46.870088176845,168.64666748047</coordinates>
                    </Point>
                </Placemark>
                
                <Placemark>
                    <name>10:48:54 - 18 kts - 560 ft</name>
                    <visibility>0</visibility>
                    <description>latitude: 46.870260
longitude: 2.374955
altitude: 171 m / 560 ft
elevation: 163 m / 535 ft
course: 90°
speed: 18 kts
</description>
                    <LookAt>
                        <longitude>2.374954512345</longitude>
                        <latitude>46.870260131589</latitude>
                        <altitude>0</altitude>
                        <heading>0</heading>
                        <tilt>70</tilt>
                        <range>3000</range>
                        <gx:altitudeMode>relativeToSeaFloor</gx:altitudeMode>
                    </LookAt>
                    <styleUrl>#msn_ylw-pushpin0</styleUrl>
                    <Point>
                        <extrude>1</extrude>
                        <altitudeMode>absolute</altitudeMode>
                        <gx:drawOrder>1</gx:drawOrder>
                        <coordinates>2.374954512345,46.870260131589,170.61444091797</coordinates>
                    </Point>
                </Placemark>
                
                <Placemark>
                    <name>10:48:57 - 15 kts - 562 ft</name>
                    <visibility>0</visibility>
                    <description>latitude: 46.870248
longitude: 2.375271
altitude: 171 m / 562 ft
elevation: 163 m / 535 ft
course: 96°
speed: 15 kts
</description>
                    <LookAt>
                        <longitude>2.3752705939136</longitude>
                        <latitude>46.870247810191</latitude>
                        <altitude>0</altitude>
                        <heading>0</heading>
                        <tilt>70</tilt>
                        <range>3000</range>
                        <gx:altitudeMode>relativeToSeaFloor</gx:altitudeMode>
                    </LookAt>
                    <styleUrl>#msn_ylw-pushpin0</styleUrl>
                    <Point>
                        <extrude>1</extrude>
                        <altitudeMode>absolute</altitudeMode>
                        <gx:drawOrder>1</gx:drawOrder>
                        <coordinates>2.3752705939136,46.870247810191,171.21844482422</coordinates>
                    </Point>
                </Placemark>
                
                <Placemark>
                    <name>10:49:03 - 11 kts - 566 ft</name>
                    <visibility>0</visibility>
                    <description>latitude: 46.870168
longitude: 2.375694
altitude: 172 m / 566 ft
elevation: 163 m / 535 ft
course: 124°
speed: 11 kts
</description>
                    <LookAt>
                        <longitude>2.3756936285667</longitude>
                        <latitude>46.870168391659</latitude>
                        <altitude>0</altitude>
                        <heading>0</heading>
                        <tilt>70</tilt>
                        <range>3000</range>
                        <gx:altitudeMode>relativeToSeaFloor</gx:altitudeMode>
                    </LookAt>
                    <styleUrl>#msn_ylw-pushpin0</styleUrl>
                    <Point>
                        <extrude>1</extrude>
                        <altitudeMode>absolute</altitudeMode>
                        <gx:drawOrder>1</gx:drawOrder>
                        <coordinates>2.3756936285667,46.870168391659,172.40740966797</coordinates>
                    </Point>
                </Placemark>
                
                <Placemark>
                    <name>10:49:13 - 6 kts - 558 ft</name>
                    <visibility>0</visibility>
                    <description>latitude: 46.869904
longitude: 2.375773
altitude: 170 m / 558 ft
elevation: 163 m / 535 ft
course: 246°
speed: 6 kts
</description>
                    <LookAt>
                        <longitude>2.3757727537326</longitude>
                        <latitude>46.869903900704</latitude>
                        <altitude>0</altitude>
                        <heading>0</heading>
                        <tilt>70</tilt>
                        <range>3000</range>
                        <gx:altitudeMode>relativeToSeaFloor</gx:altitudeMode>
                    </LookAt>
                    <styleUrl>#msn_ylw-pushpin0</styleUrl>
                    <Point>
                        <extrude>1</extrude>
                        <altitudeMode>absolute</altitudeMode>
                        <gx:drawOrder>1</gx:drawOrder>
                        <coordinates>2.3757727537326,46.869903900704,170.09680175781</coordinates>
                    </Point>
                </Placemark>
                
                <Placemark>
                    <name>10:49:21 - 11 kts - 557 ft</name>
                    <visibility>0</visibility>
                    <description>latitude: 46.869869
longitude: 2.375329
altitude: 170 m / 557 ft
elevation: 163 m / 535 ft
course: 261°
speed: 11 kts
</description>
                    <LookAt>
                        <longitude>2.3753285966836</longitude>
                        <latitude>46.869868864349</latitude>
                        <altitude>0</altitude>
                        <heading>0</heading>
                        <tilt>70</tilt>
                        <range>3000</range>
                        <gx:altitudeMode>relativeToSeaFloor</gx:altitudeMode>
                    </LookAt>
                    <styleUrl>#msn_ylw-pushpin0</styleUrl>
                    <Point>
                        <extrude>1</extrude>
                        <altitudeMode>absolute</altitudeMode>
                        <gx:drawOrder>1</gx:drawOrder>
                        <coordinates>2.3753285966836,46.869868864349,169.76904296875</coordinates>
                    </Point>
                </Placemark>
                
                <Placemark>
                    <name>10:49:26 - 13 kts - 555 ft</name>
                    <visibility>0</visibility>
                    <description>latitude: 46.869837
longitude: 2.374929
altitude: 169 m / 555 ft
elevation: 163 m / 535 ft
course: 262°
speed: 13 kts
</description>
                    <LookAt>
                        <longitude>2.3749292828165</longitude>
                        <latitude>46.869836510203</latitude>
                        <altitude>0</altitude>
                        <heading>0</heading>
                        <tilt>70</tilt>
                        <range>3000</range>
                        <gx:altitudeMode>relativeToSeaFloor</gx:altitudeMode>
                    </LookAt>
                    <styleUrl>#msn_ylw-pushpin0</styleUrl>
                    <Point>
                        <extrude>1</extrude>
                        <altitudeMode>absolute</altitudeMode>
                        <gx:drawOrder>1</gx:drawOrder>
                        <coordinates>2.3749292828165,46.869836510203,169.21270751953</coordinates>
                    </Point>
                </Placemark>
                
                <Placemark>
                    <name>10:49:31 - 14 kts - 554 ft</name>
                    <visibility>0</visibility>
                    <description>latitude: 46.869809
longitude: 2.374463
altitude: 169 m / 554 ft
elevation: 163 m / 535 ft
course: 267°
speed: 14 kts
</description>
                    <LookAt>
                        <longitude>2.374462829905</longitude>
                        <latitude>46.869808556556</latitude>
                        <altitude>0</altitude>
                        <heading>0</heading>
                        <tilt>70</tilt>
                        <range>3000</range>
                        <gx:altitudeMode>relativeToSeaFloor</gx:altitudeMode>
                    </LookAt>
                    <styleUrl>#msn_ylw-pushpin0</styleUrl>
                    <Point>
                        <extrude>1</extrude>
                        <altitudeMode>absolute</altitudeMode>
                        <gx:drawOrder>1</gx:drawOrder>
                        <coordinates>2.374462829905,46.869808556556,168.77770996094</coordinates>
                    </Point>
                </Placemark>
                
                <Placemark>
                    <name>10:49:36 - 12 kts - 555 ft</name>
                    <visibility>0</visibility>
                    <description>latitude: 46.869793
longitude: 2.374032
altitude: 169 m / 555 ft
elevation: 163 m / 535 ft
course: 267°
speed: 12 kts
</description>
                    <LookAt>
                        <longitude>2.3740323353581</longitude>
                        <latitude>46.869793175763</latitude>
                        <altitude>0</altitude>
                        <heading>0</heading>
                        <tilt>70</tilt>
                        <range>3000</range>
                        <gx:altitudeMode>relativeToSeaFloor</gx:altitudeMode>
                    </LookAt>
                    <styleUrl>#msn_ylw-pushpin0</styleUrl>
                    <Point>
                        <extrude>1</extrude>
                        <altitudeMode>absolute</altitudeMode>
                        <gx:drawOrder>1</gx:drawOrder>
                        <coordinates>2.3740323353581,46.869793175763,169.19018554688</coordinates>
                    </Point>
                </Placemark>
                
                <Placemark>
                    <name>10:49:42 - 9 kts - 553 ft</name>
                    <visibility>0</visibility>
                    <description>latitude: 46.869779
longitude: 2.373628
altitude: 168 m / 553 ft
elevation: 163 m / 535 ft
course: 265°
speed: 9 kts
</description>
                    <LookAt>
                        <longitude>2.373627740892</longitude>
                        <latitude>46.869779387533</latitude>
                        <altitude>0</altitude>
                        <heading>0</heading>
                        <tilt>70</tilt>
                        <range>3000</range>
                        <gx:altitudeMode>relativeToSeaFloor</gx:altitudeMode>
                    </LookAt>
                    <styleUrl>#msn_ylw-pushpin0</styleUrl>
                    <Point>
                        <extrude>1</extrude>
                        <altitudeMode>absolute</altitudeMode>
                        <gx:drawOrder>1</gx:drawOrder>
                        <coordinates>2.373627740892,46.869779387533,168.47088623047</coordinates>
                    </Point>
                </Placemark>
                
                <Placemark>
                    <name>10:49:50 - 7 kts - 547 ft</name>
                    <visibility>0</visibility>
                    <description>latitude: 46.869659
longitude: 2.373271
altitude: 167 m / 547 ft
elevation: 163 m / 535 ft
course: 244°
speed: 7 kts
</description>
                    <LookAt>
                        <longitude>2.373270839455</longitude>
                        <latitude>46.869658604308</latitude>
                        <altitude>0</altitude>
                        <heading>0</heading>
                        <tilt>70</tilt>
                        <range>3000</range>
                        <gx:altitudeMode>relativeToSeaFloor</gx:altitudeMode>
                    </LookAt>
                    <styleUrl>#msn_ylw-pushpin0</styleUrl>
                    <Point>
                        <extrude>1</extrude>
                        <altitudeMode>absolute</altitudeMode>
                        <gx:drawOrder>1</gx:drawOrder>
                        <coordinates>2.373270839455,46.869658604308,166.67163085938</coordinates>
                    </Point>
                </Placemark>
                
                <Placemark>
                    <name>10:50:00 - 7 kts - 548 ft</name>
                    <visibility>0</visibility>
                    <description>latitude: 46.869584
longitude: 2.372889
altitude: 167 m / 548 ft
elevation: 163 m / 535 ft
course: 264°
speed: 7 kts
</description>
                    <LookAt>
                        <longitude>2.3728885408513</longitude>
                        <latitude>46.869583879641</latitude>
                        <altitude>0</altitude>
                        <heading>0</heading>
                        <tilt>70</tilt>
                        <range>3000</range>
                        <gx:altitudeMode>relativeToSeaFloor</gx:altitudeMode>
                    </LookAt>
                    <styleUrl>#msn_ylw-pushpin0</styleUrl>
                    <Point>
                        <extrude>1</extrude>
                        <altitudeMode>absolute</altitudeMode>
                        <gx:drawOrder>1</gx:drawOrder>
                        <coordinates>2.3728885408513,46.869583879641,166.89422607422</coordinates>
                    </Point>
                </Placemark>
                
                <Placemark>
                    <name>10:50:08 - 9 kts - 546 ft</name>
                    <visibility>0</visibility>
                    <description>latitude: 46.869552
longitude: 2.372437
altitude: 166 m / 546 ft
elevation: 163 m / 535 ft
course: 265°
speed: 9 kts
</description>
                    <LookAt>
                        <longitude>2.3724370077274</longitude>
                        <latitude>46.869551902681</latitude>
                        <altitude>0</altitude>
                        <heading>0</heading>
                        <tilt>70</tilt>
                        <range>3000</range>
                        <gx:altitudeMode>relativeToSeaFloor</gx:altitudeMode>
                    </LookAt>
                    <styleUrl>#msn_ylw-pushpin0</styleUrl>
                    <Point>
                        <extrude>1</extrude>
                        <altitudeMode>absolute</altitudeMode>
                        <gx:drawOrder>1</gx:drawOrder>
                        <coordinates>2.3724370077274,46.869551902681,166.484375</coordinates>
                    </Point>
                </Placemark>
                
                <Placemark>
                    <name>10:50:15 - 10 kts - 544 ft</name>
                    <visibility>0</visibility>
                    <description>latitude: 46.869529
longitude: 2.372003
altitude: 166 m / 544 ft
elevation: 164 m / 538 ft
course: 266°
speed: 10 kts
</description>
                    <LookAt>
                        <longitude>2.3720026575051</longitude>
                        <latitude>46.869529229632</latitude>
                        <altitude>0</altitude>
                        <heading>0</heading>
                        <tilt>70</tilt>
                        <range>3000</range>
                        <gx:altitudeMode>relativeToSeaFloor</gx:altitudeMode>
                    </LookAt>
                    <styleUrl>#msn_ylw-pushpin0</styleUrl>
                    <Point>
                        <extrude>1</extrude>
                        <altitudeMode>absolute</altitudeMode>
                        <gx:drawOrder>1</gx:drawOrder>
                        <coordinates>2.3720026575051,46.869529229632,165.92120361328</coordinates>
                    </Point>
                </Placemark>
                
                <Placemark>
                    <name>10:50:21 - 11 kts - 544 ft</name>
                    <visibility>0</visibility>
                    <description>latitude: 46.869500
longitude: 2.371586
altitude: 166 m / 544 ft
elevation: 164 m / 538 ft
course: 267°
speed: 11 kts
</description>
                    <LookAt>
                        <longitude>2.3715859930984</longitude>
                        <latitude>46.869499892971</latitude>
                        <altitude>0</altitude>
                        <heading>0</heading>
                        <tilt>70</tilt>
                        <range>3000</range>
                        <gx:altitudeMode>relativeToSeaFloor</gx:altitudeMode>
                    </LookAt>
                    <styleUrl>#msn_ylw-pushpin0</styleUrl>
                    <Point>
                        <extrude>1</extrude>
                        <altitudeMode>absolute</altitudeMode>
                        <gx:drawOrder>1</gx:drawOrder>
                        <coordinates>2.3715859930984,46.869499892971,165.81896972656</coordinates>
                    </Point>
                </Placemark>
                
                <Placemark>
                    <name>10:50:26 - 9 kts - 547 ft</name>
                    <visibility>0</visibility>
                    <description>latitude: 46.869479
longitude: 2.371188
altitude: 167 m / 547 ft
elevation: 164 m / 538 ft
course: 265°
speed: 9 kts
</description>
                    <LookAt>
                        <longitude>2.371188439431</longitude>
                        <latitude>46.869478938213</latitude>
                        <altitude>0</altitude>
                        <heading>0</heading>
                        <tilt>70</tilt>
                        <range>3000</range>
                        <gx:altitudeMode>relativeToSeaFloor</gx:altitudeMode>
                    </LookAt>
                    <styleUrl>#msn_ylw-pushpin0</styleUrl>
                    <Point>
                        <extrude>1</extrude>
                        <altitudeMode>absolute</altitudeMode>
                        <gx:drawOrder>1</gx:drawOrder>
                        <coordinates>2.371188439431,46.869478938213,166.74383544922</coordinates>
                    </Point>
                </Placemark>
                
                <Placemark>
                    <name>10:50:34 - 7 kts - 548 ft</name>
                    <visibility>0</visibility>
                    <description>latitude: 46.869453
longitude: 2.370746
altitude: 167 m / 548 ft
elevation: 164 m / 538 ft
course: 264°
speed: 7 kts
</description>
                    <LookAt>
                        <longitude>2.3707459587626</longitude>
                        <latitude>46.869452535218</latitude>
                        <altitude>0</altitude>
                        <heading>0</heading>
                        <tilt>70</tilt>
                        <range>3000</range>
                        <gx:altitudeMode>relativeToSeaFloor</gx:altitudeMode>
                    </LookAt>
                    <styleUrl>#msn_ylw-pushpin0</styleUrl>
                    <Point>
                        <extrude>1</extrude>
                        <altitudeMode>absolute</altitudeMode>
                        <gx:drawOrder>1</gx:drawOrder>
                        <coordinates>2.3707459587626,46.869452535218,167.02111816406</coordinates>
                    </Point>
                </Placemark>
                
                <Placemark>
                    <name>10:50:48 - 5 kts - 546 ft</name>
                    <visibility>0</visibility>
                    <description>latitude: 46.869273
longitude: 2.370431
altitude: 166 m / 546 ft
elevation: 163 m / 535 ft
course: 177°
speed: 5 kts
</description>
                    <LookAt>
                        <longitude>2.3704310506604</longitude>
                        <latitude>46.869272952943</latitude>
                        <altitude>0</altitude>
                        <heading>0</heading>
                        <tilt>70</tilt>
                        <range>3000</range>
                        <gx:altitudeMode>relativeToSeaFloor</gx:altitudeMode>
                    </LookAt>
                    <styleUrl>#msn_ylw-pushpin0</styleUrl>
                    <Point>
                        <extrude>1</extrude>
                        <altitudeMode>absolute</altitudeMode>
                        <gx:drawOrder>1</gx:drawOrder>
                        <coordinates>2.3704310506604,46.869272952943,166.28680419922</coordinates>
                    </Point>
                </Placemark>
                
                <Placemark>
                    <name>10:51:02 - 4 kts - 542 ft</name>
                    <visibility>0</visibility>
                    <description>latitude: 46.869002
longitude: 2.370505
altitude: 165 m / 542 ft
elevation: 163 m / 535 ft
course: 151°
speed: 4 kts
</description>
                    <LookAt>
                        <longitude>2.3705046437703</longitude>
                        <latitude>46.869001756466</latitude>
                        <altitude>0</altitude>
                        <heading>0</heading>
                        <tilt>70</tilt>
                        <range>3000</range>
                        <gx:altitudeMode>relativeToSeaFloor</gx:altitudeMode>
                    </LookAt>
                    <styleUrl>#msn_ylw-pushpin0</styleUrl>
                    <Point>
                        <extrude>1</extrude>
                        <altitudeMode>absolute</altitudeMode>
                        <gx:drawOrder>1</gx:drawOrder>
                        <coordinates>2.3705046437703,46.869001756466,165.12817382812</coordinates>
                    </Point>
                </Placemark>
                
            </Folder>
            <Folder>
                <name>Temps</name>
                <open>1</open>
                <Style>
                    <ListStyle>
                        <listItemType>check</listItemType>
                        <bgColor>00ffffff</bgColor>
                        <maxSnippetLines>2</maxSnippetLines>
                    </ListStyle>
                </Style>
                
                <Placemark>
                    <name>00H05</name>
                    <LookAt>
                        <longitude>1.9299465324748</longitude>
                        <latitude>48.998995567718</latitude>
                        <altitude>0</altitude>
                        <heading>0</heading>
                        <tilt>70</tilt>
                        <range>3000</range>
                        <gx:altitudeMode>relativeToSeaFloor</gx:altitudeMode>
                    </LookAt>
                    <styleUrl>#m_ylw-pushpin</styleUrl>
                    <Point>
                        <extrude>1</extrude>
                        <altitudeMode>absolute</altitudeMode>
                        <gx:drawOrder>1</gx:drawOrder>
                        <coordinates>1.9299465324748,48.998995567718,25.587219238281</coordinates>
                    </Point>
                </Placemark>
                
                <Placemark>
                    <name>00H10</name>
                    <LookAt>
                        <longitude>1.9837867654878</longitude>
                        <latitude>48.957530460366</latitude>
                        <altitude>0</altitude>
                        <heading>0</heading>
                        <tilt>70</tilt>
                        <range>3000</range>
                        <gx:altitudeMode>relativeToSeaFloor</gx:altitudeMode>
                    </LookAt>
                    <styleUrl>#m_ylw-pushpin</styleUrl>
                    <Point>
                        <extrude>1</extrude>
                        <altitudeMode>absolute</altitudeMode>
                        <gx:drawOrder>1</gx:drawOrder>
                        <coordinates>1.9837867654878,48.957530460366,446.29406738281</coordinates>
                    </Point>
                </Placemark>
                
                <Placemark>
                    <name>00H15</name>
                    <LookAt>
                        <longitude>1.9338410999644</longitude>
                        <latitude>48.857041625352</latitude>
                        <altitude>0</altitude>
                        <heading>0</heading>
                        <tilt>70</tilt>
                        <range>3000</range>
                        <gx:altitudeMode>relativeToSeaFloor</gx:altitudeMode>
                    </LookAt>
                    <styleUrl>#m_ylw-pushpin</styleUrl>
                    <Point>
                        <extrude>1</extrude>
                        <altitudeMode>absolute</altitudeMode>
                        <gx:drawOrder>1</gx:drawOrder>
                        <coordinates>1.9338410999644,48.857041625352,560.82177734375</coordinates>
                    </Point>
                </Placemark>
                
                <Placemark>
                    <name>00H20</name>
                    <LookAt>
                        <longitude>1.8893417436647</longitude>
                        <latitude>48.746708077424</latitude>
                        <altitude>0</altitude>
                        <heading>0</heading>
                        <tilt>70</tilt>
                        <range>3000</range>
                        <gx:altitudeMode>relativeToSeaFloor</gx:altitudeMode>
                    </LookAt>
                    <styleUrl>#m_ylw-pushpin</styleUrl>
                    <Point>
                        <extrude>1</extrude>
                        <altitudeMode>absolute</altitudeMode>
                        <gx:drawOrder>1</gx:drawOrder>
                        <coordinates>1.8893417436647,48.746708077424,535.22290039062</coordinates>
                    </Point>
                </Placemark>
                
                <Placemark>
                    <name>00H25</name>
                    <LookAt>
                        <longitude>1.8997894506919</longitude>
                        <latitude>48.638362297834</latitude>
                        <altitude>0</altitude>
                        <heading>0</heading>
                        <tilt>70</tilt>
                        <range>3000</range>
                        <gx:altitudeMode>relativeToSeaFloor</gx:altitudeMode>
                    </LookAt>
                    <styleUrl>#m_ylw-pushpin</styleUrl>
                    <Point>
                        <extrude>1</extrude>
                        <altitudeMode>absolute</altitudeMode>
                        <gx:drawOrder>1</gx:drawOrder>
                        <coordinates>1.8997894506919,48.638362297834,538.42138671875</coordinates>
                    </Point>
                </Placemark>
                
                <Placemark>
                    <name>00H30</name>
                    <LookAt>
                        <longitude>1.9395257905144</longitude>
                        <latitude>48.527457313657</latitude>
                        <altitude>0</altitude>
                        <heading>0</heading>
                        <tilt>70</tilt>
                        <range>3000</range>
                        <gx:altitudeMode>relativeToSeaFloor</gx:altitudeMode>
                    </LookAt>
                    <styleUrl>#m_ylw-pushpin</styleUrl>
                    <Point>
                        <extrude>1</extrude>
                        <altitudeMode>absolute</altitudeMode>
                        <gx:drawOrder>1</gx:drawOrder>
                        <coordinates>1.9395257905144,48.527457313657,673.03527832031</coordinates>
                    </Point>
                </Placemark>
                
                <Placemark>
                    <name>00H35</name>
                    <LookAt>
                        <longitude>1.9686897844094</longitude>
                        <latitude>48.419838538438</latitude>
                        <altitude>0</altitude>
                        <heading>0</heading>
                        <tilt>70</tilt>
                        <range>3000</range>
                        <gx:altitudeMode>relativeToSeaFloor</gx:altitudeMode>
                    </LookAt>
                    <styleUrl>#m_ylw-pushpin</styleUrl>
                    <Point>
                        <extrude>1</extrude>
                        <altitudeMode>absolute</altitudeMode>
                        <gx:drawOrder>1</gx:drawOrder>
                        <coordinates>1.9686897844094,48.419838538438,699.15454101562</coordinates>
                    </Point>
                </Placemark>
                
                <Placemark>
                    <name>00H40</name>
                    <LookAt>
                        <longitude>1.9990176055599</longitude>
                        <latitude>48.308620238722</latitude>
                        <altitude>0</altitude>
                        <heading>0</heading>
                        <tilt>70</tilt>
                        <range>3000</range>
                        <gx:altitudeMode>relativeToSeaFloor</gx:altitudeMode>
                    </LookAt>
                    <styleUrl>#m_ylw-pushpin</styleUrl>
                    <Point>
                        <extrude>1</extrude>
                        <altitudeMode>absolute</altitudeMode>
                        <gx:drawOrder>1</gx:drawOrder>
                        <coordinates>1.9990176055599,48.308620238722,949.98559570312</coordinates>
                    </Point>
                </Placemark>
                
                <Placemark>
                    <name>00H45</name>
                    <LookAt>
                        <longitude>2.0303240139056</longitude>
                        <latitude>48.192458041057</latitude>
                        <altitude>0</altitude>
                        <heading>0</heading>
                        <tilt>70</tilt>
                        <range>3000</range>
                        <gx:altitudeMode>relativeToSeaFloor</gx:altitudeMode>
                    </LookAt>
                    <styleUrl>#m_ylw-pushpin</styleUrl>
                    <Point>
                        <extrude>1</extrude>
                        <altitudeMode>absolute</altitudeMode>
                        <gx:drawOrder>1</gx:drawOrder>
                        <coordinates>2.0303240139056,48.192458041057,948.90051269531</coordinates>
                    </Point>
                </Placemark>
                
                <Placemark>
                    <name>00H50</name>
                    <LookAt>
                        <longitude>2.0626648329218</longitude>
                        <latitude>48.073036330797</latitude>
                        <altitude>0</altitude>
                        <heading>0</heading>
                        <tilt>70</tilt>
                        <range>3000</range>
                        <gx:altitudeMode>relativeToSeaFloor</gx:altitudeMode>
                    </LookAt>
                    <styleUrl>#m_ylw-pushpin</styleUrl>
                    <Point>
                        <extrude>1</extrude>
                        <altitudeMode>absolute</altitudeMode>
                        <gx:drawOrder>1</gx:drawOrder>
                        <coordinates>2.0626648329218,48.073036330797,953.1025390625</coordinates>
                    </Point>
                </Placemark>
                
                <Placemark>
                    <name>00H55</name>
                    <LookAt>
                        <longitude>2.0946735609342</longitude>
                        <latitude>47.953184251718</latitude>
                        <altitude>0</altitude>
                        <heading>0</heading>
                        <tilt>70</tilt>
                        <range>3000</range>
                        <gx:altitudeMode>relativeToSeaFloor</gx:altitudeMode>
                    </LookAt>
                    <styleUrl>#m_ylw-pushpin</styleUrl>
                    <Point>
                        <extrude>1</extrude>
                        <altitudeMode>absolute</altitudeMode>
                        <gx:drawOrder>1</gx:drawOrder>
                        <coordinates>2.0946735609342,47.953184251718,953.64868164062</coordinates>
                    </Point>
                </Placemark>
                
                <Placemark>
                    <name>01H00</name>
                    <LookAt>
                        <longitude>2.1265993919243</longitude>
                        <latitude>47.832286194943</latitude>
                        <altitude>0</altitude>
                        <heading>0</heading>
                        <tilt>70</tilt>
                        <range>3000</range>
                        <gx:altitudeMode>relativeToSeaFloor</gx:altitudeMode>
                    </LookAt>
                    <styleUrl>#m_ylw-pushpin</styleUrl>
                    <Point>
                        <extrude>1</extrude>
                        <altitudeMode>absolute</altitudeMode>
                        <gx:drawOrder>1</gx:drawOrder>
                        <coordinates>2.1265993919243,47.832286194943,953.89038085938</coordinates>
                    </Point>
                </Placemark>
                
                <Placemark>
                    <name>01H05</name>
                    <LookAt>
                        <longitude>2.1597892977317</longitude>
                        <latitude>47.708655805371</latitude>
                        <altitude>0</altitude>
                        <heading>0</heading>
                        <tilt>70</tilt>
                        <range>3000</range>
                        <gx:altitudeMode>relativeToSeaFloor</gx:altitudeMode>
                    </LookAt>
                    <styleUrl>#m_ylw-pushpin</styleUrl>
                    <Point>
                        <extrude>1</extrude>
                        <altitudeMode>absolute</altitudeMode>
                        <gx:drawOrder>1</gx:drawOrder>
                        <coordinates>2.1597892977317,47.708655805371,953.84545898438</coordinates>
                    </Point>
                </Placemark>
                
                <Placemark>
                    <name>01H10</name>
                    <LookAt>
                        <longitude>2.1912839636227</longitude>
                        <latitude>47.588148512922</latitude>
                        <altitude>0</altitude>
                        <heading>0</heading>
                        <tilt>70</tilt>
                        <range>3000</range>
                        <gx:altitudeMode>relativeToSeaFloor</gx:altitudeMode>
                    </LookAt>
                    <styleUrl>#m_ylw-pushpin</styleUrl>
                    <Point>
                        <extrude>1</extrude>
                        <altitudeMode>absolute</altitudeMode>
                        <gx:drawOrder>1</gx:drawOrder>
                        <coordinates>2.1912839636227,47.588148512922,903.36254882812</coordinates>
                    </Point>
                </Placemark>
                
                <Placemark>
                    <name>01H15</name>
                    <LookAt>
                        <longitude>2.2220208216479</longitude>
                        <latitude>47.470703967891</latitude>
                        <altitude>0</altitude>
                        <heading>0</heading>
                        <tilt>70</tilt>
                        <range>3000</range>
                        <gx:altitudeMode>relativeToSeaFloor</gx:altitudeMode>
                    </LookAt>
                    <styleUrl>#m_ylw-pushpin</styleUrl>
                    <Point>
                        <extrude>1</extrude>
                        <altitudeMode>absolute</altitudeMode>
                        <gx:drawOrder>1</gx:drawOrder>
                        <coordinates>2.2220208216479,47.470703967891,875.07788085938</coordinates>
                    </Point>
                </Placemark>
                
                <Placemark>
                    <name>01H20</name>
                    <LookAt>
                        <longitude>2.2540642507395</longitude>
                        <latitude>47.348439325623</latitude>
                        <altitude>0</altitude>
                        <heading>0</heading>
                        <tilt>70</tilt>
                        <range>3000</range>
                        <gx:altitudeMode>relativeToSeaFloor</gx:altitudeMode>
                    </LookAt>
                    <styleUrl>#m_ylw-pushpin</styleUrl>
                    <Point>
                        <extrude>1</extrude>
                        <altitudeMode>absolute</altitudeMode>
                        <gx:drawOrder>1</gx:drawOrder>
                        <coordinates>2.2540642507395,47.348439325623,875.81298828125</coordinates>
                    </Point>
                </Placemark>
                
                <Placemark>
                    <name>01H25</name>
                    <LookAt>
                        <longitude>2.2846543416402</longitude>
                        <latitude>47.230437300212</latitude>
                        <altitude>0</altitude>
                        <heading>0</heading>
                        <tilt>70</tilt>
                        <range>3000</range>
                        <gx:altitudeMode>relativeToSeaFloor</gx:altitudeMode>
                    </LookAt>
                    <styleUrl>#m_ylw-pushpin</styleUrl>
                    <Point>
                        <extrude>1</extrude>
                        <altitudeMode>absolute</altitudeMode>
                        <gx:drawOrder>1</gx:drawOrder>
                        <coordinates>2.2846543416402,47.230437300212,874.28784179688</coordinates>
                    </Point>
                </Placemark>
                
                <Placemark>
                    <name>01H30</name>
                    <LookAt>
                        <longitude>2.3153984081022</longitude>
                        <latitude>47.112087551548</latitude>
                        <altitude>0</altitude>
                        <heading>0</heading>
                        <tilt>70</tilt>
                        <range>3000</range>
                        <gx:altitudeMode>relativeToSeaFloor</gx:altitudeMode>
                    </LookAt>
                    <styleUrl>#m_ylw-pushpin</styleUrl>
                    <Point>
                        <extrude>1</extrude>
                        <altitudeMode>absolute</altitudeMode>
                        <gx:drawOrder>1</gx:drawOrder>
                        <coordinates>2.3153984081022,47.112087551548,874.17895507812</coordinates>
                    </Point>
                </Placemark>
                
                <Placemark>
                    <name>01H35</name>
                    <LookAt>
                        <longitude>2.3450434394203</longitude>
                        <latitude>46.995913283943</latitude>
                        <altitude>0</altitude>
                        <heading>0</heading>
                        <tilt>70</tilt>
                        <range>3000</range>
                        <gx:altitudeMode>relativeToSeaFloor</gx:altitudeMode>
                    </LookAt>
                    <styleUrl>#m_ylw-pushpin</styleUrl>
                    <Point>
                        <extrude>1</extrude>
                        <altitudeMode>absolute</altitudeMode>
                        <gx:drawOrder>1</gx:drawOrder>
                        <coordinates>2.3450434394203,46.995913283943,752.17016601562</coordinates>
                    </Point>
                </Placemark>
                
                <Placemark>
                    <name>01H40</name>
                    <LookAt>
                        <longitude>2.371370745825</longitude>
                        <latitude>46.877394011288</latitude>
                        <altitude>0</altitude>
                        <heading>0</heading>
                        <tilt>70</tilt>
                        <range>3000</range>
                        <gx:altitudeMode>relativeToSeaFloor</gx:altitudeMode>
                    </LookAt>
                    <styleUrl>#m_ylw-pushpin</styleUrl>
                    <Point>
                        <extrude>1</extrude>
                        <altitudeMode>absolute</altitudeMode>
                        <gx:drawOrder>1</gx:drawOrder>
                        <coordinates>2.371370745825,46.877394011288,592.4375</coordinates>
                    </Point>
                </Placemark>
                
                <Placemark>
                    <name>01H45</name>
                    <LookAt>
                        <longitude>2.350632408636</longitude>
                        <latitude>46.895151073157</latitude>
                        <altitude>0</altitude>
                        <heading>0</heading>
                        <tilt>70</tilt>
                        <range>3000</range>
                        <gx:altitudeMode>relativeToSeaFloor</gx:altitudeMode>
                    </LookAt>
                    <styleUrl>#m_ylw-pushpin</styleUrl>
                    <Point>
                        <extrude>1</extrude>
                        <altitudeMode>absolute</altitudeMode>
                        <gx:drawOrder>1</gx:drawOrder>
                        <coordinates>2.350632408636,46.895151073157,501.8046875</coordinates>
                    </Point>
                </Placemark>
                
                <Placemark>
                    <name>01H50</name>
                    <LookAt>
                        <longitude>2.3757727537326</longitude>
                        <latitude>46.869903900704</latitude>
                        <altitude>0</altitude>
                        <heading>0</heading>
                        <tilt>70</tilt>
                        <range>3000</range>
                        <gx:altitudeMode>relativeToSeaFloor</gx:altitudeMode>
                    </LookAt>
                    <styleUrl>#m_ylw-pushpin</styleUrl>
                    <Point>
                        <extrude>1</extrude>
                        <altitudeMode>absolute</altitudeMode>
                        <gx:drawOrder>1</gx:drawOrder>
                        <coordinates>2.3757727537326,46.869903900704,170.09680175781</coordinates>
                    </Point>
                </Placemark>
                
            </Folder>
        </Document>
        </kml>