<?xml version="1.0" encoding="UTF-8"?>
        <kml xmlns="http://www.opengis.net/kml/2.2"   >
        <Document>
            <name>2025-09-19 LFFU - CHATEAUNEUF SUR CHER (13:04) LFXU - LES MUREAUX (14:46)</name>
            <open>1</open>
            <StyleMap id="msn_ylw-pushpin">
                <Pair>
                    <key>normal</key>
                    <styleUrl>#sn_ylw-pushpin</styleUrl>
                </Pair>
                <Pair>
                    <key>highlight</key>
                    <styleUrl>#sh_ylw-pushpin</styleUrl>
                </Pair>
            </StyleMap>
            <StyleMap id="msn_ylw-pushpin0">
                <Pair>
                    <key>normal</key>
                    <styleUrl>#sn_ylw-pushpin0</styleUrl>
                </Pair>
                <Pair>
                    <key>highlight</key>
                    <styleUrl>#sh_ylw-pushpin0</styleUrl>
                </Pair>
            </StyleMap>
            <Style id="sh_ylw-pushpin0">
                <IconStyle>
                    <color>ff00ffff</color>
                    <scale>1.18182</scale>
                    <Icon>
                        <href>http://maps.google.com/mapfiles/kml/pushpin/ylw-pushpin.png</href>
                    </Icon>
                    <hotSpot x="20" y="2" xunits="pixels" yunits="pixels"/>
                </IconStyle>
                <LabelStyle>
                    <color>ff00ffff</color>
                </LabelStyle>
                <LineStyle>
                    <color>ff00ffff</color>
                </LineStyle>
            </Style>
            <Style id="s_ylw-pushpin_hl">
                <IconStyle>
                    <scale>1.18182</scale>
                    <Icon>
                        <href>http://maps.google.com/mapfiles/kml/pushpin/grn-pushpin.png</href>
                    </Icon>
                    <hotSpot x="20" y="2" xunits="pixels" yunits="pixels"/>
                </IconStyle>
                <LabelStyle>
                    <color>ff00ff00</color>
                </LabelStyle>
                <ListStyle>
                </ListStyle>
            </Style>
            <Style id="s_ylw-pushpin">
                <IconStyle>
                    <Icon>
                        <href>http://maps.google.com/mapfiles/kml/pushpin/grn-pushpin.png</href>
                    </Icon>
                    <hotSpot x="20" y="2" xunits="pixels" yunits="pixels"/>
                </IconStyle>
                <LabelStyle>
                    <color>ff00ff00</color>
                </LabelStyle>
                <ListStyle>
                </ListStyle>
            </Style>
            <Style id="sn_ylw-pushpin0">
                <IconStyle>
                    <color>ff00ffff</color>
                    <Icon>
                        <href>http://maps.google.com/mapfiles/kml/pushpin/ylw-pushpin.png</href>
                    </Icon>
                    <hotSpot x="20" y="2" xunits="pixels" yunits="pixels"/>
                </IconStyle>
                <LabelStyle>
                    <color>ff00ffff</color>
                </LabelStyle>
                <LineStyle>
                    <color>ff00ffff</color>
                </LineStyle>
            </Style>
            <Style id="sn_ylw-pushpin">
                <IconStyle>
                    <scale>1.1</scale>
                    <Icon>
                        <href>http://maps.google.com/mapfiles/kml/pushpin/ylw-pushpin.png</href>
                    </Icon>
                    <hotSpot x="20" y="2" xunits="pixels" yunits="pixels"/>
                </IconStyle>
                <LineStyle>
                    <color>ff00ffff</color>
                    <width>2.5</width>
                </LineStyle>
                <PolyStyle>
                    <color>7f00ffff</color>
                </PolyStyle>
            </Style>
            <Style id="sh_ylw-pushpin">
                <IconStyle>
                    <scale>1.3</scale>
                    <Icon>
                        <href>http://maps.google.com/mapfiles/kml/pushpin/ylw-pushpin.png</href>
                    </Icon>
                    <hotSpot x="20" y="2" xunits="pixels" yunits="pixels"/>
                </IconStyle>
                <LineStyle>
                    <color>ff00ffff</color>
                    <width>2.5</width>
                </LineStyle>
                <PolyStyle>
                    <color>7f00ffff</color>
                </PolyStyle>
            </Style>
            <StyleMap id="m_ylw-pushpin">
                <Pair>
                    <key>normal</key>
                    <styleUrl>#s_ylw-pushpin</styleUrl>
                </Pair>
                <Pair>
                    <key>highlight</key>
                    <styleUrl>#s_ylw-pushpin_hl</styleUrl>
                </Pair>
            </StyleMap>
            <Placemark>
                <name>Trace</name>
                <styleUrl>#msn_ylw-pushpin</styleUrl>
                <LineString>
                    <extrude>1</extrude>
                    <tessellate>1</tessellate>
                    <altitudeMode>absolute</altitudeMode>
                    <coordinates>2.3708358560524,46.868972069575,169.56195142213 2.3704612601627,46.869057571219,170.05653924029 2.3704354127323,46.86934844327,171.33096850663 2.3703898616189,46.869625628465,171.58449614048 2.3703230148007,46.869899256729,171.91730605997 2.3707564024197,46.869997047864,172.57960325573 2.3774295868196,46.870453783118,199.25935663749 2.3811274295717,46.870630377482,231.07508109044 2.3846743930384,46.870780662977,262.01790601294 2.3903397460885,46.871301841499,283.17567636166 2.391159162473,46.871493205522,287.74534350727 2.3919824052127,46.871741579356,292.05006179307 2.3927836961411,46.872084654612,295.68361491803 2.3935596881466,46.872491218085,301.30896376446 2.3942675663256,46.872957074133,306.6501783682 2.3949003734344,46.873489611376,312.17966699228 2.3957609320159,46.874369134832,320.15025848057 2.3964905588122,46.875324486029,327.55965104233 2.3970495136992,46.876346094676,335.47030494455 2.3972855037614,46.877064659204,338.51115283463 2.3973543486512,46.877809688005,341.98264329694 2.3973118529532,46.878188707903,341.68386379443 2.3971365986853,46.878951810568,342.30355851166 2.3968432626702,46.879705004037,346.0896072695 2.3964359452023,46.880435075559,348.67024968658 2.3954624059322,46.881867563395,355.04476408754 2.3943174503076,46.883248190609,363.84588820022 2.3936102996818,46.883850405992,372.91765496973 2.3928043782274,46.884364693693,386.41792111006 2.391952399536,46.884803578253,399.13518991787 2.3910417375267,46.88514255965,407.07553218585 2.3900939778818,46.885385350576,413.38776221965 2.3891321202511,46.885549100707,417.56541381497 2.3881635426936,46.885630177554,423.07344995067 2.3867210526223,46.885645954515,433.24655925948 2.3848084074116,46.885532995973,442.54193485156 2.3819312971887,46.885158942739,458.94873485435 2.3776929071533,46.884274800892,470.01805655565 2.3711243256514,46.882722022966,490.82899346482 2.3659734718334,46.881394981121,525.04451842792 2.3645833398218,46.880909162323,539.56295308005 2.3638138351696,46.880506299332,546.14268343709 2.3634978394271,46.880272409113,550.37041794229 2.3632287173595,46.880022155153,554.21900383756 2.3627863972167,46.879508439282,562.20217516366 2.3624618163423,46.878982746207,570.03731313907 2.3622538582017,46.878446589909,576.51972801983 2.3621487000956,46.877902231707,581.9230894139 2.3621204007242,46.877360739365,586.86287770886 2.3621633800265,46.876821915757,591.0579499742 2.3622834488199,46.876285003921,595.14959871117 2.3625860952378,46.87548398768,598.76926339138 2.3630241583704,46.874686490893,600.31314408127 2.3638067842579,46.873611550687,602.75673008058 2.364547562929,46.872816294625,605.661155954 2.3660087590777,46.871517026384,605.11104574893 2.3677002613322,46.870255063265,605.80890577938 2.3695805268786,46.869090964994,606.71487871278 2.3708454988477,46.868500373958,610.50359592866 2.3721746934373,46.868001732063,615.44667591434 2.3735495104056,46.867587452211,619.28289907519 2.3749676069702,46.867302994322,623.75693821069 2.3759473953157,46.867195502959,625.99186392222 2.3774586354094,46.86714099308,628.77313308511 2.3790153881945,46.867217874931,633.73397022393 2.3805383949957,46.867426190518,643.26692322735 2.3819702403351,46.86773438347,654.23485599831 2.3833301805117,46.868147388005,662.11216480006 2.3846718180432,46.868697339965,661.61063416954 2.3855355827206,46.869161266799,654.43517497461 2.3863115248412,46.869767330065,643.95863128733 2.3866472968602,46.870115763833,640.3079281617 2.3872133712174,46.870867077655,637.51882371213 2.3876566147822,46.871663369453,634.89780442417 2.3879984175364,46.872494936641,631.91867526807 2.388184210401,46.873357211141,629.03594315052 2.3882197531162,46.874235534642,626.08015468251 2.3881934058055,46.874679887656,623.71402548626 2.3880349283219,46.875569810642,619.75856362656 2.3877552245585,46.876452353636,616.43274109252 2.3873500742703,46.877310358044,614.27272896655 2.3865470421437,46.87852914068,620.43142634537 2.3855680788965,46.879665066312,626.08769472688 2.3844478872965,46.880712565937,624.22733601741 2.3832062258787,46.881673006647,617.48245093971 2.381841444605,46.882537753958,611.47409111448 2.3798542177946,46.883570711485,595.15896882396 2.3787256411798,46.883977242308,586.73886052147 2.3775198291428,46.884275590464,581.54811400548 2.3762925553075,46.884494865654,580.30527876038 2.3744690767179,46.884699199278,581.41457321029 2.3732793985003,46.884731716679,583.94476757944 2.3721269622914,46.884670436367,590.42901104875 2.3710250655089,46.884544817392,592.72081511095 2.3699734556545,46.88433784349,594.98950467631 2.3689939383594,46.884035239409,597.18362477981 2.3680781137043,46.883663712851,598.46577800065 2.3672222809478,46.883232784827,598.56388246641 2.3664479867802,46.882736726361,600.23469296377 2.3657477183033,46.882197840096,603.71741966903 2.3651657952729,46.88161344647,604.054834757 2.3646638298964,46.881009471387,601.37896726746 2.364285302563,46.880367275282,596.06884062476 2.3640376302759,46.879692839597,589.19930270966 2.3637954872108,46.878647467325,580.64344535396 2.3636177648327,46.876887827872,573.83713198081 2.363701478214,46.875837496838,571.79561939742 2.3640773802559,46.874108868298,569.2062811153 2.3644863030628,46.87310766295,565.86814663745 2.3650434226085,46.872138349041,561.42520847917 2.3659596421886,46.870915413311,562.05052389856 2.3670071058198,46.869776958432,561.22234946676 2.3682224250842,46.868729267152,554.93372972962 2.368927962456,46.868264658821,551.19428502955 2.3696994116738,46.867846349951,546.91730112955 2.3709604293061,46.867296785601,541.09668092988 2.3723152717208,46.866824457037,536.8474358134 2.3737430653155,46.866471157273,539.90118802432 2.3756683122886,46.866129988537,547.21376478113 2.3780319008763,46.86582674556,546.66907779966 2.3795195646655,46.86575112788,540.91197177861 2.3810447117293,46.865767736025,537.39632597007 2.3830948701684,46.86591882146,534.85896048322 2.3846154903862,46.866137232333,533.04231864586 2.3861076437908,46.866479502588,531.31532029714 2.3875498909995,46.866956063046,528.22220800631 2.3889177365389,46.867551814601,524.36460884474 2.390186236182,46.86827355518,523.17745725904 2.3909357553865,46.868810257768,525.70759026986 2.3916068752551,46.869386217518,530.18878926337 2.3924901951665,46.870298585485,539.97893716395 2.3934872288644,46.87155001884,549.49196370877 2.394057988198,46.872573772707,550.04105253797 2.3943296197084,46.87330424081,549.02460810449 2.3945872221697,46.874444396092,549.36286031082 2.3948148030696,46.876369261639,553.11615197081 2.394810604364,46.877141823226,555.23580876179 2.3946214736768,46.878692441565,557.59479227755 2.3942720736374,46.879849198791,554.99741608556 2.3936997744994,46.880998037008,555.43062589318 2.3929530473791,46.882073579627,562.70683959126 2.3920851328146,46.883059477844,568.69273565896 2.3914223869091,46.883656674095,570.45496022142 2.3906831393885,46.884199566987,570.8010660382 2.3894452877093,46.884926180683,569.35686326586 2.3885393388694,46.88534702432,569.73837429192 2.3871097347222,46.885904225849,576.42348038126 2.3856181583407,46.886371953339,586.89150378667 2.3821511397874,46.887446447693,618.16774837114 2.3808028808487,46.88808654337,634.1740211891 2.3799805897138,46.888583123758,643.79036760237 2.3784489050339,46.88964730097,650.36864782497 2.3766822075226,46.891153526473,654.54050767981 2.3754638306634,46.892456457253,665.10603049677 2.3736997022918,46.894806152225,687.0779975336 2.3708171364599,46.899069350748,711.35579343978 2.3694458995917,46.901208174471,730.13074650895 2.3677096628479,46.904902123666,752.41139118373 2.3658375496425,46.90951145935,770.14064360689 2.3646916360034,46.912600720835,789.5835769223 2.3634866355669,46.917417805384,819.4180776896 2.3630636432814,46.919081529917,834.3534148531 2.3623633786763,46.920714019507,851.61039512884 2.3601738942407,46.925113145873,879.47560619563 2.3585908290494,46.929562864845,903.34071691707 2.356870757614,46.933850380227,933.99160711374 2.3557394307397,46.936606201252,965.55993221514 2.3538340717973,46.941134768712,970.27629310824 2.35169090846,46.945497239434,967.495481438 2.3493842793159,46.949717397447,972.14178015571 2.3484157869105,46.951813812946,976.81561907474 2.3474935601295,46.954787062801,976.95711095817 2.3458820239148,46.95945495447,979.16970218159 2.3440439278449,46.964222652559,972.91412678827 2.3423086097441,46.968758817197,971.31703307293 2.3404754506096,46.973322720243,966.50960436743 2.3384050124563,46.97779475667,970.59395553451 2.3363762681956,46.982322543796,965.80658299662 2.3345078587419,46.986859305388,968.26669645403 2.333729340216,46.990097635932,965.03490152583 2.3325368896699,46.994678890928,963.22812032606 2.3308641881537,46.999163411557,960.79909391981 2.3296131698663,47.00376202541,959.18887893483 2.3284786360247,47.008288495148,959.92549056932 2.3272383667535,47.012762564067,961.51797652245 2.3256126271918,47.017579798872,961.27137773018 2.3240706672246,47.02196531658,964.26542560663 2.3224637609752,47.026372542237,980.57385733165 2.3209549842101,47.030880886535,970.80617340654 2.3193620475044,47.035509333569,968.16491329577 2.3180476749511,47.040168706484,966.4105825657 2.316931892109,47.04484225458,968.38348325063 2.3161221807992,47.049652869276,962.5896901479 2.3154804910369,47.05444164285,959.57607333921 2.3149124100746,47.059135125516,959.99799705576 2.3142222529501,47.063677460707,966.08502709959 2.3134409731309,47.068591876913,965.12864940055 2.31226938116,47.073463776796,968.50751564372 2.3107374539891,47.077973858357,965.4773814138 2.309607353095,47.082622350277,961.01060232427 2.3082996014112,47.087210093293,963.19362797588 2.3066788721264,47.091604323856,965.64031849336 2.304509018849,47.096318244309,964.03111444786 2.3023378066753,47.101019071172,961.57668348867 2.3001963631633,47.105676933267,964.58096330054 2.2981876073349,47.110336883861,966.33123988379 2.2964855247468,47.115117546913,966.98817822803 2.2957086690183,47.118801865399,961.85813836753 2.2949002071196,47.123434734207,959.39568627719 2.294023390049,47.127969876103,960.06647050753 2.2931643184396,47.132878731774,961.22020168975 2.2921171480824,47.137327196991,960.83775197621 2.2909427267805,47.141798551075,958.29567509517 2.2895209832537,47.146251233777,959.20824568067 2.2880905549369,47.150730079377,960.4161500046 2.2868175579477,47.155307807436,961.52722622175 2.2857014341934,47.160045283303,958.93489340134 2.2845567608764,47.164761225168,955.90088772122 2.2835883368367,47.169285031512,963.34072307311 2.2823936350388,47.173870073826,964.17878335901 2.281187543562,47.178651872834,955.14579706453 2.2799839686676,47.183285304005,958.4583452493 2.2787455207942,47.187915733618,958.84159973077 2.2777153808749,47.192569223746,961.10314664058 2.2764961373968,47.197254534021,957.06247631274 2.2751726744787,47.201837344475,959.89829936158 2.2735010026406,47.206293473557,959.6354806954 2.2722532518252,47.210816674267,954.52976879664 2.271331614314,47.215340114813,965.11387148965 2.2699388183364,47.220100657385,957.27957718074 2.2682034219385,47.224930715838,955.52196379472 2.2664676123211,47.229668843296,958.00982792117 2.26469392575,47.234324402239,962.24123142101 2.2627909937752,47.239118085572,962.4317860622 2.2611344780106,47.243510197518,959.89504604321 2.2594688966147,47.247927157482,955.67179428693 2.25775562274,47.252297851942,957.29323123209 2.2559069124229,47.257132740106,957.34457024094 2.2543140716973,47.261551239323,955.50960287265 2.2525249567346,47.26593614219,953.65810429677 2.2505477801184,47.270701326321,954.43980046827 2.2486267331266,47.275347667845,958.16137510166 2.2465893675743,47.279939982869,961.41758053564 2.2443487410845,47.284560833776,955.27918220684 2.2421677204957,47.28920097153,955.80927700456 2.2402074801846,47.29378196823,961.86516302917 2.2381854212492,47.298270799027,955.2075636927 2.2360921303774,47.302819140637,957.60285326093 2.2338194344457,47.307319169975,959.14822870959 2.2314553316342,47.311843521432,958.4926540358 2.2291167032815,47.316557240332,934.87425480597 2.2269395391882,47.321040334633,923.36003771797 2.2244166409332,47.325673178334,926.60513956286 2.2234898058182,47.327611476271,904.34924333915 2.2228755405796,47.329683578646,895.90672068112 2.2216738835105,47.334214550419,895.02367338538 2.2202455242327,47.338637424285,885.83545232471 2.2184175639353,47.343327908823,897.97218031529 2.2165998087429,47.348150443734,894.39851277694 2.2148139555183,47.352966522876,895.65383078065 2.2131049320312,47.357732682899,893.77353759576 2.2114438697597,47.36248205694,896.15616438352 2.209853694321,47.367235147826,898.43023769837 2.2084187482546,47.372021553727,892.7383873621 2.20668534018,47.37671225578,896.25203280244 2.205008536009,47.381464314342,892.84265269991 2.2039133322252,47.386384945482,888.9408337241 2.202809804842,47.391301227821,892.45040836092 2.2016726213391,47.396171914204,889.0771383075 2.2005513552481,47.401003550094,890.77634626906 2.1993270576974,47.405778991384,891.26132349763 2.1981216687509,47.410528306104,892.74797470961 2.1969723679488,47.415274025812,891.25124258548 2.1956512796772,47.419940224992,895.35856942181 2.1942377781456,47.424699020382,891.93043868802 2.1927354109731,47.429490239062,892.63034024462 2.1914081278687,47.434280513356,889.24466077331 2.1899051226342,47.439018256755,888.61574839894 2.1883558593876,47.443695124704,890.65982099716 2.1870876294012,47.448360570354,892.14576900005 2.1857020297302,47.453045333831,892.39518648665 2.1843464733194,47.457740509241,890.94642415829 2.1827363964119,47.462448319523,885.91344292182 2.1813767517002,47.467078191553,891.41867627297 2.1801873655795,47.471718791485,894.74415491521 2.1787635072453,47.476418008242,891.46654042322 2.1771498500524,47.481126773747,890.75477605406 2.1758142567962,47.485836686571,889.43536186032 2.1746176396258,47.490557320648,889.21652995422 2.1732920919227,47.495232502231,894.09588324279 2.1727633941702,47.498120023742,891.84559811652 2.1727171197636,47.500091374663,888.77559651434 2.173042315402,47.503019693134,889.07109180838 2.1741507097302,47.507782558371,889.97048871778 2.1752320840395,47.512505794444,892.88570131455 2.176035809009,47.517290411813,891.14481298067 2.1766342191584,47.522121899612,888.74097801931 2.1772284876472,47.526894754123,891.21006326191 2.1776631933197,47.531636740461,892.71212971583 2.1782318274391,47.536459252639,890.61967483442 2.1787929423199,47.541186047284,899.84806491435 2.1793580722897,47.545772087305,907.36916947365 2.1802256563736,47.550663643682,922.39208176732 2.1805940336989,47.554189843596,931.60430575907 2.1809167325072,47.557245875367,937.20618908294 2.1816703998508,47.561960371286,947.17564277723 2.1823223136829,47.566553957915,961.82106102165 2.1830809994357,47.571196828601,969.47447877843 2.184214909375,47.575969039405,972.62770407833 2.185338258272,47.580527982676,970.16056834999 2.1861063565616,47.585242823977,964.52861542534 2.1867237082132,47.589876526809,971.72754936665 2.1873822057997,47.594617154251,972.07734734844 2.18779869008,47.599130876776,964.24321020301 2.1882851485625,47.603668772941,963.09595188405 2.1889362003275,47.608602359427,965.44701621588 2.1897417467854,47.613456143737,968.62164929789 2.1903907939065,47.618407011569,963.29227362387 2.1911342176951,47.623319933924,967.00612138957 2.1919532233857,47.62823837412,964.12725845911 2.1927530125373,47.633038748074,966.15315556154 2.1933176699389,47.63778835472,969.32987261657 2.1939240632481,47.642668960012,968.54677523859 2.1945477595997,47.647264503262,966.27094725147 2.1952036883821,47.651961872816,960.49398387782 2.1958382296833,47.656585943422,965.82860369142 2.1964412099567,47.661165178093,965.74610450584 2.1971107846343,47.665782309174,964.61819497962 2.1977921429032,47.67036413719,964.61738032755 2.1985203615446,47.674971306419,965.77598076127 2.1993154440188,47.679645603983,962.79898294993 2.2000040158841,47.684330063004,963.6450321041 2.2005715230658,47.688965999094,966.53215380386 2.2010988063765,47.693666881946,962.58501156978 2.2017944100474,47.698312350572,966.8218220165 2.2023789095385,47.702968876737,963.96208591387 2.2025880453451,47.707638438111,964.52921595052 2.2026891742184,47.712316249823,963.45594984107 2.2027085217188,47.714867860404,966.44803087413 2.2026365559378,47.719442661784,967.05965503305 2.2026345317296,47.723031032626,966.43879285734 2.2027013159882,47.727691970928,967.89523769263 2.2027356611206,47.728734836236,968.42474513687 2.203094166754,47.733510075478,965.1758535672 2.203643497559,47.738384451931,959.68199347891 2.2043204104697,47.743170504903,961.96321686637 2.2050400829415,47.747831473287,964.36513538845 2.2057578040355,47.752479161329,962.35562077537 2.2063842354193,47.757083033377,963.86746136844 2.206968028953,47.761658470573,965.5320962742 2.2076116714378,47.766257207964,964.58240562119 2.2081762734874,47.770869644435,965.61329883523 2.2084738796577,47.775511896097,964.83608263358 2.2086013954884,47.780158112967,965.57069206331 2.2086586913387,47.784826263524,966.63643889688 2.2086500441027,47.787452257358,963.51692862064 2.2087449471555,47.792159918789,961.85710621439 2.2088355383516,47.796722956075,968.87557559274 2.2088783739291,47.801332805616,966.34631242882 2.2089695567584,47.806022895261,964.26218057424 2.2091482800284,47.810642426984,966.31991587579 2.2092730013654,47.815242786446,967.66476732213 2.209313357342,47.819933710149,962.1942349514 2.2093593205486,47.824518993961,965.32979700901 2.2093793189239,47.828524197857,969.30134147778 2.2093748908891,47.83209260644,965.81942252815 2.2094624014988,47.836740333561,964.46738699451 2.2095187185472,47.841371012209,962.81518500019 2.2096141155539,47.845925638937,967.43222197238 2.2096447818298,47.847943878833,968.24123383593 2.2096667897526,47.850488635883,966.53345742542 2.2096689120189,47.852026615395,965.8199291043 2.2096601697126,47.85666916863,964.05321281403 2.2096470549805,47.861310898659,963.36077085137 2.2096610055761,47.862335429252,964.02038641274 2.2097588349368,47.866959561269,966.21301145293 2.2098600168089,47.871663716373,964.42982309312 2.2098714485513,47.874806551494,963.18116649054 2.2099199782528,47.879501038101,964.60487092007 2.2099727476966,47.884152850359,964.68581338786 2.2100156874021,47.888800950841,963.9914345555 2.2100047887693,47.890867742644,964.74897748791 2.2099768495672,47.895539224806,966.08503593598 2.2100108393406,47.900339485119,960.61279649474 2.2100958319767,47.904068622239,962.1622844385 2.2102713597196,47.908784306592,964.30044153426 2.2102910135461,47.910363802005,964.19349132385 2.2103228068207,47.912479483624,964.414883513 2.2103260347093,47.913008968601,964.86533816438 2.2103433638056,47.913538727088,965.73663185816 2.2103807362581,47.915663872711,966.95850222092 2.2104082642599,47.916730671979,967.45367934648 2.2105080844429,47.921591894993,958.72291589342 2.2105301815417,47.926348836169,965.16757263802 2.2105271830454,47.926869433104,965.81856783945 2.2105296191547,47.927390509537,966.09713937715 2.2105166956129,47.927911659108,966.19781133905 2.2105065455568,47.930004818254,963.44840801228 2.2106006903724,47.934747786632,957.65054062195 2.2106443774552,47.938799960722,965.72872911766 2.2106099632367,47.943297504562,965.7477490278 2.2106705708052,47.94785275119,963.14490058832 2.2107487600086,47.952362824497,965.03977317642 2.210814827783,47.957352407089,965.63414044771 2.2108128212306,47.958341956031,966.93544007 2.2108043653076,47.958836583936,967.81752771232 2.2108080316076,47.959830728122,968.3956197286 2.210867602175,47.9643571969,964.95418605674 2.2109759339719,47.968930898314,968.47759527061 2.2111229737324,47.973589297601,967.47591783013 2.2112533565131,47.978320259324,967.21655346267 2.2113433763146,47.983084090855,964.25185525324 2.2114159159312,47.987826185034,965.2202059906 2.2114312360573,47.990961531135,964.943257696 2.2114346308424,47.991479986219,965.23048365954 2.2114193780296,47.992516556108,965.92976151593 2.2114017366583,47.996134956677,965.48314249795 2.2113978882582,47.996653150356,965.28431754 2.2113996011007,47.997169120235,964.86080774479 2.2114172918369,48.001847965107,962.16857236251 2.2114195415998,48.004416791857,964.76811032463 2.2113394088039,48.008979418769,969.33789856266 2.2112646469236,48.013620383579,966.20079658087 2.2112657762286,48.014675726896,966.2239293186 2.2113861711918,48.019479929368,965.94973656256 2.2116711282344,48.024340941391,961.85424289294 2.2121873029172,48.02806382115,962.95257933997 2.2135634431274,48.032765243194,963.26344381087 2.2139173224615,48.034813935109,966.40606771782 2.2139545057381,48.036848122783,966.87613074668 2.2136227210189,48.039373342665,966.31081569474 2.2125281385071,48.043849563824,966.70825470705 2.2112925497875,48.048764490024,968.42373946216 2.2097610736874,48.053641195097,968.12948102783 2.2081226024001,48.058026388373,968.40283916239 2.2062508919102,48.062378866435,969.37374212872 2.2041969105285,48.066786040721,967.03702394105 2.2021796479877,48.071211856515,965.96718700416 2.2000084037765,48.075568210459,966.68960483186 2.1976973803557,48.07990028162,964.35919536464 2.1953898573553,48.084200441454,965.67200965062 2.1930826554965,48.088483090031,965.75667672697 2.1908090069217,48.092812101545,963.55942351185 2.1885063030715,48.097074103154,967.27458824217 2.186136843641,48.101318797633,968.91444023978 2.1837972093896,48.105687794291,964.46611560322 2.1815744240312,48.11014549986,963.05397149175 2.1793561814948,48.114509767554,965.54631642718 2.1771363843908,48.118843686178,963.52090775222 2.1749507275464,48.123135441116,965.943292059 2.1724631785824,48.127843232017,964.73161051609 2.1699193935006,48.132543641268,964.42966727447 2.167682591759,48.136832282305,961.0193844866 2.1652436993272,48.141463438259,963.75953004882 2.162558663076,48.145926195751,966.38657365181 2.1596244521374,48.150255053979,966.32640786842 2.1565982193119,48.154571343157,964.21107728779 2.1536082761336,48.158879394495,967.91572744958 2.1505955448184,48.163269041445,966.34290271066 2.1475320599329,48.167795350834,965.5725165708 2.1447790936332,48.171957514495,965.13768977951 2.1418651514655,48.17605266338,964.0751445489 2.1389224692911,48.180185053616,962.90631227475 2.136023886884,48.184349185735,963.57736594323 2.1332054639921,48.188543442803,962.80928606074 2.1304178519351,48.192716081521,962.7285746485 2.1276363419677,48.196867585649,959.81612775009 2.124633936743,48.201357738078,965.72355023865 2.121526748582,48.205806829842,962.96369801462 2.1186963526536,48.209903890183,962.78005598672 2.1159430583222,48.214021821851,965.26719954424 2.1131378748522,48.218187354436,964.36135712266 2.1101886492433,48.222453340839,961.55700842012 2.1071925193242,48.226725775608,960.81955196336 2.1042003866932,48.230970423608,961.71556507144 2.1012923863764,48.235209813086,961.19016597141 2.0983977952512,48.239362005677,963.94226921163 2.095461999246,48.243531220127,962.50660387054 2.0925303478339,48.247762389134,960.6489886865 2.0896337144783,48.251987268862,961.36209548637 2.0867650908479,48.256238781441,958.30438365601 2.0839344730928,48.260416902428,961.3403974995 2.0810964481241,48.264557463475,960.02518466581 2.0782117652605,48.268630805291,959.81517297868 2.0751322075958,48.273156715288,961.28610284626 2.0720915734763,48.277654894101,965.09120151773 2.0689740721384,48.282172437151,958.7916038651 2.0659510635589,48.286555243214,958.78616932221 2.0631304809479,48.290666348774,965.28228057548 2.0600763885667,48.295124042065,965.73500059266 2.0570210072119,48.299340182604,943.70290021505 2.0537733420628,48.30362529633,943.80717088096 2.0502986943025,48.307746852479,938.90774485469 2.0467852737439,48.311781284882,943.01807007007 2.0433716790967,48.31590411883,943.05751053151 2.0398941496507,48.320142020812,939.85045204032 2.0363680868704,48.324327106596,943.45493929833 2.0326892816398,48.328545419929,937.01828545704 2.0291273264365,48.332798258913,939.7771628201 2.0256954705768,48.336967001589,941.81024945155 2.0221704606514,48.341165252619,942.31012093462 2.0185723149447,48.345398266415,942.48891332839 2.0147493612544,48.349692973433,929.81794514973 2.0110981175796,48.353589306692,925.26705580577 2.0071633476451,48.357724839088,919.07121771667 2.0031709692495,48.361951141179,893.13595307805 1.9998125751356,48.365922568219,874.21595848631 1.9965876530582,48.370009975618,852.31318016071 1.9936962505209,48.374263710731,836.20598398894 1.9909015112741,48.378421188479,824.75645421259 1.9878573491525,48.382572387659,805.0528027853 1.9848178762581,48.386599126087,801.39102607593 1.9814012438716,48.390487642144,779.97890319116 1.9779796984188,48.394365239877,769.90384554025 1.9739765898172,48.398473246576,763.06339026242 1.9699070428322,48.402483709909,748.65391663555 1.9656852376663,48.405997151781,727.6976242559 1.9613171712584,48.40947572844,709.53788435459 1.9559322656723,48.412928806717,689.14000648167 1.950425203241,48.416193668568,672.46566268895 1.9447266252542,48.419306790182,657.03913307097 1.9391436085193,48.422110512618,663.50671906956 1.9330048297452,48.424866557712,653.80097351037 1.9270556978038,48.427788431066,657.27484988701 1.9212044087802,48.430521087295,659.87687806599 1.9151165694445,48.43308186177,654.42665093858 1.9105501917468,48.434696930015,662.17702278402 1.904017005042,48.436512663561,658.36994580925 1.8973654965197,48.438348895457,662.66561679821 1.890912346638,48.440538894414,664.20100174379 1.884531518057,48.442527175051,671.44220717717 1.8780740971877,48.444694236193,664.73272678629 1.8719047283644,48.446605931773,660.82013222668 1.8652531573564,48.448787526585,662.07527267747 1.8592666086746,48.450954225765,650.27512376197 1.8530882644313,48.453293985004,643.1146081537 1.8468016606955,48.455762738208,642.73402111605 1.840607191449,48.45807049869,648.9511558488 1.8346952793905,48.460480816482,651.78322230838 1.8287509081743,48.462928951971,650.11393074878 1.8228247584301,48.465449291705,649.238928915 1.8168797145187,48.468007199767,648.9872130584 1.8110352202083,48.470730776069,652.62313971575 1.8053765339998,48.473506004327,649.4765291959 1.7996442002634,48.476088437961,652.33997430559 1.7938286271433,48.478666863755,651.69262974523 1.7881051642855,48.481289217154,649.48779150471 1.7837030127936,48.483625614862,649.75572962128 1.7822369546016,48.484651254443,648.35461443663 1.7804849218659,48.486160547734,647.26747978106 1.779364884144,48.487388022628,648.54248283524 1.7781004691584,48.489111149642,651.33046125714 1.7767928466375,48.491358001787,651.45202038903 1.7745577264323,48.495982223353,649.74707669951 1.7722815894326,48.500525989866,654.97565795016 1.7699117827861,48.505057060363,656.70518032741 1.7673198949656,48.509652799052,648.96270207968 1.7647724777409,48.514327460701,648.63250418007 1.7621520469637,48.518934433019,648.83041685354 1.7610669021885,48.521318281915,650.68440460972 1.7605191744171,48.523298633708,650.02026601043 1.7602921405687,48.525311974761,647.3136349963 1.7603076381998,48.526815171461,647.13301844895 1.7607528726921,48.530255442875,654.6791439373 1.7620276460925,48.535088872361,650.38132316153 1.763256243528,48.539911732616,651.46076858975 1.764427512444,48.544701039974,656.52144629601 1.7659606226142,48.549477907723,652.70080719609 1.7674931396882,48.553894757505,649.57109995931 1.7688796187715,48.558798369695,654.07838200219 1.7701692644504,48.563700814899,649.74711594824 1.7713772679745,48.568576484721,649.66798949242 1.7725710561,48.573361475366,650.39719645772 1.7737882817028,48.578174877071,647.25612101424 1.7751599944663,48.582975731512,651.64635057375 1.776356964701,48.587740313526,652.16578680277 1.777503123683,48.592571460837,652.59329791926 1.7786978109523,48.597419942013,654.04522367194 1.7799576073741,48.602285066669,655.91768161207 1.7807671820657,48.607247779214,653.69385073427 1.7810743566924,48.611749727752,652.74374960735 1.7810772192978,48.613255201453,652.97727226466 1.7810475426391,48.616253132736,652.62585611269 1.7812579396609,48.620788904579,651.26731616072 1.7814329778696,48.625721836108,655.05486088898 1.7814685964413,48.630669674503,652.14812664781 1.7814758552739,48.633164918538,652.01207376923 1.7814774482169,48.633664850507,651.93261895981 1.7814725866051,48.634663463116,651.80709260795 1.7814681029419,48.637165287103,653.62646520045 1.781456496788,48.638164513008,653.25744203385 1.7814479108633,48.640163406882,654.04416451417 1.7814494939279,48.641160010287,654.29611912556 1.7813124992838,48.646149218807,650.28370951302 1.7812838566103,48.649138687047,650.86204042844 1.7814165225173,48.654051065665,650.92631813139 1.7814808322915,48.657436388589,654.09159651864 1.7813698995889,48.66223895865,652.15134772472 1.7807662503435,48.666964018707,655.35771384928 1.7799512176127,48.67168016759,653.22491459176 1.7789236343951,48.676373271597,657.20164280664 1.7778054400263,48.681189984447,651.92040579766 1.7767025616672,48.686025085117,654.12508149911 1.7755129019792,48.690770096405,654.82801012509 1.7740533342287,48.695523390071,649.75310781877 1.7733105183717,48.69689785197,650.51792773511 1.770696720897,48.701307576931,653.3021967914 1.7682425252588,48.705299994207,645.59326140676 1.7651807975797,48.709570864983,641.40487418883 1.7620975852374,48.713992362296,628.70879349299 1.7588137816126,48.718405171747,631.51705095824 1.7553575165513,48.722717742894,641.35204691067 1.7522946540581,48.726050876846,628.77099712659 1.7486437099477,48.729467457349,597.12422154192 1.7441211533425,48.73324874157,587.21730576083 1.7398362870155,48.737005168612,565.50239778869 1.7356266142557,48.740567160645,567.77892451175 1.7311322528212,48.744169096509,562.06352134235 1.7266178560409,48.747697121678,551.10268133692 1.7227339810146,48.750425867519,537.60496372357 1.7175784579139,48.753364623625,533.34267212171 1.7121682792421,48.756186654575,528.08836133871 1.7069853445495,48.759150729105,518.81893074699 1.7016476492554,48.762601292625,512.91433130018 1.6967666372958,48.765872346315,509.41080250498 1.6918172978134,48.769186727464,509.69618655927 1.6867786909987,48.772365440668,506.99080957379 1.6815891189573,48.775465750474,509.35214667208 1.6761794869956,48.778335824901,512.61181620974 1.6705135386863,48.781328503488,508.65919111483 1.665040029574,48.784461488462,510.39870133251 1.659595361876,48.787703574099,508.70042187069 1.6575571911428,48.789152327748,505.39077597205 1.6557471742528,48.790770774225,503.46769725718 1.6541876084914,48.792520250162,504.73924941197 1.6518794774006,48.795696514117,507.26895695645 1.6489414751912,48.800248750172,509.65079395194 1.6462375051895,48.804378108042,506.82306719944 1.6434410622317,48.808485176091,506.52281804755 1.6403599796352,48.81303872304,510.54470603354 1.6376556561996,48.817210570288,507.3284181254 1.6370333746985,48.818707288577,506.3256803425 1.6366260410937,48.820255456983,502.45941182133 1.6364923446273,48.821822189964,500.94920026325 1.6365030294365,48.82234187607,501.12455635983 1.6367013111183,48.823875365442,507.55999360047 1.6371307120223,48.82536785459,505.63212749362 1.6379940948255,48.827304386711,503.39769219887 1.6391135502457,48.829155724829,503.8237262601 1.640499535884,48.830903561769,503.40078680031 1.6436666373322,48.834159429356,514.8253703434 1.6480981377116,48.838156248888,501.65188331436 1.6524839168858,48.842171398069,505.42999976687 1.6564775364182,48.846235956153,509.0033188425 1.6606195946813,48.850232707407,510.60246470571 1.6650764950756,48.854115696112,509.5559126921 1.6691006113972,48.857782350818,506.193092837 1.6735020121757,48.861771608046,510.60821529105 1.6779384305117,48.86577134332,507.00301525835 1.6819071702951,48.869498628027,501.85770865716 1.6859456410634,48.873633365002,505.41461420059 1.69011948938,48.877654004861,512.84738545399 1.6941107639598,48.881300764129,507.3970874818 1.6983762521629,48.88493708184,487.12130410969 1.7031908995059,48.888287167236,470.16186095867 1.7082284875538,48.891495623482,457.48662054911 1.7132427973733,48.894743371358,447.10955130495 1.7179257612599,48.898166795423,441.84909302928 1.7223542378166,48.901619188815,437.52779363468 1.726910449471,48.905285947023,436.67549166083 1.7311376538682,48.908992558234,449.18399565574 1.7357575899605,48.912796940442,440.88256281801 1.7402550707905,48.916346623068,433.20021523628 1.7442180602288,48.919441071082,431.74840306118 1.7458994315513,48.920433507228,429.35772053897 1.7476909449808,48.92130705712,430.02241155505 1.749560207107,48.922039958634,434.5749902809 1.7514846062091,48.922639821586,435.77016004175 1.7534813636616,48.923077142957,434.18837512936 1.7555404842675,48.923366396897,430.4803922791 1.7582773638435,48.923590033916,432.78681972157 1.7655987203368,48.923878848721,440.65227238648 1.7724146203109,48.924152539015,438.60020839423 1.7792324324613,48.924497601945,435.3550906321 1.7865873158333,48.92498734102,439.81554640271 1.7940299852106,48.925488156634,439.931837813 1.8014171275799,48.926124148852,441.02752175648 1.808299088452,48.926469371911,432.44932335708 1.8151109118563,48.926742349379,437.83119970467 1.8225429300125,48.927083076674,438.00377334841 1.8293594085084,48.927355346767,433.70854445174 1.8365207057503,48.927879792979,442.92216176447 1.8439943319945,48.928226564959,436.19660457503 1.8508936847684,48.928591931879,432.84989255946 1.8580645737054,48.929040478999,418.84659563377 1.8653404938515,48.929514019304,400.40549539495 1.8725764789507,48.929976326454,383.99063948449 1.879749306139,48.930190060827,376.52276236657 1.8870528309852,48.930486574599,357.09942649771 1.8943232647445,48.93087369133,359.6073703561 1.901436984417,48.93145963419,359.80225623026 1.9083988696056,48.932019043437,353.75584312715 1.9156836140586,48.93249668714,359.55787095614 1.9226298746415,48.932840467534,368.82187636755 1.9296226378971,48.933069839106,360.52361414209 1.936419989469,48.933469994046,366.44817414973 1.9432225818851,48.933896863171,362.09506977629 1.9505771933053,48.934365427459,359.95761955995 1.9575400610894,48.934864246307,343.87669189181 1.9633178806443,48.935468138377,341.81901837979 1.9652447973323,48.93589913398,339.09337805863 1.9684280054486,48.936836993298,335.93806427997 1.9741128237601,48.938562601991,333.35508769006 1.9804924732993,48.940305369324,326.50936243404 1.9822865478343,48.941045172731,324.90078114439 1.9839887740433,48.941932673859,322.57733730506 1.9855956003794,48.942941077939,314.21549064945 1.9870395949895,48.944077315664,312.75858311541 1.9878307438884,48.944902230191,316.78729883861 1.9884419642014,48.945772999533,322.23288768902 1.9888565661437,48.946672386815,329.10104061477 1.9891363208709,48.947574566303,333.29637772404 1.9893752840656,48.948923727019,339.57854674757 1.9893784932199,48.950277720755,343.09466225468 1.9890116852431,48.952548674057,337.21841851529 1.9885574402945,48.953913309019,332.29956610501 1.987827976854,48.955260201962,328.71315800678 1.9869188287585,48.95657427444,327.87309081852 1.9857967223554,48.957793626285,324.9358462235 1.9836837019727,48.959672883796,319.2180996947 1.9822595084087,48.960690766195,314.15485445131 1.9807088105332,48.961602618533,306.70442853589 1.9795923808988,48.962118018172,307.77104026638 1.9778673787957,48.962747094196,314.9417061368 1.976126151547,48.963219340087,320.92475734092 1.9749474930978,48.963435680588,322.52070322074 1.9737562076939,48.963557803669,323.65337890759 1.9719882121685,48.963613870111,321.51180398371 1.9698113342541,48.963527729052,334.91542663984 1.9633808668965,48.963083044866,338.55084259342 1.96048051363,48.962562889437,343.20845595933 1.9590264587415,48.962278169725,339.82447443064 1.9586288638157,48.962118921457,338.58450330608 1.9582762405868,48.961951864273,337.48359048553 1.9558759905916,48.961958829349,335.89078849647 1.9542877411164,48.961890313195,336.38978811912 1.9521178245581,48.961919501,334.01459508948 1.9450689041648,48.962115220767,339.10388345458 1.9379474534457,48.962426107507,341.02348791342 1.9306380103655,48.962770456892,348.42829231359 1.9271811311876,48.963101005857,335.4389951406 1.9260116622984,48.963347969928,334.56079636514 1.9243114413303,48.963826527932,334.37663283665 1.9210206471829,48.964979446704,329.48945691343 1.9177905453358,48.966370705432,322.34957944322 1.9151908918118,48.967761387132,319.6050938135 1.9099370001136,48.971163765177,328.31720675714 1.9049465654672,48.974690137061,332.46157612093 1.8999593706952,48.978283617157,326.04268184211 1.8951903885847,48.982083534,308.93964033388 1.8907191337989,48.985987480888,289.79321853444 1.8889487584931,48.987798973403,273.79106254876 1.8881029460507,48.988950011644,261.26541510131 1.8877302250874,48.989771672311,249.3561013462 1.8875284693334,48.990621518738,238.43950123806 1.8875259511334,48.991480058448,228.91772346757 1.8876154412512,48.991901919233,224.03799663391 1.887937224318,48.992718586974,214.69134094287 1.8881759214629,48.993103775927,210.92254743446 1.8884668844304,48.993465748771,208.02147076651 1.8891498699829,48.994126330309,201.58510836959 1.8899183440745,48.994731908589,197.48629178759 1.8911654074162,48.995547972496,196.56279237103 1.8924879170648,48.996214429417,201.55584760848 1.8947622668629,48.997123620901,198.41823373083 1.897631847132,48.998056216723,191.08093635645 1.9035843700541,48.999697762356,173.03329660743 1.9056923441752,49.000047898887,167.45901823603 1.9105321314486,49.000633602766,142.69222991914 1.915934968,49.000853272902,120.84627413843 1.9174961373228,49.000817458191,111.99489974976 1.9207359105366,49.000510764354,112.3005027771 1.9227654861962,49.000286668888,111.69020182732 1.9256220505139,49.000048862718,89.161130597815 1.9300416737582,48.999439567708,56.734753477387 1.9370366249778,48.998652681933,28.709569355473 1.9412114685949,48.998208008342,28.296367923729 1.941429421923,48.998148511668,28.46115856804 1.9416308943992,48.998077574838,28.624767774716 1.9418961113004,48.997871345215,28.700662544928 1.9415126055992,48.997744526542,28.679028397426 1.9411757821783,48.997775634227,28.711582341231 1.9401576827575,48.997853661483,28.321099206805 1.9357805932201,48.99835206631,30.191373530775 1.9353450512626,48.998272366101,30.11482027173 1.9351406795413,48.997993014464,30.245605412871 1.9349593909569,48.997716721617,30.272597093135</coordinates>
                </LineString>
            </Placemark>
            <Folder>
                <name>Points</name>
                <Style>
                    <ListStyle>
                        <listItemType>check</listItemType>
                        <bgColor>00ffffff</bgColor>
                        <maxSnippetLines>2</maxSnippetLines>
                    </ListStyle>
                </Style>
                
                <Placemark>
                    <name>13:04:24 - 3 kts - 556 ft</name>
                    <visibility>0</visibility>
                    <description>latitude: 46.868972
longitude: 2.370836
altitude: 170 m / 556 ft
elevation: 163 m / 535 ft
course: 196°
speed: 3 kts
</description>
                    <LookAt>
                        <longitude>2.3708358560524</longitude>
                        <latitude>46.868972069575</latitude>
                        <altitude>0</altitude>
                        <heading>0</heading>
                        <tilt>70</tilt>
                        <range>3000</range>
                        <gx:altitudeMode>relativeToSeaFloor</gx:altitudeMode>
                    </LookAt>
                    <styleUrl>#msn_ylw-pushpin0</styleUrl>
                    <Point>
                        <extrude>1</extrude>
                        <altitudeMode>absolute</altitudeMode>
                        <gx:drawOrder>1</gx:drawOrder>
                        <coordinates>2.3708358560524,46.868972069575,169.56195142213</coordinates>
                    </Point>
                </Placemark>
                
                <Placemark>
                    <name>13:04:42 - 5 kts - 558 ft</name>
                    <visibility>0</visibility>
                    <description>latitude: 46.869058
longitude: 2.370461
altitude: 170 m / 558 ft
elevation: 163 m / 535 ft
course: 357°
speed: 5 kts
</description>
                    <LookAt>
                        <longitude>2.3704612601627</longitude>
                        <latitude>46.869057571219</latitude>
                        <altitude>0</altitude>
                        <heading>0</heading>
                        <tilt>70</tilt>
                        <range>3000</range>
                        <gx:altitudeMode>relativeToSeaFloor</gx:altitudeMode>
                    </LookAt>
                    <styleUrl>#msn_ylw-pushpin0</styleUrl>
                    <Point>
                        <extrude>1</extrude>
                        <altitudeMode>absolute</altitudeMode>
                        <gx:drawOrder>1</gx:drawOrder>
                        <coordinates>2.3704612601627,46.869057571219,170.05653924029</coordinates>
                    </Point>
                </Placemark>
                
                <Placemark>
                    <name>13:04:53 - 6 kts - 562 ft</name>
                    <visibility>0</visibility>
                    <description>latitude: 46.869348
longitude: 2.370435
altitude: 171 m / 562 ft
elevation: 163 m / 535 ft
course: 357°
speed: 6 kts
</description>
                    <LookAt>
                        <longitude>2.3704354127323</longitude>
                        <latitude>46.86934844327</latitude>
                        <altitude>0</altitude>
                        <heading>0</heading>
                        <tilt>70</tilt>
                        <range>3000</range>
                        <gx:altitudeMode>relativeToSeaFloor</gx:altitudeMode>
                    </LookAt>
                    <styleUrl>#msn_ylw-pushpin0</styleUrl>
                    <Point>
                        <extrude>1</extrude>
                        <altitudeMode>absolute</altitudeMode>
                        <gx:drawOrder>1</gx:drawOrder>
                        <coordinates>2.3704354127323,46.86934844327,171.33096850663</coordinates>
                    </Point>
                </Placemark>
                
                <Placemark>
                    <name>13:08:13 - 6 kts - 563 ft</name>
                    <visibility>0</visibility>
                    <description>latitude: 46.869626
longitude: 2.370390
altitude: 172 m / 563 ft
elevation: 163 m / 535 ft
course: 351°
speed: 6 kts
</description>
                    <LookAt>
                        <longitude>2.3703898616189</longitude>
                        <latitude>46.869625628465</latitude>
                        <altitude>0</altitude>
                        <heading>0</heading>
                        <tilt>70</tilt>
                        <range>3000</range>
                        <gx:altitudeMode>relativeToSeaFloor</gx:altitudeMode>
                    </LookAt>
                    <styleUrl>#msn_ylw-pushpin0</styleUrl>
                    <Point>
                        <extrude>1</extrude>
                        <altitudeMode>absolute</altitudeMode>
                        <gx:drawOrder>1</gx:drawOrder>
                        <coordinates>2.3703898616189,46.869625628465,171.58449614048</coordinates>
                    </Point>
                </Placemark>
                
                <Placemark>
                    <name>13:08:22 - 6 kts - 564 ft</name>
                    <visibility>0</visibility>
                    <description>latitude: 46.869899
longitude: 2.370323
altitude: 172 m / 564 ft
elevation: 163 m / 535 ft
course: 357°
speed: 6 kts
</description>
                    <LookAt>
                        <longitude>2.3703230148007</longitude>
                        <latitude>46.869899256729</latitude>
                        <altitude>0</altitude>
                        <heading>0</heading>
                        <tilt>70</tilt>
                        <range>3000</range>
                        <gx:altitudeMode>relativeToSeaFloor</gx:altitudeMode>
                    </LookAt>
                    <styleUrl>#msn_ylw-pushpin0</styleUrl>
                    <Point>
                        <extrude>1</extrude>
                        <altitudeMode>absolute</altitudeMode>
                        <gx:drawOrder>1</gx:drawOrder>
                        <coordinates>2.3703230148007,46.869899256729,171.91730605997</coordinates>
                    </Point>
                </Placemark>
                
                <Placemark>
                    <name>13:09:17 - 10 kts - 566 ft</name>
                    <visibility>0</visibility>
                    <description>latitude: 46.869997
longitude: 2.370756
altitude: 173 m / 566 ft
elevation: 164 m / 538 ft
course: 83°
speed: 10 kts
</description>
                    <LookAt>
                        <longitude>2.3707564024197</longitude>
                        <latitude>46.869997047864</latitude>
                        <altitude>0</altitude>
                        <heading>0</heading>
                        <tilt>70</tilt>
                        <range>3000</range>
                        <gx:altitudeMode>relativeToSeaFloor</gx:altitudeMode>
                    </LookAt>
                    <styleUrl>#msn_ylw-pushpin0</styleUrl>
                    <Point>
                        <extrude>1</extrude>
                        <altitudeMode>absolute</altitudeMode>
                        <gx:drawOrder>1</gx:drawOrder>
                        <coordinates>2.3707564024197,46.869997047864,172.57960325573</coordinates>
                    </Point>
                </Placemark>
                
                <Placemark>
                    <name>13:09:40 - 55 kts - 654 ft</name>
                    <visibility>0</visibility>
                    <description>latitude: 46.870454
longitude: 2.377430
altitude: 199 m / 654 ft
elevation: 164 m / 538 ft
course: 86°
speed: 55 kts
</description>
                    <LookAt>
                        <longitude>2.3774295868196</longitude>
                        <latitude>46.870453783118</latitude>
                        <altitude>0</altitude>
                        <heading>0</heading>
                        <tilt>70</tilt>
                        <range>3000</range>
                        <gx:altitudeMode>relativeToSeaFloor</gx:altitudeMode>
                    </LookAt>
                    <styleUrl>#msn_ylw-pushpin0</styleUrl>
                    <Point>
                        <extrude>1</extrude>
                        <altitudeMode>absolute</altitudeMode>
                        <gx:drawOrder>1</gx:drawOrder>
                        <coordinates>2.3774295868196,46.870453783118,199.25935663749</coordinates>
                    </Point>
                </Placemark>
                
                <Placemark>
                    <name>13:09:50 - 55 kts - 758 ft</name>
                    <visibility>0</visibility>
                    <description>latitude: 46.870630
longitude: 2.381127
altitude: 231 m / 758 ft
elevation: 164 m / 538 ft
course: 88°
speed: 55 kts
</description>
                    <LookAt>
                        <longitude>2.3811274295717</longitude>
                        <latitude>46.870630377482</latitude>
                        <altitude>0</altitude>
                        <heading>0</heading>
                        <tilt>70</tilt>
                        <range>3000</range>
                        <gx:altitudeMode>relativeToSeaFloor</gx:altitudeMode>
                    </LookAt>
                    <styleUrl>#msn_ylw-pushpin0</styleUrl>
                    <Point>
                        <extrude>1</extrude>
                        <altitudeMode>absolute</altitudeMode>
                        <gx:drawOrder>1</gx:drawOrder>
                        <coordinates>2.3811274295717,46.870630377482,231.07508109044</coordinates>
                    </Point>
                </Placemark>
                
                <Placemark>
                    <name>13:10:00 - 50 kts - 860 ft</name>
                    <visibility>0</visibility>
                    <description>latitude: 46.870781
longitude: 2.384674
altitude: 262 m / 860 ft
elevation: 167 m / 548 ft
course: 85°
speed: 50 kts
</description>
                    <LookAt>
                        <longitude>2.3846743930384</longitude>
                        <latitude>46.870780662977</latitude>
                        <altitude>0</altitude>
                        <heading>0</heading>
                        <tilt>70</tilt>
                        <range>3000</range>
                        <gx:altitudeMode>relativeToSeaFloor</gx:altitudeMode>
                    </LookAt>
                    <styleUrl>#msn_ylw-pushpin0</styleUrl>
                    <Point>
                        <extrude>1</extrude>
                        <altitudeMode>absolute</altitudeMode>
                        <gx:drawOrder>1</gx:drawOrder>
                        <coordinates>2.3846743930384,46.870780662977,262.01790601294</coordinates>
                    </Point>
                </Placemark>
                
                <Placemark>
                    <name>13:10:15 - 63 kts - 929 ft</name>
                    <visibility>0</visibility>
                    <description>latitude: 46.871302
longitude: 2.390340
altitude: 283 m / 929 ft
elevation: 167 m / 548 ft
course: 78°
speed: 63 kts
</description>
                    <LookAt>
                        <longitude>2.3903397460885</longitude>
                        <latitude>46.871301841499</latitude>
                        <altitude>0</altitude>
                        <heading>0</heading>
                        <tilt>70</tilt>
                        <range>3000</range>
                        <gx:altitudeMode>relativeToSeaFloor</gx:altitudeMode>
                    </LookAt>
                    <styleUrl>#msn_ylw-pushpin0</styleUrl>
                    <Point>
                        <extrude>1</extrude>
                        <altitudeMode>absolute</altitudeMode>
                        <gx:drawOrder>1</gx:drawOrder>
                        <coordinates>2.3903397460885,46.871301841499,283.17567636166</coordinates>
                    </Point>
                </Placemark>
                
                <Placemark>
                    <name>13:10:17 - 64 kts - 944 ft</name>
                    <visibility>0</visibility>
                    <description>latitude: 46.871493
longitude: 2.391159
altitude: 288 m / 944 ft
elevation: 168 m / 551 ft
course: 71°
speed: 64 kts
</description>
                    <LookAt>
                        <longitude>2.391159162473</longitude>
                        <latitude>46.871493205522</latitude>
                        <altitude>0</altitude>
                        <heading>0</heading>
                        <tilt>70</tilt>
                        <range>3000</range>
                        <gx:altitudeMode>relativeToSeaFloor</gx:altitudeMode>
                    </LookAt>
                    <styleUrl>#msn_ylw-pushpin0</styleUrl>
                    <Point>
                        <extrude>1</extrude>
                        <altitudeMode>absolute</altitudeMode>
                        <gx:drawOrder>1</gx:drawOrder>
                        <coordinates>2.391159162473,46.871493205522,287.74534350727</coordinates>
                    </Point>
                </Placemark>
                
                <Placemark>
                    <name>13:10:19 - 67 kts - 958 ft</name>
                    <visibility>0</visibility>
                    <description>latitude: 46.871742
longitude: 2.391982
altitude: 292 m / 958 ft
elevation: 168 m / 551 ft
course: 66°
speed: 67 kts
</description>
                    <LookAt>
                        <longitude>2.3919824052127</longitude>
                        <latitude>46.871741579356</latitude>
                        <altitude>0</altitude>
                        <heading>0</heading>
                        <tilt>70</tilt>
                        <range>3000</range>
                        <gx:altitudeMode>relativeToSeaFloor</gx:altitudeMode>
                    </LookAt>
                    <styleUrl>#msn_ylw-pushpin0</styleUrl>
                    <Point>
                        <extrude>1</extrude>
                        <altitudeMode>absolute</altitudeMode>
                        <gx:drawOrder>1</gx:drawOrder>
                        <coordinates>2.3919824052127,46.871741579356,292.05006179307</coordinates>
                    </Point>
                </Placemark>
                
                <Placemark>
                    <name>13:10:21 - 70 kts - 970 ft</name>
                    <visibility>0</visibility>
                    <description>latitude: 46.872085
longitude: 2.392784
altitude: 296 m / 970 ft
elevation: 175 m / 574 ft
course: 58°
speed: 70 kts
</description>
                    <LookAt>
                        <longitude>2.3927836961411</longitude>
                        <latitude>46.872084654612</latitude>
                        <altitude>0</altitude>
                        <heading>0</heading>
                        <tilt>70</tilt>
                        <range>3000</range>
                        <gx:altitudeMode>relativeToSeaFloor</gx:altitudeMode>
                    </LookAt>
                    <styleUrl>#msn_ylw-pushpin0</styleUrl>
                    <Point>
                        <extrude>1</extrude>
                        <altitudeMode>absolute</altitudeMode>
                        <gx:drawOrder>1</gx:drawOrder>
                        <coordinates>2.3927836961411,46.872084654612,295.68361491803</coordinates>
                    </Point>
                </Placemark>
                
                <Placemark>
                    <name>13:10:23 - 72 kts - 989 ft</name>
                    <visibility>0</visibility>
                    <description>latitude: 46.872491
longitude: 2.393560
altitude: 301 m / 989 ft
elevation: 175 m / 574 ft
course: 52°
speed: 72 kts
</description>
                    <LookAt>
                        <longitude>2.3935596881466</longitude>
                        <latitude>46.872491218085</latitude>
                        <altitude>0</altitude>
                        <heading>0</heading>
                        <tilt>70</tilt>
                        <range>3000</range>
                        <gx:altitudeMode>relativeToSeaFloor</gx:altitudeMode>
                    </LookAt>
                    <styleUrl>#msn_ylw-pushpin0</styleUrl>
                    <Point>
                        <extrude>1</extrude>
                        <altitudeMode>absolute</altitudeMode>
                        <gx:drawOrder>1</gx:drawOrder>
                        <coordinates>2.3935596881466,46.872491218085,301.30896376446</coordinates>
                    </Point>
                </Placemark>
                
                <Placemark>
                    <name>13:10:25 - 73 kts - 1006 ft</name>
                    <visibility>0</visibility>
                    <description>latitude: 46.872957
longitude: 2.394268
altitude: 307 m / 1006 ft
elevation: 177 m / 581 ft
course: 46°
speed: 73 kts
</description>
                    <LookAt>
                        <longitude>2.3942675663256</longitude>
                        <latitude>46.872957074133</latitude>
                        <altitude>0</altitude>
                        <heading>0</heading>
                        <tilt>70</tilt>
                        <range>3000</range>
                        <gx:altitudeMode>relativeToSeaFloor</gx:altitudeMode>
                    </LookAt>
                    <styleUrl>#msn_ylw-pushpin0</styleUrl>
                    <Point>
                        <extrude>1</extrude>
                        <altitudeMode>absolute</altitudeMode>
                        <gx:drawOrder>1</gx:drawOrder>
                        <coordinates>2.3942675663256,46.872957074133,306.6501783682</coordinates>
                    </Point>
                </Placemark>
                
                <Placemark>
                    <name>13:10:27 - 74 kts - 1024 ft</name>
                    <visibility>0</visibility>
                    <description>latitude: 46.873490
longitude: 2.394900
altitude: 312 m / 1024 ft
elevation: 177 m / 581 ft
course: 39°
speed: 74 kts
</description>
                    <LookAt>
                        <longitude>2.3949003734344</longitude>
                        <latitude>46.873489611376</latitude>
                        <altitude>0</altitude>
                        <heading>0</heading>
                        <tilt>70</tilt>
                        <range>3000</range>
                        <gx:altitudeMode>relativeToSeaFloor</gx:altitudeMode>
                    </LookAt>
                    <styleUrl>#msn_ylw-pushpin0</styleUrl>
                    <Point>
                        <extrude>1</extrude>
                        <altitudeMode>absolute</altitudeMode>
                        <gx:drawOrder>1</gx:drawOrder>
                        <coordinates>2.3949003734344,46.873489611376,312.17966699228</coordinates>
                    </Point>
                </Placemark>
                
                <Placemark>
                    <name>13:10:30 - 77 kts - 1050 ft</name>
                    <visibility>0</visibility>
                    <description>latitude: 46.874369
longitude: 2.395761
altitude: 320 m / 1050 ft
elevation: 174 m / 571 ft
course: 32°
speed: 77 kts
</description>
                    <LookAt>
                        <longitude>2.3957609320159</longitude>
                        <latitude>46.874369134832</latitude>
                        <altitude>0</altitude>
                        <heading>0</heading>
                        <tilt>70</tilt>
                        <range>3000</range>
                        <gx:altitudeMode>relativeToSeaFloor</gx:altitudeMode>
                    </LookAt>
                    <styleUrl>#msn_ylw-pushpin0</styleUrl>
                    <Point>
                        <extrude>1</extrude>
                        <altitudeMode>absolute</altitudeMode>
                        <gx:drawOrder>1</gx:drawOrder>
                        <coordinates>2.3957609320159,46.874369134832,320.15025848057</coordinates>
                    </Point>
                </Placemark>
                
                <Placemark>
                    <name>13:10:33 - 78 kts - 1075 ft</name>
                    <visibility>0</visibility>
                    <description>latitude: 46.875324
longitude: 2.396491
altitude: 328 m / 1075 ft
elevation: 174 m / 571 ft
course: 27°
speed: 78 kts
</description>
                    <LookAt>
                        <longitude>2.3964905588122</longitude>
                        <latitude>46.875324486029</latitude>
                        <altitude>0</altitude>
                        <heading>0</heading>
                        <tilt>70</tilt>
                        <range>3000</range>
                        <gx:altitudeMode>relativeToSeaFloor</gx:altitudeMode>
                    </LookAt>
                    <styleUrl>#msn_ylw-pushpin0</styleUrl>
                    <Point>
                        <extrude>1</extrude>
                        <altitudeMode>absolute</altitudeMode>
                        <gx:drawOrder>1</gx:drawOrder>
                        <coordinates>2.3964905588122,46.875324486029,327.55965104233</coordinates>
                    </Point>
                </Placemark>
                
                <Placemark>
                    <name>13:10:36 - 79 kts - 1101 ft</name>
                    <visibility>0</visibility>
                    <description>latitude: 46.876346
longitude: 2.397050
altitude: 335 m / 1101 ft
elevation: 178 m / 584 ft
course: 19°
speed: 79 kts
</description>
                    <LookAt>
                        <longitude>2.3970495136992</longitude>
                        <latitude>46.876346094676</latitude>
                        <altitude>0</altitude>
                        <heading>0</heading>
                        <tilt>70</tilt>
                        <range>3000</range>
                        <gx:altitudeMode>relativeToSeaFloor</gx:altitudeMode>
                    </LookAt>
                    <styleUrl>#msn_ylw-pushpin0</styleUrl>
                    <Point>
                        <extrude>1</extrude>
                        <altitudeMode>absolute</altitudeMode>
                        <gx:drawOrder>1</gx:drawOrder>
                        <coordinates>2.3970495136992,46.876346094676,335.47030494455</coordinates>
                    </Point>
                </Placemark>
                
                <Placemark>
                    <name>13:10:38 - 80 kts - 1111 ft</name>
                    <visibility>0</visibility>
                    <description>latitude: 46.877065
longitude: 2.397286
altitude: 339 m / 1111 ft
elevation: 175 m / 574 ft
course: 12°
speed: 80 kts
</description>
                    <LookAt>
                        <longitude>2.3972855037614</longitude>
                        <latitude>46.877064659204</latitude>
                        <altitude>0</altitude>
                        <heading>0</heading>
                        <tilt>70</tilt>
                        <range>3000</range>
                        <gx:altitudeMode>relativeToSeaFloor</gx:altitudeMode>
                    </LookAt>
                    <styleUrl>#msn_ylw-pushpin0</styleUrl>
                    <Point>
                        <extrude>1</extrude>
                        <altitudeMode>absolute</altitudeMode>
                        <gx:drawOrder>1</gx:drawOrder>
                        <coordinates>2.3972855037614,46.877064659204,338.51115283463</coordinates>
                    </Point>
                </Placemark>
                
                <Placemark>
                    <name>13:10:40 - 81 kts - 1122 ft</name>
                    <visibility>0</visibility>
                    <description>latitude: 46.877810
longitude: 2.397354
altitude: 342 m / 1122 ft
elevation: 180 m / 591 ft
course: 3°
speed: 81 kts
</description>
                    <LookAt>
                        <longitude>2.3973543486512</longitude>
                        <latitude>46.877809688005</latitude>
                        <altitude>0</altitude>
                        <heading>0</heading>
                        <tilt>70</tilt>
                        <range>3000</range>
                        <gx:altitudeMode>relativeToSeaFloor</gx:altitudeMode>
                    </LookAt>
                    <styleUrl>#msn_ylw-pushpin0</styleUrl>
                    <Point>
                        <extrude>1</extrude>
                        <altitudeMode>absolute</altitudeMode>
                        <gx:drawOrder>1</gx:drawOrder>
                        <coordinates>2.3973543486512,46.877809688005,341.98264329694</coordinates>
                    </Point>
                </Placemark>
                
                <Placemark>
                    <name>13:10:41 - 82 kts - 1121 ft</name>
                    <visibility>0</visibility>
                    <description>latitude: 46.878189
longitude: 2.397312
altitude: 342 m / 1121 ft
elevation: 180 m / 591 ft
course: 358°
speed: 82 kts
</description>
                    <LookAt>
                        <longitude>2.3973118529532</longitude>
                        <latitude>46.878188707903</latitude>
                        <altitude>0</altitude>
                        <heading>0</heading>
                        <tilt>70</tilt>
                        <range>3000</range>
                        <gx:altitudeMode>relativeToSeaFloor</gx:altitudeMode>
                    </LookAt>
                    <styleUrl>#msn_ylw-pushpin0</styleUrl>
                    <Point>
                        <extrude>1</extrude>
                        <altitudeMode>absolute</altitudeMode>
                        <gx:drawOrder>1</gx:drawOrder>
                        <coordinates>2.3973118529532,46.878188707903,341.68386379443</coordinates>
                    </Point>
                </Placemark>
                
                <Placemark>
                    <name>13:10:43 - 83 kts - 1123 ft</name>
                    <visibility>0</visibility>
                    <description>latitude: 46.878952
longitude: 2.397137
altitude: 342 m / 1123 ft
elevation: 181 m / 594 ft
course: 351°
speed: 83 kts
</description>
                    <LookAt>
                        <longitude>2.3971365986853</longitude>
                        <latitude>46.878951810568</latitude>
                        <altitude>0</altitude>
                        <heading>0</heading>
                        <tilt>70</tilt>
                        <range>3000</range>
                        <gx:altitudeMode>relativeToSeaFloor</gx:altitudeMode>
                    </LookAt>
                    <styleUrl>#msn_ylw-pushpin0</styleUrl>
                    <Point>
                        <extrude>1</extrude>
                        <altitudeMode>absolute</altitudeMode>
                        <gx:drawOrder>1</gx:drawOrder>
                        <coordinates>2.3971365986853,46.878951810568,342.30355851166</coordinates>
                    </Point>
                </Placemark>
                
                <Placemark>
                    <name>13:10:45 - 84 kts - 1135 ft</name>
                    <visibility>0</visibility>
                    <description>latitude: 46.879705
longitude: 2.396843
altitude: 346 m / 1135 ft
elevation: 181 m / 594 ft
course: 345°
speed: 84 kts
</description>
                    <LookAt>
                        <longitude>2.3968432626702</longitude>
                        <latitude>46.879705004037</latitude>
                        <altitude>0</altitude>
                        <heading>0</heading>
                        <tilt>70</tilt>
                        <range>3000</range>
                        <gx:altitudeMode>relativeToSeaFloor</gx:altitudeMode>
                    </LookAt>
                    <styleUrl>#msn_ylw-pushpin0</styleUrl>
                    <Point>
                        <extrude>1</extrude>
                        <altitudeMode>absolute</altitudeMode>
                        <gx:drawOrder>1</gx:drawOrder>
                        <coordinates>2.3968432626702,46.879705004037,346.0896072695</coordinates>
                    </Point>
                </Placemark>
                
                <Placemark>
                    <name>13:10:47 - 84 kts - 1144 ft</name>
                    <visibility>0</visibility>
                    <description>latitude: 46.880435
longitude: 2.396436
altitude: 349 m / 1144 ft
elevation: 181 m / 594 ft
course: 339°
speed: 84 kts
</description>
                    <LookAt>
                        <longitude>2.3964359452023</longitude>
                        <latitude>46.880435075559</latitude>
                        <altitude>0</altitude>
                        <heading>0</heading>
                        <tilt>70</tilt>
                        <range>3000</range>
                        <gx:altitudeMode>relativeToSeaFloor</gx:altitudeMode>
                    </LookAt>
                    <styleUrl>#msn_ylw-pushpin0</styleUrl>
                    <Point>
                        <extrude>1</extrude>
                        <altitudeMode>absolute</altitudeMode>
                        <gx:drawOrder>1</gx:drawOrder>
                        <coordinates>2.3964359452023,46.880435075559,348.67024968658</coordinates>
                    </Point>
                </Placemark>
                
                <Placemark>
                    <name>13:10:50 - 86 kts - 1165 ft</name>
                    <visibility>0</visibility>
                    <description>latitude: 46.881868
longitude: 2.395462
altitude: 355 m / 1165 ft
elevation: 177 m / 581 ft
course: 334°
speed: 86 kts
</description>
                    <LookAt>
                        <longitude>2.3954624059322</longitude>
                        <latitude>46.881867563395</latitude>
                        <altitude>0</altitude>
                        <heading>0</heading>
                        <tilt>70</tilt>
                        <range>3000</range>
                        <gx:altitudeMode>relativeToSeaFloor</gx:altitudeMode>
                    </LookAt>
                    <styleUrl>#msn_ylw-pushpin0</styleUrl>
                    <Point>
                        <extrude>1</extrude>
                        <altitudeMode>absolute</altitudeMode>
                        <gx:drawOrder>1</gx:drawOrder>
                        <coordinates>2.3954624059322,46.881867563395,355.04476408754</coordinates>
                    </Point>
                </Placemark>
                
                <Placemark>
                    <name>13:10:54 - 86 kts - 1194 ft</name>
                    <visibility>0</visibility>
                    <description>latitude: 46.883248
longitude: 2.394317
altitude: 364 m / 1194 ft
elevation: 178 m / 584 ft
course: 328°
speed: 86 kts
</description>
                    <LookAt>
                        <longitude>2.3943174503076</longitude>
                        <latitude>46.883248190609</latitude>
                        <altitude>0</altitude>
                        <heading>0</heading>
                        <tilt>70</tilt>
                        <range>3000</range>
                        <gx:altitudeMode>relativeToSeaFloor</gx:altitudeMode>
                    </LookAt>
                    <styleUrl>#msn_ylw-pushpin0</styleUrl>
                    <Point>
                        <extrude>1</extrude>
                        <altitudeMode>absolute</altitudeMode>
                        <gx:drawOrder>1</gx:drawOrder>
                        <coordinates>2.3943174503076,46.883248190609,363.84588820022</coordinates>
                    </Point>
                </Placemark>
                
                <Placemark>
                    <name>13:10:56 - 83 kts - 1223 ft</name>
                    <visibility>0</visibility>
                    <description>latitude: 46.883850
longitude: 2.393610
altitude: 373 m / 1223 ft
elevation: 173 m / 568 ft
course: 321°
speed: 83 kts
</description>
                    <LookAt>
                        <longitude>2.3936102996818</longitude>
                        <latitude>46.883850405992</latitude>
                        <altitude>0</altitude>
                        <heading>0</heading>
                        <tilt>70</tilt>
                        <range>3000</range>
                        <gx:altitudeMode>relativeToSeaFloor</gx:altitudeMode>
                    </LookAt>
                    <styleUrl>#msn_ylw-pushpin0</styleUrl>
                    <Point>
                        <extrude>1</extrude>
                        <altitudeMode>absolute</altitudeMode>
                        <gx:drawOrder>1</gx:drawOrder>
                        <coordinates>2.3936102996818,46.883850405992,372.91765496973</coordinates>
                    </Point>
                </Placemark>
                
                <Placemark>
                    <name>13:10:58 - 81 kts - 1268 ft</name>
                    <visibility>0</visibility>
                    <description>latitude: 46.884365
longitude: 2.392804
altitude: 386 m / 1268 ft
elevation: 181 m / 594 ft
course: 312°
speed: 81 kts
</description>
                    <LookAt>
                        <longitude>2.3928043782274</longitude>
                        <latitude>46.884364693693</latitude>
                        <altitude>0</altitude>
                        <heading>0</heading>
                        <tilt>70</tilt>
                        <range>3000</range>
                        <gx:altitudeMode>relativeToSeaFloor</gx:altitudeMode>
                    </LookAt>
                    <styleUrl>#msn_ylw-pushpin0</styleUrl>
                    <Point>
                        <extrude>1</extrude>
                        <altitudeMode>absolute</altitudeMode>
                        <gx:drawOrder>1</gx:drawOrder>
                        <coordinates>2.3928043782274,46.884364693693,386.41792111006</coordinates>
                    </Point>
                </Placemark>
                
                <Placemark>
                    <name>13:11:00 - 79 kts - 1309 ft</name>
                    <visibility>0</visibility>
                    <description>latitude: 46.884804
longitude: 2.391952
altitude: 399 m / 1309 ft
elevation: 174 m / 571 ft
course: 306°
speed: 79 kts
</description>
                    <LookAt>
                        <longitude>2.391952399536</longitude>
                        <latitude>46.884803578253</latitude>
                        <altitude>0</altitude>
                        <heading>0</heading>
                        <tilt>70</tilt>
                        <range>3000</range>
                        <gx:altitudeMode>relativeToSeaFloor</gx:altitudeMode>
                    </LookAt>
                    <styleUrl>#msn_ylw-pushpin0</styleUrl>
                    <Point>
                        <extrude>1</extrude>
                        <altitudeMode>absolute</altitudeMode>
                        <gx:drawOrder>1</gx:drawOrder>
                        <coordinates>2.391952399536,46.884803578253,399.13518991787</coordinates>
                    </Point>
                </Placemark>
                
                <Placemark>
                    <name>13:11:02 - 77 kts - 1336 ft</name>
                    <visibility>0</visibility>
                    <description>latitude: 46.885143
longitude: 2.391042
altitude: 407 m / 1336 ft
elevation: 174 m / 571 ft
course: 298°
speed: 77 kts
</description>
                    <LookAt>
                        <longitude>2.3910417375267</longitude>
                        <latitude>46.88514255965</latitude>
                        <altitude>0</altitude>
                        <heading>0</heading>
                        <tilt>70</tilt>
                        <range>3000</range>
                        <gx:altitudeMode>relativeToSeaFloor</gx:altitudeMode>
                    </LookAt>
                    <styleUrl>#msn_ylw-pushpin0</styleUrl>
                    <Point>
                        <extrude>1</extrude>
                        <altitudeMode>absolute</altitudeMode>
                        <gx:drawOrder>1</gx:drawOrder>
                        <coordinates>2.3910417375267,46.88514255965,407.07553218585</coordinates>
                    </Point>
                </Placemark>
                
                <Placemark>
                    <name>13:11:04 - 75 kts - 1356 ft</name>
                    <visibility>0</visibility>
                    <description>latitude: 46.885385
longitude: 2.390094
altitude: 413 m / 1356 ft
elevation: 174 m / 571 ft
course: 290°
speed: 75 kts
</description>
                    <LookAt>
                        <longitude>2.3900939778818</longitude>
                        <latitude>46.885385350576</latitude>
                        <altitude>0</altitude>
                        <heading>0</heading>
                        <tilt>70</tilt>
                        <range>3000</range>
                        <gx:altitudeMode>relativeToSeaFloor</gx:altitudeMode>
                    </LookAt>
                    <styleUrl>#msn_ylw-pushpin0</styleUrl>
                    <Point>
                        <extrude>1</extrude>
                        <altitudeMode>absolute</altitudeMode>
                        <gx:drawOrder>1</gx:drawOrder>
                        <coordinates>2.3900939778818,46.885385350576,413.38776221965</coordinates>
                    </Point>
                </Placemark>
                
                <Placemark>
                    <name>13:11:06 - 73 kts - 1370 ft</name>
                    <visibility>0</visibility>
                    <description>latitude: 46.885549
longitude: 2.389132
altitude: 418 m / 1370 ft
elevation: 174 m / 571 ft
course: 283°
speed: 73 kts
</description>
                    <LookAt>
                        <longitude>2.3891321202511</longitude>
                        <latitude>46.885549100707</latitude>
                        <altitude>0</altitude>
                        <heading>0</heading>
                        <tilt>70</tilt>
                        <range>3000</range>
                        <gx:altitudeMode>relativeToSeaFloor</gx:altitudeMode>
                    </LookAt>
                    <styleUrl>#msn_ylw-pushpin0</styleUrl>
                    <Point>
                        <extrude>1</extrude>
                        <altitudeMode>absolute</altitudeMode>
                        <gx:drawOrder>1</gx:drawOrder>
                        <coordinates>2.3891321202511,46.885549100707,417.56541381497</coordinates>
                    </Point>
                </Placemark>
                
                <Placemark>
                    <name>13:11:08 - 72 kts - 1388 ft</name>
                    <visibility>0</visibility>
                    <description>latitude: 46.885630
longitude: 2.388164
altitude: 423 m / 1388 ft
elevation: 173 m / 568 ft
course: 276°
speed: 72 kts
</description>
                    <LookAt>
                        <longitude>2.3881635426936</longitude>
                        <latitude>46.885630177554</latitude>
                        <altitude>0</altitude>
                        <heading>0</heading>
                        <tilt>70</tilt>
                        <range>3000</range>
                        <gx:altitudeMode>relativeToSeaFloor</gx:altitudeMode>
                    </LookAt>
                    <styleUrl>#msn_ylw-pushpin0</styleUrl>
                    <Point>
                        <extrude>1</extrude>
                        <altitudeMode>absolute</altitudeMode>
                        <gx:drawOrder>1</gx:drawOrder>
                        <coordinates>2.3881635426936,46.885630177554,423.07344995067</coordinates>
                    </Point>
                </Placemark>
                
                <Placemark>
                    <name>13:11:11 - 71 kts - 1421 ft</name>
                    <visibility>0</visibility>
                    <description>latitude: 46.885646
longitude: 2.386721
altitude: 433 m / 1421 ft
elevation: 171 m / 561 ft
course: 270°
speed: 71 kts
</description>
                    <LookAt>
                        <longitude>2.3867210526223</longitude>
                        <latitude>46.885645954515</latitude>
                        <altitude>0</altitude>
                        <heading>0</heading>
                        <tilt>70</tilt>
                        <range>3000</range>
                        <gx:altitudeMode>relativeToSeaFloor</gx:altitudeMode>
                    </LookAt>
                    <styleUrl>#msn_ylw-pushpin0</styleUrl>
                    <Point>
                        <extrude>1</extrude>
                        <altitudeMode>absolute</altitudeMode>
                        <gx:drawOrder>1</gx:drawOrder>
                        <coordinates>2.3867210526223,46.885645954515,433.24655925948</coordinates>
                    </Point>
                </Placemark>
                
                <Placemark>
                    <name>13:11:16 - 71 kts - 1452 ft</name>
                    <visibility>0</visibility>
                    <description>latitude: 46.885533
longitude: 2.384808
altitude: 443 m / 1452 ft
elevation: 170 m / 558 ft
course: 263°
speed: 71 kts
</description>
                    <LookAt>
                        <longitude>2.3848084074116</longitude>
                        <latitude>46.885532995973</latitude>
                        <altitude>0</altitude>
                        <heading>0</heading>
                        <tilt>70</tilt>
                        <range>3000</range>
                        <gx:altitudeMode>relativeToSeaFloor</gx:altitudeMode>
                    </LookAt>
                    <styleUrl>#msn_ylw-pushpin0</styleUrl>
                    <Point>
                        <extrude>1</extrude>
                        <altitudeMode>absolute</altitudeMode>
                        <gx:drawOrder>1</gx:drawOrder>
                        <coordinates>2.3848084074116,46.885532995973,442.54193485156</coordinates>
                    </Point>
                </Placemark>
                
                <Placemark>
                    <name>13:11:22 - 72 kts - 1506 ft</name>
                    <visibility>0</visibility>
                    <description>latitude: 46.885159
longitude: 2.381931
altitude: 459 m / 1506 ft
elevation: 167 m / 548 ft
course: 257°
speed: 72 kts
</description>
                    <LookAt>
                        <longitude>2.3819312971887</longitude>
                        <latitude>46.885158942739</latitude>
                        <altitude>0</altitude>
                        <heading>0</heading>
                        <tilt>70</tilt>
                        <range>3000</range>
                        <gx:altitudeMode>relativeToSeaFloor</gx:altitudeMode>
                    </LookAt>
                    <styleUrl>#msn_ylw-pushpin0</styleUrl>
                    <Point>
                        <extrude>1</extrude>
                        <altitudeMode>absolute</altitudeMode>
                        <gx:drawOrder>1</gx:drawOrder>
                        <coordinates>2.3819312971887,46.885158942739,458.94873485435</coordinates>
                    </Point>
                </Placemark>
                
                <Placemark>
                    <name>13:11:31 - 76 kts - 1542 ft</name>
                    <visibility>0</visibility>
                    <description>latitude: 46.884275
longitude: 2.377693
altitude: 470 m / 1542 ft
elevation: 166 m / 545 ft
course: 252°
speed: 76 kts
</description>
                    <LookAt>
                        <longitude>2.3776929071533</longitude>
                        <latitude>46.884274800892</latitude>
                        <altitude>0</altitude>
                        <heading>0</heading>
                        <tilt>70</tilt>
                        <range>3000</range>
                        <gx:altitudeMode>relativeToSeaFloor</gx:altitudeMode>
                    </LookAt>
                    <styleUrl>#msn_ylw-pushpin0</styleUrl>
                    <Point>
                        <extrude>1</extrude>
                        <altitudeMode>absolute</altitudeMode>
                        <gx:drawOrder>1</gx:drawOrder>
                        <coordinates>2.3776929071533,46.884274800892,470.01805655565</coordinates>
                    </Point>
                </Placemark>
                
                <Placemark>
                    <name>13:11:44 - 81 kts - 1610 ft</name>
                    <visibility>0</visibility>
                    <description>latitude: 46.882722
longitude: 2.371124
altitude: 491 m / 1610 ft
elevation: 166 m / 545 ft
course: 251°
speed: 81 kts
</description>
                    <LookAt>
                        <longitude>2.3711243256514</longitude>
                        <latitude>46.882722022966</latitude>
                        <altitude>0</altitude>
                        <heading>0</heading>
                        <tilt>70</tilt>
                        <range>3000</range>
                        <gx:altitudeMode>relativeToSeaFloor</gx:altitudeMode>
                    </LookAt>
                    <styleUrl>#msn_ylw-pushpin0</styleUrl>
                    <Point>
                        <extrude>1</extrude>
                        <altitudeMode>absolute</altitudeMode>
                        <gx:drawOrder>1</gx:drawOrder>
                        <coordinates>2.3711243256514,46.882722022966,490.82899346482</coordinates>
                    </Point>
                </Placemark>
                
                <Placemark>
                    <name>13:11:54 - 80 kts - 1723 ft</name>
                    <visibility>0</visibility>
                    <description>latitude: 46.881395
longitude: 2.365973
altitude: 525 m / 1723 ft
elevation: 164 m / 538 ft
course: 248°
speed: 80 kts
</description>
                    <LookAt>
                        <longitude>2.3659734718334</longitude>
                        <latitude>46.881394981121</latitude>
                        <altitude>0</altitude>
                        <heading>0</heading>
                        <tilt>70</tilt>
                        <range>3000</range>
                        <gx:altitudeMode>relativeToSeaFloor</gx:altitudeMode>
                    </LookAt>
                    <styleUrl>#msn_ylw-pushpin0</styleUrl>
                    <Point>
                        <extrude>1</extrude>
                        <altitudeMode>absolute</altitudeMode>
                        <gx:drawOrder>1</gx:drawOrder>
                        <coordinates>2.3659734718334,46.881394981121,525.04451842792</coordinates>
                    </Point>
                </Placemark>
                
                <Placemark>
                    <name>13:11:57 - 76 kts - 1770 ft</name>
                    <visibility>0</visibility>
                    <description>latitude: 46.880909
longitude: 2.364583
altitude: 540 m / 1770 ft
elevation: 163 m / 535 ft
course: 241°
speed: 76 kts
</description>
                    <LookAt>
                        <longitude>2.3645833398218</longitude>
                        <latitude>46.880909162323</latitude>
                        <altitude>0</altitude>
                        <heading>0</heading>
                        <tilt>70</tilt>
                        <range>3000</range>
                        <gx:altitudeMode>relativeToSeaFloor</gx:altitudeMode>
                    </LookAt>
                    <styleUrl>#msn_ylw-pushpin0</styleUrl>
                    <Point>
                        <extrude>1</extrude>
                        <altitudeMode>absolute</altitudeMode>
                        <gx:drawOrder>1</gx:drawOrder>
                        <coordinates>2.3645833398218,46.880909162323,539.56295308005</coordinates>
                    </Point>
                </Placemark>
                
                <Placemark>
                    <name>13:11:59 - 71 kts - 1792 ft</name>
                    <visibility>0</visibility>
                    <description>latitude: 46.880506
longitude: 2.363814
altitude: 546 m / 1792 ft
elevation: 161 m / 528 ft
course: 232°
speed: 71 kts
</description>
                    <LookAt>
                        <longitude>2.3638138351696</longitude>
                        <latitude>46.880506299332</latitude>
                        <altitude>0</altitude>
                        <heading>0</heading>
                        <tilt>70</tilt>
                        <range>3000</range>
                        <gx:altitudeMode>relativeToSeaFloor</gx:altitudeMode>
                    </LookAt>
                    <styleUrl>#msn_ylw-pushpin0</styleUrl>
                    <Point>
                        <extrude>1</extrude>
                        <altitudeMode>absolute</altitudeMode>
                        <gx:drawOrder>1</gx:drawOrder>
                        <coordinates>2.3638138351696,46.880506299332,546.14268343709</coordinates>
                    </Point>
                </Placemark>
                
                <Placemark>
                    <name>13:12:00 - 69 kts - 1806 ft</name>
                    <visibility>0</visibility>
                    <description>latitude: 46.880272
longitude: 2.363498
altitude: 550 m / 1806 ft
elevation: 161 m / 528 ft
course: 225°
speed: 69 kts
</description>
                    <LookAt>
                        <longitude>2.3634978394271</longitude>
                        <latitude>46.880272409113</latitude>
                        <altitude>0</altitude>
                        <heading>0</heading>
                        <tilt>70</tilt>
                        <range>3000</range>
                        <gx:altitudeMode>relativeToSeaFloor</gx:altitudeMode>
                    </LookAt>
                    <styleUrl>#msn_ylw-pushpin0</styleUrl>
                    <Point>
                        <extrude>1</extrude>
                        <altitudeMode>absolute</altitudeMode>
                        <gx:drawOrder>1</gx:drawOrder>
                        <coordinates>2.3634978394271,46.880272409113,550.37041794229</coordinates>
                    </Point>
                </Placemark>
                
                <Placemark>
                    <name>13:12:01 - 67 kts - 1818 ft</name>
                    <visibility>0</visibility>
                    <description>latitude: 46.880022
longitude: 2.363229
altitude: 554 m / 1818 ft
elevation: 161 m / 528 ft
course: 219°
speed: 67 kts
</description>
                    <LookAt>
                        <longitude>2.3632287173595</longitude>
                        <latitude>46.880022155153</latitude>
                        <altitude>0</altitude>
                        <heading>0</heading>
                        <tilt>70</tilt>
                        <range>3000</range>
                        <gx:altitudeMode>relativeToSeaFloor</gx:altitudeMode>
                    </LookAt>
                    <styleUrl>#msn_ylw-pushpin0</styleUrl>
                    <Point>
                        <extrude>1</extrude>
                        <altitudeMode>absolute</altitudeMode>
                        <gx:drawOrder>1</gx:drawOrder>
                        <coordinates>2.3632287173595,46.880022155153,554.21900383756</coordinates>
                    </Point>
                </Placemark>
                
                <Placemark>
                    <name>13:12:03 - 64 kts - 1844 ft</name>
                    <visibility>0</visibility>
                    <description>latitude: 46.879508
longitude: 2.362786
altitude: 562 m / 1844 ft
elevation: 161 m / 528 ft
course: 210°
speed: 64 kts
</description>
                    <LookAt>
                        <longitude>2.3627863972167</longitude>
                        <latitude>46.879508439282</latitude>
                        <altitude>0</altitude>
                        <heading>0</heading>
                        <tilt>70</tilt>
                        <range>3000</range>
                        <gx:altitudeMode>relativeToSeaFloor</gx:altitudeMode>
                    </LookAt>
                    <styleUrl>#msn_ylw-pushpin0</styleUrl>
                    <Point>
                        <extrude>1</extrude>
                        <altitudeMode>absolute</altitudeMode>
                        <gx:drawOrder>1</gx:drawOrder>
                        <coordinates>2.3627863972167,46.879508439282,562.20217516366</coordinates>
                    </Point>
                </Placemark>
                
                <Placemark>
                    <name>13:12:05 - 62 kts - 1870 ft</name>
                    <visibility>0</visibility>
                    <description>latitude: 46.878983
longitude: 2.362462
altitude: 570 m / 1870 ft
elevation: 160 m / 525 ft
course: 203°
speed: 62 kts
</description>
                    <LookAt>
                        <longitude>2.3624618163423</longitude>
                        <latitude>46.878982746207</latitude>
                        <altitude>0</altitude>
                        <heading>0</heading>
                        <tilt>70</tilt>
                        <range>3000</range>
                        <gx:altitudeMode>relativeToSeaFloor</gx:altitudeMode>
                    </LookAt>
                    <styleUrl>#msn_ylw-pushpin0</styleUrl>
                    <Point>
                        <extrude>1</extrude>
                        <altitudeMode>absolute</altitudeMode>
                        <gx:drawOrder>1</gx:drawOrder>
                        <coordinates>2.3624618163423,46.878982746207,570.03731313907</coordinates>
                    </Point>
                </Placemark>
                
                <Placemark>
                    <name>13:12:07 - 60 kts - 1891 ft</name>
                    <visibility>0</visibility>
                    <description>latitude: 46.878447
longitude: 2.362254
altitude: 577 m / 1891 ft
elevation: 160 m / 525 ft
course: 194°
speed: 60 kts
</description>
                    <LookAt>
                        <longitude>2.3622538582017</longitude>
                        <latitude>46.878446589909</latitude>
                        <altitude>0</altitude>
                        <heading>0</heading>
                        <tilt>70</tilt>
                        <range>3000</range>
                        <gx:altitudeMode>relativeToSeaFloor</gx:altitudeMode>
                    </LookAt>
                    <styleUrl>#msn_ylw-pushpin0</styleUrl>
                    <Point>
                        <extrude>1</extrude>
                        <altitudeMode>absolute</altitudeMode>
                        <gx:drawOrder>1</gx:drawOrder>
                        <coordinates>2.3622538582017,46.878446589909,576.51972801983</coordinates>
                    </Point>
                </Placemark>
                
                <Placemark>
                    <name>13:12:09 - 59 kts - 1909 ft</name>
                    <visibility>0</visibility>
                    <description>latitude: 46.877902
longitude: 2.362149
altitude: 582 m / 1909 ft
elevation: 160 m / 525 ft
course: 187°
speed: 59 kts
</description>
                    <LookAt>
                        <longitude>2.3621487000956</longitude>
                        <latitude>46.877902231707</latitude>
                        <altitude>0</altitude>
                        <heading>0</heading>
                        <tilt>70</tilt>
                        <range>3000</range>
                        <gx:altitudeMode>relativeToSeaFloor</gx:altitudeMode>
                    </LookAt>
                    <styleUrl>#msn_ylw-pushpin0</styleUrl>
                    <Point>
                        <extrude>1</extrude>
                        <altitudeMode>absolute</altitudeMode>
                        <gx:drawOrder>1</gx:drawOrder>
                        <coordinates>2.3621487000956,46.877902231707,581.9230894139</coordinates>
                    </Point>
                </Placemark>
                
                <Placemark>
                    <name>13:12:11 - 58 kts - 1925 ft</name>
                    <visibility>0</visibility>
                    <description>latitude: 46.877361
longitude: 2.362120
altitude: 587 m / 1925 ft
elevation: 161 m / 528 ft
course: 182°
speed: 58 kts
</description>
                    <LookAt>
                        <longitude>2.3621204007242</longitude>
                        <latitude>46.877360739365</latitude>
                        <altitude>0</altitude>
                        <heading>0</heading>
                        <tilt>70</tilt>
                        <range>3000</range>
                        <gx:altitudeMode>relativeToSeaFloor</gx:altitudeMode>
                    </LookAt>
                    <styleUrl>#msn_ylw-pushpin0</styleUrl>
                    <Point>
                        <extrude>1</extrude>
                        <altitudeMode>absolute</altitudeMode>
                        <gx:drawOrder>1</gx:drawOrder>
                        <coordinates>2.3621204007242,46.877360739365,586.86287770886</coordinates>
                    </Point>
                </Placemark>
                
                <Placemark>
                    <name>13:12:13 - 58 kts - 1939 ft</name>
                    <visibility>0</visibility>
                    <description>latitude: 46.876822
longitude: 2.362163
altitude: 591 m / 1939 ft
elevation: 161 m / 528 ft
course: 177°
speed: 58 kts
</description>
                    <LookAt>
                        <longitude>2.3621633800265</longitude>
                        <latitude>46.876821915757</latitude>
                        <altitude>0</altitude>
                        <heading>0</heading>
                        <tilt>70</tilt>
                        <range>3000</range>
                        <gx:altitudeMode>relativeToSeaFloor</gx:altitudeMode>
                    </LookAt>
                    <styleUrl>#msn_ylw-pushpin0</styleUrl>
                    <Point>
                        <extrude>1</extrude>
                        <altitudeMode>absolute</altitudeMode>
                        <gx:drawOrder>1</gx:drawOrder>
                        <coordinates>2.3621633800265,46.876821915757,591.0579499742</coordinates>
                    </Point>
                </Placemark>
                
                <Placemark>
                    <name>13:12:15 - 59 kts - 1953 ft</name>
                    <visibility>0</visibility>
                    <description>latitude: 46.876285
longitude: 2.362283
altitude: 595 m / 1953 ft
elevation: 164 m / 538 ft
course: 171°
speed: 59 kts
</description>
                    <LookAt>
                        <longitude>2.3622834488199</longitude>
                        <latitude>46.876285003921</latitude>
                        <altitude>0</altitude>
                        <heading>0</heading>
                        <tilt>70</tilt>
                        <range>3000</range>
                        <gx:altitudeMode>relativeToSeaFloor</gx:altitudeMode>
                    </LookAt>
                    <styleUrl>#msn_ylw-pushpin0</styleUrl>
                    <Point>
                        <extrude>1</extrude>
                        <altitudeMode>absolute</altitudeMode>
                        <gx:drawOrder>1</gx:drawOrder>
                        <coordinates>2.3622834488199,46.876285003921,595.14959871117</coordinates>
                    </Point>
                </Placemark>
                
                <Placemark>
                    <name>13:12:18 - 60 kts - 1964 ft</name>
                    <visibility>0</visibility>
                    <description>latitude: 46.875484
longitude: 2.362586
altitude: 599 m / 1964 ft
elevation: 167 m / 548 ft
course: 164°
speed: 60 kts
</description>
                    <LookAt>
                        <longitude>2.3625860952378</longitude>
                        <latitude>46.87548398768</latitude>
                        <altitude>0</altitude>
                        <heading>0</heading>
                        <tilt>70</tilt>
                        <range>3000</range>
                        <gx:altitudeMode>relativeToSeaFloor</gx:altitudeMode>
                    </LookAt>
                    <styleUrl>#msn_ylw-pushpin0</styleUrl>
                    <Point>
                        <extrude>1</extrude>
                        <altitudeMode>absolute</altitudeMode>
                        <gx:drawOrder>1</gx:drawOrder>
                        <coordinates>2.3625860952378,46.87548398768,598.76926339138</coordinates>
                    </Point>
                </Placemark>
                
                <Placemark>
                    <name>13:12:21 - 62 kts - 1970 ft</name>
                    <visibility>0</visibility>
                    <description>latitude: 46.874686
longitude: 2.363024
altitude: 600 m / 1970 ft
elevation: 167 m / 548 ft
course: 158°
speed: 62 kts
</description>
                    <LookAt>
                        <longitude>2.3630241583704</longitude>
                        <latitude>46.874686490893</latitude>
                        <altitude>0</altitude>
                        <heading>0</heading>
                        <tilt>70</tilt>
                        <range>3000</range>
                        <gx:altitudeMode>relativeToSeaFloor</gx:altitudeMode>
                    </LookAt>
                    <styleUrl>#msn_ylw-pushpin0</styleUrl>
                    <Point>
                        <extrude>1</extrude>
                        <altitudeMode>absolute</altitudeMode>
                        <gx:drawOrder>1</gx:drawOrder>
                        <coordinates>2.3630241583704,46.874686490893,600.31314408127</coordinates>
                    </Point>
                </Placemark>
                
                <Placemark>
                    <name>13:12:25 - 66 kts - 1978 ft</name>
                    <visibility>0</visibility>
                    <description>latitude: 46.873612
longitude: 2.363807
altitude: 603 m / 1978 ft
elevation: 164 m / 538 ft
course: 152°
speed: 66 kts
</description>
                    <LookAt>
                        <longitude>2.3638067842579</longitude>
                        <latitude>46.873611550687</latitude>
                        <altitude>0</altitude>
                        <heading>0</heading>
                        <tilt>70</tilt>
                        <range>3000</range>
                        <gx:altitudeMode>relativeToSeaFloor</gx:altitudeMode>
                    </LookAt>
                    <styleUrl>#msn_ylw-pushpin0</styleUrl>
                    <Point>
                        <extrude>1</extrude>
                        <altitudeMode>absolute</altitudeMode>
                        <gx:drawOrder>1</gx:drawOrder>
                        <coordinates>2.3638067842579,46.873611550687,602.75673008058</coordinates>
                    </Point>
                </Placemark>
                
                <Placemark>
                    <name>13:12:28 - 68 kts - 1987 ft</name>
                    <visibility>0</visibility>
                    <description>latitude: 46.872816
longitude: 2.364548
altitude: 606 m / 1987 ft
elevation: 164 m / 538 ft
course: 146°
speed: 68 kts
</description>
                    <LookAt>
                        <longitude>2.364547562929</longitude>
                        <latitude>46.872816294625</latitude>
                        <altitude>0</altitude>
                        <heading>0</heading>
                        <tilt>70</tilt>
                        <range>3000</range>
                        <gx:altitudeMode>relativeToSeaFloor</gx:altitudeMode>
                    </LookAt>
                    <styleUrl>#msn_ylw-pushpin0</styleUrl>
                    <Point>
                        <extrude>1</extrude>
                        <altitudeMode>absolute</altitudeMode>
                        <gx:drawOrder>1</gx:drawOrder>
                        <coordinates>2.364547562929,46.872816294625,605.661155954</coordinates>
                    </Point>
                </Placemark>
                
                <Placemark>
                    <name>13:12:33 - 72 kts - 1985 ft</name>
                    <visibility>0</visibility>
                    <description>latitude: 46.871517
longitude: 2.366009
altitude: 605 m / 1985 ft
elevation: 163 m / 535 ft
course: 141°
speed: 72 kts
</description>
                    <LookAt>
                        <longitude>2.3660087590777</longitude>
                        <latitude>46.871517026384</latitude>
                        <altitude>0</altitude>
                        <heading>0</heading>
                        <tilt>70</tilt>
                        <range>3000</range>
                        <gx:altitudeMode>relativeToSeaFloor</gx:altitudeMode>
                    </LookAt>
                    <styleUrl>#msn_ylw-pushpin0</styleUrl>
                    <Point>
                        <extrude>1</extrude>
                        <altitudeMode>absolute</altitudeMode>
                        <gx:drawOrder>1</gx:drawOrder>
                        <coordinates>2.3660087590777,46.871517026384,605.11104574893</coordinates>
                    </Point>
                </Placemark>
                
                <Placemark>
                    <name>13:12:38 - 74 kts - 1988 ft</name>
                    <visibility>0</visibility>
                    <description>latitude: 46.870255
longitude: 2.367700
altitude: 606 m / 1988 ft
elevation: 163 m / 535 ft
course: 136°
speed: 74 kts
</description>
                    <LookAt>
                        <longitude>2.3677002613322</longitude>
                        <latitude>46.870255063265</latitude>
                        <altitude>0</altitude>
                        <heading>0</heading>
                        <tilt>70</tilt>
                        <range>3000</range>
                        <gx:altitudeMode>relativeToSeaFloor</gx:altitudeMode>
                    </LookAt>
                    <styleUrl>#msn_ylw-pushpin0</styleUrl>
                    <Point>
                        <extrude>1</extrude>
                        <altitudeMode>absolute</altitudeMode>
                        <gx:drawOrder>1</gx:drawOrder>
                        <coordinates>2.3677002613322,46.870255063265,605.80890577938</coordinates>
                    </Point>
                </Placemark>
                
                <Placemark>
                    <name>13:12:43 - 75 kts - 1991 ft</name>
                    <visibility>0</visibility>
                    <description>latitude: 46.869091
longitude: 2.369581
altitude: 607 m / 1991 ft
elevation: 163 m / 535 ft
course: 130°
speed: 75 kts
</description>
                    <LookAt>
                        <longitude>2.3695805268786</longitude>
                        <latitude>46.869090964994</latitude>
                        <altitude>0</altitude>
                        <heading>0</heading>
                        <tilt>70</tilt>
                        <range>3000</range>
                        <gx:altitudeMode>relativeToSeaFloor</gx:altitudeMode>
                    </LookAt>
                    <styleUrl>#msn_ylw-pushpin0</styleUrl>
                    <Point>
                        <extrude>1</extrude>
                        <altitudeMode>absolute</altitudeMode>
                        <gx:drawOrder>1</gx:drawOrder>
                        <coordinates>2.3695805268786,46.869090964994,606.71487871278</coordinates>
                    </Point>
                </Placemark>
                
                <Placemark>
                    <name>13:12:46 - 75 kts - 2003 ft</name>
                    <visibility>0</visibility>
                    <description>latitude: 46.868500
longitude: 2.370845
altitude: 611 m / 2003 ft
elevation: 163 m / 535 ft
course: 123°
speed: 75 kts
</description>
                    <LookAt>
                        <longitude>2.3708454988477</longitude>
                        <latitude>46.868500373958</latitude>
                        <altitude>0</altitude>
                        <heading>0</heading>
                        <tilt>70</tilt>
                        <range>3000</range>
                        <gx:altitudeMode>relativeToSeaFloor</gx:altitudeMode>
                    </LookAt>
                    <styleUrl>#msn_ylw-pushpin0</styleUrl>
                    <Point>
                        <extrude>1</extrude>
                        <altitudeMode>absolute</altitudeMode>
                        <gx:drawOrder>1</gx:drawOrder>
                        <coordinates>2.3708454988477,46.868500373958,610.50359592866</coordinates>
                    </Point>
                </Placemark>
                
                <Placemark>
                    <name>13:12:49 - 75 kts - 2019 ft</name>
                    <visibility>0</visibility>
                    <description>latitude: 46.868002
longitude: 2.372175
altitude: 615 m / 2019 ft
elevation: 163 m / 535 ft
course: 118°
speed: 75 kts
</description>
                    <LookAt>
                        <longitude>2.3721746934373</longitude>
                        <latitude>46.868001732063</latitude>
                        <altitude>0</altitude>
                        <heading>0</heading>
                        <tilt>70</tilt>
                        <range>3000</range>
                        <gx:altitudeMode>relativeToSeaFloor</gx:altitudeMode>
                    </LookAt>
                    <styleUrl>#msn_ylw-pushpin0</styleUrl>
                    <Point>
                        <extrude>1</extrude>
                        <altitudeMode>absolute</altitudeMode>
                        <gx:drawOrder>1</gx:drawOrder>
                        <coordinates>2.3721746934373,46.868001732063,615.44667591434</coordinates>
                    </Point>
                </Placemark>
                
                <Placemark>
                    <name>13:12:52 - 74 kts - 2032 ft</name>
                    <visibility>0</visibility>
                    <description>latitude: 46.867587
longitude: 2.373550
altitude: 619 m / 2032 ft
elevation: 166 m / 545 ft
course: 112°
speed: 74 kts
</description>
                    <LookAt>
                        <longitude>2.3735495104056</longitude>
                        <latitude>46.867587452211</latitude>
                        <altitude>0</altitude>
                        <heading>0</heading>
                        <tilt>70</tilt>
                        <range>3000</range>
                        <gx:altitudeMode>relativeToSeaFloor</gx:altitudeMode>
                    </LookAt>
                    <styleUrl>#msn_ylw-pushpin0</styleUrl>
                    <Point>
                        <extrude>1</extrude>
                        <altitudeMode>absolute</altitudeMode>
                        <gx:drawOrder>1</gx:drawOrder>
                        <coordinates>2.3735495104056,46.867587452211,619.28289907519</coordinates>
                    </Point>
                </Placemark>
                
                <Placemark>
                    <name>13:12:54 - 73 kts - 2046 ft</name>
                    <visibility>0</visibility>
                    <description>latitude: 46.867303
longitude: 2.374968
altitude: 624 m / 2046 ft
elevation: 166 m / 545 ft
course: 105°
speed: 73 kts
</description>
                    <LookAt>
                        <longitude>2.3749676069702</longitude>
                        <latitude>46.867302994322</latitude>
                        <altitude>0</altitude>
                        <heading>0</heading>
                        <tilt>70</tilt>
                        <range>3000</range>
                        <gx:altitudeMode>relativeToSeaFloor</gx:altitudeMode>
                    </LookAt>
                    <styleUrl>#msn_ylw-pushpin0</styleUrl>
                    <Point>
                        <extrude>1</extrude>
                        <altitudeMode>absolute</altitudeMode>
                        <gx:drawOrder>1</gx:drawOrder>
                        <coordinates>2.3749676069702,46.867302994322,623.75693821069</coordinates>
                    </Point>
                </Placemark>
                
                <Placemark>
                    <name>13:12:56 - 74 kts - 2054 ft</name>
                    <visibility>0</visibility>
                    <description>latitude: 46.867196
longitude: 2.375947
altitude: 626 m / 2054 ft
elevation: 167 m / 548 ft
course: 98°
speed: 74 kts
</description>
                    <LookAt>
                        <longitude>2.3759473953157</longitude>
                        <latitude>46.867195502959</latitude>
                        <altitude>0</altitude>
                        <heading>0</heading>
                        <tilt>70</tilt>
                        <range>3000</range>
                        <gx:altitudeMode>relativeToSeaFloor</gx:altitudeMode>
                    </LookAt>
                    <styleUrl>#msn_ylw-pushpin0</styleUrl>
                    <Point>
                        <extrude>1</extrude>
                        <altitudeMode>absolute</altitudeMode>
                        <gx:drawOrder>1</gx:drawOrder>
                        <coordinates>2.3759473953157,46.867195502959,625.99186392222</coordinates>
                    </Point>
                </Placemark>
                
                <Placemark>
                    <name>13:12:59 - 75 kts - 2063 ft</name>
                    <visibility>0</visibility>
                    <description>latitude: 46.867141
longitude: 2.377459
altitude: 629 m / 2063 ft
elevation: 167 m / 548 ft
course: 91°
speed: 75 kts
</description>
                    <LookAt>
                        <longitude>2.3774586354094</longitude>
                        <latitude>46.86714099308</latitude>
                        <altitude>0</altitude>
                        <heading>0</heading>
                        <tilt>70</tilt>
                        <range>3000</range>
                        <gx:altitudeMode>relativeToSeaFloor</gx:altitudeMode>
                    </LookAt>
                    <styleUrl>#msn_ylw-pushpin0</styleUrl>
                    <Point>
                        <extrude>1</extrude>
                        <altitudeMode>absolute</altitudeMode>
                        <gx:drawOrder>1</gx:drawOrder>
                        <coordinates>2.3774586354094,46.86714099308,628.77313308511</coordinates>
                    </Point>
                </Placemark>
                
                <Placemark>
                    <name>13:13:02 - 77 kts - 2079 ft</name>
                    <visibility>0</visibility>
                    <description>latitude: 46.867218
longitude: 2.379015
altitude: 634 m / 2079 ft
elevation: 166 m / 545 ft
course: 84°
speed: 77 kts
</description>
                    <LookAt>
                        <longitude>2.3790153881945</longitude>
                        <latitude>46.867217874931</latitude>
                        <altitude>0</altitude>
                        <heading>0</heading>
                        <tilt>70</tilt>
                        <range>3000</range>
                        <gx:altitudeMode>relativeToSeaFloor</gx:altitudeMode>
                    </LookAt>
                    <styleUrl>#msn_ylw-pushpin0</styleUrl>
                    <Point>
                        <extrude>1</extrude>
                        <altitudeMode>absolute</altitudeMode>
                        <gx:drawOrder>1</gx:drawOrder>
                        <coordinates>2.3790153881945,46.867217874931,633.73397022393</coordinates>
                    </Point>
                </Placemark>
                
                <Placemark>
                    <name>13:13:05 - 76 kts - 2110 ft</name>
                    <visibility>0</visibility>
                    <description>latitude: 46.867426
longitude: 2.380538
altitude: 643 m / 2110 ft
elevation: 166 m / 545 ft
course: 77°
speed: 76 kts
</description>
                    <LookAt>
                        <longitude>2.3805383949957</longitude>
                        <latitude>46.867426190518</latitude>
                        <altitude>0</altitude>
                        <heading>0</heading>
                        <tilt>70</tilt>
                        <range>3000</range>
                        <gx:altitudeMode>relativeToSeaFloor</gx:altitudeMode>
                    </LookAt>
                    <styleUrl>#msn_ylw-pushpin0</styleUrl>
                    <Point>
                        <extrude>1</extrude>
                        <altitudeMode>absolute</altitudeMode>
                        <gx:drawOrder>1</gx:drawOrder>
                        <coordinates>2.3805383949957,46.867426190518,643.26692322735</coordinates>
                    </Point>
                </Placemark>
                
                <Placemark>
                    <name>13:13:08 - 74 kts - 2146 ft</name>
                    <visibility>0</visibility>
                    <description>latitude: 46.867734
longitude: 2.381970
altitude: 654 m / 2146 ft
elevation: 166 m / 545 ft
course: 71°
speed: 74 kts
</description>
                    <LookAt>
                        <longitude>2.3819702403351</longitude>
                        <latitude>46.86773438347</latitude>
                        <altitude>0</altitude>
                        <heading>0</heading>
                        <tilt>70</tilt>
                        <range>3000</range>
                        <gx:altitudeMode>relativeToSeaFloor</gx:altitudeMode>
                    </LookAt>
                    <styleUrl>#msn_ylw-pushpin0</styleUrl>
                    <Point>
                        <extrude>1</extrude>
                        <altitudeMode>absolute</altitudeMode>
                        <gx:drawOrder>1</gx:drawOrder>
                        <coordinates>2.3819702403351,46.86773438347,654.23485599831</coordinates>
                    </Point>
                </Placemark>
                
                <Placemark>
                    <name>13:13:11 - 74 kts - 2172 ft</name>
                    <visibility>0</visibility>
                    <description>latitude: 46.868147
longitude: 2.383330
altitude: 662 m / 2172 ft
elevation: 167 m / 548 ft
course: 65°
speed: 74 kts
</description>
                    <LookAt>
                        <longitude>2.3833301805117</longitude>
                        <latitude>46.868147388005</latitude>
                        <altitude>0</altitude>
                        <heading>0</heading>
                        <tilt>70</tilt>
                        <range>3000</range>
                        <gx:altitudeMode>relativeToSeaFloor</gx:altitudeMode>
                    </LookAt>
                    <styleUrl>#msn_ylw-pushpin0</styleUrl>
                    <Point>
                        <extrude>1</extrude>
                        <altitudeMode>absolute</altitudeMode>
                        <gx:drawOrder>1</gx:drawOrder>
                        <coordinates>2.3833301805117,46.868147388005,662.11216480006</coordinates>
                    </Point>
                </Placemark>
                
                <Placemark>
                    <name>13:13:14 - 78 kts - 2171 ft</name>
                    <visibility>0</visibility>
                    <description>latitude: 46.868697
longitude: 2.384672
altitude: 662 m / 2171 ft
elevation: 167 m / 548 ft
course: 58°
speed: 78 kts
</description>
                    <LookAt>
                        <longitude>2.3846718180432</longitude>
                        <latitude>46.868697339965</latitude>
                        <altitude>0</altitude>
                        <heading>0</heading>
                        <tilt>70</tilt>
                        <range>3000</range>
                        <gx:altitudeMode>relativeToSeaFloor</gx:altitudeMode>
                    </LookAt>
                    <styleUrl>#msn_ylw-pushpin0</styleUrl>
                    <Point>
                        <extrude>1</extrude>
                        <altitudeMode>absolute</altitudeMode>
                        <gx:drawOrder>1</gx:drawOrder>
                        <coordinates>2.3846718180432,46.868697339965,661.61063416954</coordinates>
                    </Point>
                </Placemark>
                
                <Placemark>
                    <name>13:13:16 - 82 kts - 2147 ft</name>
                    <visibility>0</visibility>
                    <description>latitude: 46.869161
longitude: 2.385536
altitude: 654 m / 2147 ft
elevation: 168 m / 551 ft
course: 51°
speed: 82 kts
</description>
                    <LookAt>
                        <longitude>2.3855355827206</longitude>
                        <latitude>46.869161266799</latitude>
                        <altitude>0</altitude>
                        <heading>0</heading>
                        <tilt>70</tilt>
                        <range>3000</range>
                        <gx:altitudeMode>relativeToSeaFloor</gx:altitudeMode>
                    </LookAt>
                    <styleUrl>#msn_ylw-pushpin0</styleUrl>
                    <Point>
                        <extrude>1</extrude>
                        <altitudeMode>absolute</altitudeMode>
                        <gx:drawOrder>1</gx:drawOrder>
                        <coordinates>2.3855355827206,46.869161266799,654.43517497461</coordinates>
                    </Point>
                </Placemark>
                
                <Placemark>
                    <name>13:13:19 - 87 kts - 2113 ft</name>
                    <visibility>0</visibility>
                    <description>latitude: 46.869767
longitude: 2.386312
altitude: 644 m / 2113 ft
elevation: 168 m / 551 ft
course: 41°
speed: 87 kts
</description>
                    <LookAt>
                        <longitude>2.3863115248412</longitude>
                        <latitude>46.869767330065</latitude>
                        <altitude>0</altitude>
                        <heading>0</heading>
                        <tilt>70</tilt>
                        <range>3000</range>
                        <gx:altitudeMode>relativeToSeaFloor</gx:altitudeMode>
                    </LookAt>
                    <styleUrl>#msn_ylw-pushpin0</styleUrl>
                    <Point>
                        <extrude>1</extrude>
                        <altitudeMode>absolute</altitudeMode>
                        <gx:drawOrder>1</gx:drawOrder>
                        <coordinates>2.3863115248412,46.869767330065,643.95863128733</coordinates>
                    </Point>
                </Placemark>
                
                <Placemark>
                    <name>13:13:20 - 89 kts - 2101 ft</name>
                    <visibility>0</visibility>
                    <description>latitude: 46.870116
longitude: 2.386647
altitude: 640 m / 2101 ft
elevation: 168 m / 551 ft
course: 35°
speed: 89 kts
</description>
                    <LookAt>
                        <longitude>2.3866472968602</longitude>
                        <latitude>46.870115763833</latitude>
                        <altitude>0</altitude>
                        <heading>0</heading>
                        <tilt>70</tilt>
                        <range>3000</range>
                        <gx:altitudeMode>relativeToSeaFloor</gx:altitudeMode>
                    </LookAt>
                    <styleUrl>#msn_ylw-pushpin0</styleUrl>
                    <Point>
                        <extrude>1</extrude>
                        <altitudeMode>absolute</altitudeMode>
                        <gx:drawOrder>1</gx:drawOrder>
                        <coordinates>2.3866472968602,46.870115763833,640.3079281617</coordinates>
                    </Point>
                </Placemark>
                
                <Placemark>
                    <name>13:13:22 - 91 kts - 2092 ft</name>
                    <visibility>0</visibility>
                    <description>latitude: 46.870867
longitude: 2.387213
altitude: 638 m / 2092 ft
elevation: 167 m / 548 ft
course: 27°
speed: 91 kts
</description>
                    <LookAt>
                        <longitude>2.3872133712174</longitude>
                        <latitude>46.870867077655</latitude>
                        <altitude>0</altitude>
                        <heading>0</heading>
                        <tilt>70</tilt>
                        <range>3000</range>
                        <gx:altitudeMode>relativeToSeaFloor</gx:altitudeMode>
                    </LookAt>
                    <styleUrl>#msn_ylw-pushpin0</styleUrl>
                    <Point>
                        <extrude>1</extrude>
                        <altitudeMode>absolute</altitudeMode>
                        <gx:drawOrder>1</gx:drawOrder>
                        <coordinates>2.3872133712174,46.870867077655,637.51882371213</coordinates>
                    </Point>
                </Placemark>
                
                <Placemark>
                    <name>13:13:24 - 92 kts - 2083 ft</name>
                    <visibility>0</visibility>
                    <description>latitude: 46.871663
longitude: 2.387657
altitude: 635 m / 2083 ft
elevation: 167 m / 548 ft
course: 21°
speed: 92 kts
</description>
                    <LookAt>
                        <longitude>2.3876566147822</longitude>
                        <latitude>46.871663369453</latitude>
                        <altitude>0</altitude>
                        <heading>0</heading>
                        <tilt>70</tilt>
                        <range>3000</range>
                        <gx:altitudeMode>relativeToSeaFloor</gx:altitudeMode>
                    </LookAt>
                    <styleUrl>#msn_ylw-pushpin0</styleUrl>
                    <Point>
                        <extrude>1</extrude>
                        <altitudeMode>absolute</altitudeMode>
                        <gx:drawOrder>1</gx:drawOrder>
                        <coordinates>2.3876566147822,46.871663369453,634.89780442417</coordinates>
                    </Point>
                </Placemark>
                
                <Placemark>
                    <name>13:13:26 - 93 kts - 2073 ft</name>
                    <visibility>0</visibility>
                    <description>latitude: 46.872495
longitude: 2.387998
altitude: 632 m / 2073 ft
elevation: 170 m / 558 ft
course: 15°
speed: 93 kts
</description>
                    <LookAt>
                        <longitude>2.3879984175364</longitude>
                        <latitude>46.872494936641</latitude>
                        <altitude>0</altitude>
                        <heading>0</heading>
                        <tilt>70</tilt>
                        <range>3000</range>
                        <gx:altitudeMode>relativeToSeaFloor</gx:altitudeMode>
                    </LookAt>
                    <styleUrl>#msn_ylw-pushpin0</styleUrl>
                    <Point>
                        <extrude>1</extrude>
                        <altitudeMode>absolute</altitudeMode>
                        <gx:drawOrder>1</gx:drawOrder>
                        <coordinates>2.3879984175364,46.872494936641,631.91867526807</coordinates>
                    </Point>
                </Placemark>
                
                <Placemark>
                    <name>13:13:28 - 94 kts - 2064 ft</name>
                    <visibility>0</visibility>
                    <description>latitude: 46.873357
longitude: 2.388184
altitude: 629 m / 2064 ft
elevation: 170 m / 558 ft
course: 8°
speed: 94 kts
</description>
                    <LookAt>
                        <longitude>2.388184210401</longitude>
                        <latitude>46.873357211141</latitude>
                        <altitude>0</altitude>
                        <heading>0</heading>
                        <tilt>70</tilt>
                        <range>3000</range>
                        <gx:altitudeMode>relativeToSeaFloor</gx:altitudeMode>
                    </LookAt>
                    <styleUrl>#msn_ylw-pushpin0</styleUrl>
                    <Point>
                        <extrude>1</extrude>
                        <altitudeMode>absolute</altitudeMode>
                        <gx:drawOrder>1</gx:drawOrder>
                        <coordinates>2.388184210401,46.873357211141,629.03594315052</coordinates>
                    </Point>
                </Placemark>
                
                <Placemark>
                    <name>13:13:30 - 95 kts - 2054 ft</name>
                    <visibility>0</visibility>
                    <description>latitude: 46.874236
longitude: 2.388220
altitude: 626 m / 2054 ft
elevation: 171 m / 561 ft
course: 1°
speed: 95 kts
</description>
                    <LookAt>
                        <longitude>2.3882197531162</longitude>
                        <latitude>46.874235534642</latitude>
                        <altitude>0</altitude>
                        <heading>0</heading>
                        <tilt>70</tilt>
                        <range>3000</range>
                        <gx:altitudeMode>relativeToSeaFloor</gx:altitudeMode>
                    </LookAt>
                    <styleUrl>#msn_ylw-pushpin0</styleUrl>
                    <Point>
                        <extrude>1</extrude>
                        <altitudeMode>absolute</altitudeMode>
                        <gx:drawOrder>1</gx:drawOrder>
                        <coordinates>2.3882197531162,46.874235534642,626.08015468251</coordinates>
                    </Point>
                </Placemark>
                
                <Placemark>
                    <name>13:13:31 - 96 kts - 2046 ft</name>
                    <visibility>0</visibility>
                    <description>latitude: 46.874680
longitude: 2.388193
altitude: 624 m / 2046 ft
elevation: 171 m / 561 ft
course: 359°
speed: 96 kts
</description>
                    <LookAt>
                        <longitude>2.3881934058055</longitude>
                        <latitude>46.874679887656</latitude>
                        <altitude>0</altitude>
                        <heading>0</heading>
                        <tilt>70</tilt>
                        <range>3000</range>
                        <gx:altitudeMode>relativeToSeaFloor</gx:altitudeMode>
                    </LookAt>
                    <styleUrl>#msn_ylw-pushpin0</styleUrl>
                    <Point>
                        <extrude>1</extrude>
                        <altitudeMode>absolute</altitudeMode>
                        <gx:drawOrder>1</gx:drawOrder>
                        <coordinates>2.3881934058055,46.874679887656,623.71402548626</coordinates>
                    </Point>
                </Placemark>
                
                <Placemark>
                    <name>13:13:33 - 97 kts - 2033 ft</name>
                    <visibility>0</visibility>
                    <description>latitude: 46.875570
longitude: 2.388035
altitude: 620 m / 2033 ft
elevation: 171 m / 561 ft
course: 353°
speed: 97 kts
</description>
                    <LookAt>
                        <longitude>2.3880349283219</longitude>
                        <latitude>46.875569810642</latitude>
                        <altitude>0</altitude>
                        <heading>0</heading>
                        <tilt>70</tilt>
                        <range>3000</range>
                        <gx:altitudeMode>relativeToSeaFloor</gx:altitudeMode>
                    </LookAt>
                    <styleUrl>#msn_ylw-pushpin0</styleUrl>
                    <Point>
                        <extrude>1</extrude>
                        <altitudeMode>absolute</altitudeMode>
                        <gx:drawOrder>1</gx:drawOrder>
                        <coordinates>2.3880349283219,46.875569810642,619.75856362656</coordinates>
                    </Point>
                </Placemark>
                
                <Placemark>
                    <name>13:13:35 - 97 kts - 2022 ft</name>
                    <visibility>0</visibility>
                    <description>latitude: 46.876452
longitude: 2.387755
altitude: 616 m / 2022 ft
elevation: 170 m / 558 ft
course: 347°
speed: 97 kts
</description>
                    <LookAt>
                        <longitude>2.3877552245585</longitude>
                        <latitude>46.876452353636</latitude>
                        <altitude>0</altitude>
                        <heading>0</heading>
                        <tilt>70</tilt>
                        <range>3000</range>
                        <gx:altitudeMode>relativeToSeaFloor</gx:altitudeMode>
                    </LookAt>
                    <styleUrl>#msn_ylw-pushpin0</styleUrl>
                    <Point>
                        <extrude>1</extrude>
                        <altitudeMode>absolute</altitudeMode>
                        <gx:drawOrder>1</gx:drawOrder>
                        <coordinates>2.3877552245585,46.876452353636,616.43274109252</coordinates>
                    </Point>
                </Placemark>
                
                <Placemark>
                    <name>13:13:37 - 97 kts - 2015 ft</name>
                    <visibility>0</visibility>
                    <description>latitude: 46.877310
longitude: 2.387350
altitude: 614 m / 2015 ft
elevation: 170 m / 558 ft
course: 341°
speed: 97 kts
</description>
                    <LookAt>
                        <longitude>2.3873500742703</longitude>
                        <latitude>46.877310358044</latitude>
                        <altitude>0</altitude>
                        <heading>0</heading>
                        <tilt>70</tilt>
                        <range>3000</range>
                        <gx:altitudeMode>relativeToSeaFloor</gx:altitudeMode>
                    </LookAt>
                    <styleUrl>#msn_ylw-pushpin0</styleUrl>
                    <Point>
                        <extrude>1</extrude>
                        <altitudeMode>absolute</altitudeMode>
                        <gx:drawOrder>1</gx:drawOrder>
                        <coordinates>2.3873500742703,46.877310358044,614.27272896655</coordinates>
                    </Point>
                </Placemark>
                
                <Placemark>
                    <name>13:13:40 - 96 kts - 2036 ft</name>
                    <visibility>0</visibility>
                    <description>latitude: 46.878529
longitude: 2.386547
altitude: 620 m / 2036 ft
elevation: 168 m / 551 ft
course: 334°
speed: 96 kts
</description>
                    <LookAt>
                        <longitude>2.3865470421437</longitude>
                        <latitude>46.87852914068</latitude>
                        <altitude>0</altitude>
                        <heading>0</heading>
                        <tilt>70</tilt>
                        <range>3000</range>
                        <gx:altitudeMode>relativeToSeaFloor</gx:altitudeMode>
                    </LookAt>
                    <styleUrl>#msn_ylw-pushpin0</styleUrl>
                    <Point>
                        <extrude>1</extrude>
                        <altitudeMode>absolute</altitudeMode>
                        <gx:drawOrder>1</gx:drawOrder>
                        <coordinates>2.3865470421437,46.87852914068,620.43142634537</coordinates>
                    </Point>
                </Placemark>
                
                <Placemark>
                    <name>13:13:43 - 95 kts - 2054 ft</name>
                    <visibility>0</visibility>
                    <description>latitude: 46.879665
longitude: 2.385568
altitude: 626 m / 2054 ft
elevation: 168 m / 551 ft
course: 328°
speed: 95 kts
</description>
                    <LookAt>
                        <longitude>2.3855680788965</longitude>
                        <latitude>46.879665066312</latitude>
                        <altitude>0</altitude>
                        <heading>0</heading>
                        <tilt>70</tilt>
                        <range>3000</range>
                        <gx:altitudeMode>relativeToSeaFloor</gx:altitudeMode>
                    </LookAt>
                    <styleUrl>#msn_ylw-pushpin0</styleUrl>
                    <Point>
                        <extrude>1</extrude>
                        <altitudeMode>absolute</altitudeMode>
                        <gx:drawOrder>1</gx:drawOrder>
                        <coordinates>2.3855680788965,46.879665066312,626.08769472688</coordinates>
                    </Point>
                </Placemark>
                
                <Placemark>
                    <name>13:13:46 - 93 kts - 2048 ft</name>
                    <visibility>0</visibility>
                    <description>latitude: 46.880713
longitude: 2.384448
altitude: 624 m / 2048 ft
elevation: 168 m / 551 ft
course: 323°
speed: 93 kts
</description>
                    <LookAt>
                        <longitude>2.3844478872965</longitude>
                        <latitude>46.880712565937</latitude>
                        <altitude>0</altitude>
                        <heading>0</heading>
                        <tilt>70</tilt>
                        <range>3000</range>
                        <gx:altitudeMode>relativeToSeaFloor</gx:altitudeMode>
                    </LookAt>
                    <styleUrl>#msn_ylw-pushpin0</styleUrl>
                    <Point>
                        <extrude>1</extrude>
                        <altitudeMode>absolute</altitudeMode>
                        <gx:drawOrder>1</gx:drawOrder>
                        <coordinates>2.3844478872965,46.880712565937,624.22733601741</coordinates>
                    </Point>
                </Placemark>
                
                <Placemark>
                    <name>13:13:49 - 92 kts - 2026 ft</name>
                    <visibility>0</visibility>
                    <description>latitude: 46.881673
longitude: 2.383206
altitude: 617 m / 2026 ft
elevation: 167 m / 548 ft
course: 317°
speed: 92 kts
</description>
                    <LookAt>
                        <longitude>2.3832062258787</longitude>
                        <latitude>46.881673006647</latitude>
                        <altitude>0</altitude>
                        <heading>0</heading>
                        <tilt>70</tilt>
                        <range>3000</range>
                        <gx:altitudeMode>relativeToSeaFloor</gx:altitudeMode>
                    </LookAt>
                    <styleUrl>#msn_ylw-pushpin0</styleUrl>
                    <Point>
                        <extrude>1</extrude>
                        <altitudeMode>absolute</altitudeMode>
                        <gx:drawOrder>1</gx:drawOrder>
                        <coordinates>2.3832062258787,46.881673006647,617.48245093971</coordinates>
                    </Point>
                </Placemark>
                
                <Placemark>
                    <name>13:13:52 - 92 kts - 2006 ft</name>
                    <visibility>0</visibility>
                    <description>latitude: 46.882538
longitude: 2.381841
altitude: 611 m / 2006 ft
elevation: 170 m / 558 ft
course: 312°
speed: 92 kts
</description>
                    <LookAt>
                        <longitude>2.381841444605</longitude>
                        <latitude>46.882537753958</latitude>
                        <altitude>0</altitude>
                        <heading>0</heading>
                        <tilt>70</tilt>
                        <range>3000</range>
                        <gx:altitudeMode>relativeToSeaFloor</gx:altitudeMode>
                    </LookAt>
                    <styleUrl>#msn_ylw-pushpin0</styleUrl>
                    <Point>
                        <extrude>1</extrude>
                        <altitudeMode>absolute</altitudeMode>
                        <gx:drawOrder>1</gx:drawOrder>
                        <coordinates>2.381841444605,46.882537753958,611.47409111448</coordinates>
                    </Point>
                </Placemark>
                
                <Placemark>
                    <name>13:13:56 - 93 kts - 1953 ft</name>
                    <visibility>0</visibility>
                    <description>latitude: 46.883571
longitude: 2.379854
altitude: 595 m / 1953 ft
elevation: 167 m / 548 ft
course: 304°
speed: 93 kts
</description>
                    <LookAt>
                        <longitude>2.3798542177946</longitude>
                        <latitude>46.883570711485</latitude>
                        <altitude>0</altitude>
                        <heading>0</heading>
                        <tilt>70</tilt>
                        <range>3000</range>
                        <gx:altitudeMode>relativeToSeaFloor</gx:altitudeMode>
                    </LookAt>
                    <styleUrl>#msn_ylw-pushpin0</styleUrl>
                    <Point>
                        <extrude>1</extrude>
                        <altitudeMode>absolute</altitudeMode>
                        <gx:drawOrder>1</gx:drawOrder>
                        <coordinates>2.3798542177946,46.883570711485,595.15896882396</coordinates>
                    </Point>
                </Placemark>
                
                <Placemark>
                    <name>13:13:58 - 94 kts - 1925 ft</name>
                    <visibility>0</visibility>
                    <description>latitude: 46.883977
longitude: 2.378726
altitude: 587 m / 1925 ft
elevation: 168 m / 551 ft
course: 297°
speed: 94 kts
</description>
                    <LookAt>
                        <longitude>2.3787256411798</longitude>
                        <latitude>46.883977242308</latitude>
                        <altitude>0</altitude>
                        <heading>0</heading>
                        <tilt>70</tilt>
                        <range>3000</range>
                        <gx:altitudeMode>relativeToSeaFloor</gx:altitudeMode>
                    </LookAt>
                    <styleUrl>#msn_ylw-pushpin0</styleUrl>
                    <Point>
                        <extrude>1</extrude>
                        <altitudeMode>absolute</altitudeMode>
                        <gx:drawOrder>1</gx:drawOrder>
                        <coordinates>2.3787256411798,46.883977242308,586.73886052147</coordinates>
                    </Point>
                </Placemark>
                
                <Placemark>
                    <name>13:14:00 - 95 kts - 1908 ft</name>
                    <visibility>0</visibility>
                    <description>latitude: 46.884276
longitude: 2.377520
altitude: 582 m / 1908 ft
elevation: 166 m / 545 ft
course: 290°
speed: 95 kts
</description>
                    <LookAt>
                        <longitude>2.3775198291428</longitude>
                        <latitude>46.884275590464</latitude>
                        <altitude>0</altitude>
                        <heading>0</heading>
                        <tilt>70</tilt>
                        <range>3000</range>
                        <gx:altitudeMode>relativeToSeaFloor</gx:altitudeMode>
                    </LookAt>
                    <styleUrl>#msn_ylw-pushpin0</styleUrl>
                    <Point>
                        <extrude>1</extrude>
                        <altitudeMode>absolute</altitudeMode>
                        <gx:drawOrder>1</gx:drawOrder>
                        <coordinates>2.3775198291428,46.884275590464,581.54811400548</coordinates>
                    </Point>
                </Placemark>
                
                <Placemark>
                    <name>13:14:02 - 94 kts - 1904 ft</name>
                    <visibility>0</visibility>
                    <description>latitude: 46.884495
longitude: 2.376293
altitude: 580 m / 1904 ft
elevation: 170 m / 558 ft
course: 284°
speed: 94 kts
</description>
                    <LookAt>
                        <longitude>2.3762925553075</longitude>
                        <latitude>46.884494865654</latitude>
                        <altitude>0</altitude>
                        <heading>0</heading>
                        <tilt>70</tilt>
                        <range>3000</range>
                        <gx:altitudeMode>relativeToSeaFloor</gx:altitudeMode>
                    </LookAt>
                    <styleUrl>#msn_ylw-pushpin0</styleUrl>
                    <Point>
                        <extrude>1</extrude>
                        <altitudeMode>absolute</altitudeMode>
                        <gx:drawOrder>1</gx:drawOrder>
                        <coordinates>2.3762925553075,46.884494865654,580.30527876038</coordinates>
                    </Point>
                </Placemark>
                
                <Placemark>
                    <name>13:14:05 - 90 kts - 1908 ft</name>
                    <visibility>0</visibility>
                    <description>latitude: 46.884699
longitude: 2.374469
altitude: 581 m / 1908 ft
elevation: 170 m / 558 ft
course: 278°
speed: 90 kts
</description>
                    <LookAt>
                        <longitude>2.3744690767179</longitude>
                        <latitude>46.884699199278</latitude>
                        <altitude>0</altitude>
                        <heading>0</heading>
                        <tilt>70</tilt>
                        <range>3000</range>
                        <gx:altitudeMode>relativeToSeaFloor</gx:altitudeMode>
                    </LookAt>
                    <styleUrl>#msn_ylw-pushpin0</styleUrl>
                    <Point>
                        <extrude>1</extrude>
                        <altitudeMode>absolute</altitudeMode>
                        <gx:drawOrder>1</gx:drawOrder>
                        <coordinates>2.3744690767179,46.884699199278,581.41457321029</coordinates>
                    </Point>
                </Placemark>
                
                <Placemark>
                    <name>13:14:07 - 88 kts - 1916 ft</name>
                    <visibility>0</visibility>
                    <description>latitude: 46.884732
longitude: 2.373279
altitude: 584 m / 1916 ft
elevation: 171 m / 561 ft
course: 272°
speed: 88 kts
</description>
                    <LookAt>
                        <longitude>2.3732793985003</longitude>
                        <latitude>46.884731716679</latitude>
                        <altitude>0</altitude>
                        <heading>0</heading>
                        <tilt>70</tilt>
                        <range>3000</range>
                        <gx:altitudeMode>relativeToSeaFloor</gx:altitudeMode>
                    </LookAt>
                    <styleUrl>#msn_ylw-pushpin0</styleUrl>
                    <Point>
                        <extrude>1</extrude>
                        <altitudeMode>absolute</altitudeMode>
                        <gx:drawOrder>1</gx:drawOrder>
                        <coordinates>2.3732793985003,46.884731716679,583.94476757944</coordinates>
                    </Point>
                </Placemark>
                
                <Placemark>
                    <name>13:14:09 - 85 kts - 1937 ft</name>
                    <visibility>0</visibility>
                    <description>latitude: 46.884670
longitude: 2.372127
altitude: 590 m / 1937 ft
elevation: 167 m / 548 ft
course: 265°
speed: 85 kts
</description>
                    <LookAt>
                        <longitude>2.3721269622914</longitude>
                        <latitude>46.884670436367</latitude>
                        <altitude>0</altitude>
                        <heading>0</heading>
                        <tilt>70</tilt>
                        <range>3000</range>
                        <gx:altitudeMode>relativeToSeaFloor</gx:altitudeMode>
                    </LookAt>
                    <styleUrl>#msn_ylw-pushpin0</styleUrl>
                    <Point>
                        <extrude>1</extrude>
                        <altitudeMode>absolute</altitudeMode>
                        <gx:drawOrder>1</gx:drawOrder>
                        <coordinates>2.3721269622914,46.884670436367,590.42901104875</coordinates>
                    </Point>
                </Placemark>
                
                <Placemark>
                    <name>13:14:11 - 83 kts - 1945 ft</name>
                    <visibility>0</visibility>
                    <description>latitude: 46.884545
longitude: 2.371025
altitude: 593 m / 1945 ft
elevation: 167 m / 548 ft
course: 260°
speed: 83 kts
</description>
                    <LookAt>
                        <longitude>2.3710250655089</longitude>
                        <latitude>46.884544817392</latitude>
                        <altitude>0</altitude>
                        <heading>0</heading>
                        <tilt>70</tilt>
                        <range>3000</range>
                        <gx:altitudeMode>relativeToSeaFloor</gx:altitudeMode>
                    </LookAt>
                    <styleUrl>#msn_ylw-pushpin0</styleUrl>
                    <Point>
                        <extrude>1</extrude>
                        <altitudeMode>absolute</altitudeMode>
                        <gx:drawOrder>1</gx:drawOrder>
                        <coordinates>2.3710250655089,46.884544817392,592.72081511095</coordinates>
                    </Point>
                </Placemark>
                
                <Placemark>
                    <name>13:14:13 - 81 kts - 1952 ft</name>
                    <visibility>0</visibility>
                    <description>latitude: 46.884338
longitude: 2.369973
altitude: 595 m / 1952 ft
elevation: 167 m / 548 ft
course: 254°
speed: 81 kts
</description>
                    <LookAt>
                        <longitude>2.3699734556545</longitude>
                        <latitude>46.88433784349</latitude>
                        <altitude>0</altitude>
                        <heading>0</heading>
                        <tilt>70</tilt>
                        <range>3000</range>
                        <gx:altitudeMode>relativeToSeaFloor</gx:altitudeMode>
                    </LookAt>
                    <styleUrl>#msn_ylw-pushpin0</styleUrl>
                    <Point>
                        <extrude>1</extrude>
                        <altitudeMode>absolute</altitudeMode>
                        <gx:drawOrder>1</gx:drawOrder>
                        <coordinates>2.3699734556545,46.88433784349,594.98950467631</coordinates>
                    </Point>
                </Placemark>
                
                <Placemark>
                    <name>13:14:15 - 80 kts - 1959 ft</name>
                    <visibility>0</visibility>
                    <description>latitude: 46.884035
longitude: 2.368994
altitude: 597 m / 1959 ft
elevation: 166 m / 545 ft
course: 245°
speed: 80 kts
</description>
                    <LookAt>
                        <longitude>2.3689939383594</longitude>
                        <latitude>46.884035239409</latitude>
                        <altitude>0</altitude>
                        <heading>0</heading>
                        <tilt>70</tilt>
                        <range>3000</range>
                        <gx:altitudeMode>relativeToSeaFloor</gx:altitudeMode>
                    </LookAt>
                    <styleUrl>#msn_ylw-pushpin0</styleUrl>
                    <Point>
                        <extrude>1</extrude>
                        <altitudeMode>absolute</altitudeMode>
                        <gx:drawOrder>1</gx:drawOrder>
                        <coordinates>2.3689939383594,46.884035239409,597.18362477981</coordinates>
                    </Point>
                </Placemark>
                
                <Placemark>
                    <name>13:14:17 - 79 kts - 1963 ft</name>
                    <visibility>0</visibility>
                    <description>latitude: 46.883664
longitude: 2.368078
altitude: 598 m / 1963 ft
elevation: 164 m / 538 ft
course: 239°
speed: 79 kts
</description>
                    <LookAt>
                        <longitude>2.3680781137043</longitude>
                        <latitude>46.883663712851</latitude>
                        <altitude>0</altitude>
                        <heading>0</heading>
                        <tilt>70</tilt>
                        <range>3000</range>
                        <gx:altitudeMode>relativeToSeaFloor</gx:altitudeMode>
                    </LookAt>
                    <styleUrl>#msn_ylw-pushpin0</styleUrl>
                    <Point>
                        <extrude>1</extrude>
                        <altitudeMode>absolute</altitudeMode>
                        <gx:drawOrder>1</gx:drawOrder>
                        <coordinates>2.3680781137043,46.883663712851,598.46577800065</coordinates>
                    </Point>
                </Placemark>
                
                <Placemark>
                    <name>13:14:19 - 79 kts - 1964 ft</name>
                    <visibility>0</visibility>
                    <description>latitude: 46.883233
longitude: 2.367222
altitude: 599 m / 1964 ft
elevation: 164 m / 538 ft
course: 233°
speed: 79 kts
</description>
                    <LookAt>
                        <longitude>2.3672222809478</longitude>
                        <latitude>46.883232784827</latitude>
                        <altitude>0</altitude>
                        <heading>0</heading>
                        <tilt>70</tilt>
                        <range>3000</range>
                        <gx:altitudeMode>relativeToSeaFloor</gx:altitudeMode>
                    </LookAt>
                    <styleUrl>#msn_ylw-pushpin0</styleUrl>
                    <Point>
                        <extrude>1</extrude>
                        <altitudeMode>absolute</altitudeMode>
                        <gx:drawOrder>1</gx:drawOrder>
                        <coordinates>2.3672222809478,46.883232784827,598.56388246641</coordinates>
                    </Point>
                </Placemark>
                
                <Placemark>
                    <name>13:14:21 - 79 kts - 1969 ft</name>
                    <visibility>0</visibility>
                    <description>latitude: 46.882737
longitude: 2.366448
altitude: 600 m / 1969 ft
elevation: 168 m / 551 ft
course: 227°
speed: 79 kts
</description>
                    <LookAt>
                        <longitude>2.3664479867802</longitude>
                        <latitude>46.882736726361</latitude>
                        <altitude>0</altitude>
                        <heading>0</heading>
                        <tilt>70</tilt>
                        <range>3000</range>
                        <gx:altitudeMode>relativeToSeaFloor</gx:altitudeMode>
                    </LookAt>
                    <styleUrl>#msn_ylw-pushpin0</styleUrl>
                    <Point>
                        <extrude>1</extrude>
                        <altitudeMode>absolute</altitudeMode>
                        <gx:drawOrder>1</gx:drawOrder>
                        <coordinates>2.3664479867802,46.882736726361,600.23469296377</coordinates>
                    </Point>
                </Placemark>
                
                <Placemark>
                    <name>13:14:23 - 78 kts - 1981 ft</name>
                    <visibility>0</visibility>
                    <description>latitude: 46.882198
longitude: 2.365748
altitude: 604 m / 1981 ft
elevation: 164 m / 538 ft
course: 221°
speed: 78 kts
</description>
                    <LookAt>
                        <longitude>2.3657477183033</longitude>
                        <latitude>46.882197840096</latitude>
                        <altitude>0</altitude>
                        <heading>0</heading>
                        <tilt>70</tilt>
                        <range>3000</range>
                        <gx:altitudeMode>relativeToSeaFloor</gx:altitudeMode>
                    </LookAt>
                    <styleUrl>#msn_ylw-pushpin0</styleUrl>
                    <Point>
                        <extrude>1</extrude>
                        <altitudeMode>absolute</altitudeMode>
                        <gx:drawOrder>1</gx:drawOrder>
                        <coordinates>2.3657477183033,46.882197840096,603.71741966903</coordinates>
                    </Point>
                </Placemark>
                
                <Placemark>
                    <name>13:14:25 - 76 kts - 1982 ft</name>
                    <visibility>0</visibility>
                    <description>latitude: 46.881613
longitude: 2.365166
altitude: 604 m / 1982 ft
elevation: 163 m / 535 ft
course: 214°
speed: 76 kts
</description>
                    <LookAt>
                        <longitude>2.3651657952729</longitude>
                        <latitude>46.88161344647</latitude>
                        <altitude>0</altitude>
                        <heading>0</heading>
                        <tilt>70</tilt>
                        <range>3000</range>
                        <gx:altitudeMode>relativeToSeaFloor</gx:altitudeMode>
                    </LookAt>
                    <styleUrl>#msn_ylw-pushpin0</styleUrl>
                    <Point>
                        <extrude>1</extrude>
                        <altitudeMode>absolute</altitudeMode>
                        <gx:drawOrder>1</gx:drawOrder>
                        <coordinates>2.3651657952729,46.88161344647,604.054834757</coordinates>
                    </Point>
                </Placemark>
                
                <Placemark>
                    <name>13:14:27 - 75 kts - 1973 ft</name>
                    <visibility>0</visibility>
                    <description>latitude: 46.881009
longitude: 2.364664
altitude: 601 m / 1973 ft
elevation: 163 m / 535 ft
course: 209°
speed: 75 kts
</description>
                    <LookAt>
                        <longitude>2.3646638298964</longitude>
                        <latitude>46.881009471387</latitude>
                        <altitude>0</altitude>
                        <heading>0</heading>
                        <tilt>70</tilt>
                        <range>3000</range>
                        <gx:altitudeMode>relativeToSeaFloor</gx:altitudeMode>
                    </LookAt>
                    <styleUrl>#msn_ylw-pushpin0</styleUrl>
                    <Point>
                        <extrude>1</extrude>
                        <altitudeMode>absolute</altitudeMode>
                        <gx:drawOrder>1</gx:drawOrder>
                        <coordinates>2.3646638298964,46.881009471387,601.37896726746</coordinates>
                    </Point>
                </Placemark>
                
                <Placemark>
                    <name>13:14:29 - 75 kts - 1956 ft</name>
                    <visibility>0</visibility>
                    <description>latitude: 46.880367
longitude: 2.364285
altitude: 596 m / 1956 ft
elevation: 161 m / 528 ft
course: 202°
speed: 75 kts
</description>
                    <LookAt>
                        <longitude>2.364285302563</longitude>
                        <latitude>46.880367275282</latitude>
                        <altitude>0</altitude>
                        <heading>0</heading>
                        <tilt>70</tilt>
                        <range>3000</range>
                        <gx:altitudeMode>relativeToSeaFloor</gx:altitudeMode>
                    </LookAt>
                    <styleUrl>#msn_ylw-pushpin0</styleUrl>
                    <Point>
                        <extrude>1</extrude>
                        <altitudeMode>absolute</altitudeMode>
                        <gx:drawOrder>1</gx:drawOrder>
                        <coordinates>2.364285302563,46.880367275282,596.06884062476</coordinates>
                    </Point>
                </Placemark>
                
                <Placemark>
                    <name>13:14:31 - 75 kts - 1933 ft</name>
                    <visibility>0</visibility>
                    <description>latitude: 46.879693
longitude: 2.364038
altitude: 589 m / 1933 ft
elevation: 161 m / 528 ft
course: 194°
speed: 75 kts
</description>
                    <LookAt>
                        <longitude>2.3640376302759</longitude>
                        <latitude>46.879692839597</latitude>
                        <altitude>0</altitude>
                        <heading>0</heading>
                        <tilt>70</tilt>
                        <range>3000</range>
                        <gx:altitudeMode>relativeToSeaFloor</gx:altitudeMode>
                    </LookAt>
                    <styleUrl>#msn_ylw-pushpin0</styleUrl>
                    <Point>
                        <extrude>1</extrude>
                        <altitudeMode>absolute</altitudeMode>
                        <gx:drawOrder>1</gx:drawOrder>
                        <coordinates>2.3640376302759,46.879692839597,589.19930270966</coordinates>
                    </Point>
                </Placemark>
                
                <Placemark>
                    <name>13:14:34 - 76 kts - 1905 ft</name>
                    <visibility>0</visibility>
                    <description>latitude: 46.878647
longitude: 2.363795
altitude: 581 m / 1905 ft
elevation: 160 m / 525 ft
course: 188°
speed: 76 kts
</description>
                    <LookAt>
                        <longitude>2.3637954872108</longitude>
                        <latitude>46.878647467325</latitude>
                        <altitude>0</altitude>
                        <heading>0</heading>
                        <tilt>70</tilt>
                        <range>3000</range>
                        <gx:altitudeMode>relativeToSeaFloor</gx:altitudeMode>
                    </LookAt>
                    <styleUrl>#msn_ylw-pushpin0</styleUrl>
                    <Point>
                        <extrude>1</extrude>
                        <altitudeMode>absolute</altitudeMode>
                        <gx:drawOrder>1</gx:drawOrder>
                        <coordinates>2.3637954872108,46.878647467325,580.64344535396</coordinates>
                    </Point>
                </Placemark>
                
                <Placemark>
                    <name>13:14:39 - 76 kts - 1883 ft</name>
                    <visibility>0</visibility>
                    <description>latitude: 46.876888
longitude: 2.363618
altitude: 574 m / 1883 ft
elevation: 164 m / 538 ft
course: 182°
speed: 76 kts
</description>
                    <LookAt>
                        <longitude>2.3636177648327</longitude>
                        <latitude>46.876887827872</latitude>
                        <altitude>0</altitude>
                        <heading>0</heading>
                        <tilt>70</tilt>
                        <range>3000</range>
                        <gx:altitudeMode>relativeToSeaFloor</gx:altitudeMode>
                    </LookAt>
                    <styleUrl>#msn_ylw-pushpin0</styleUrl>
                    <Point>
                        <extrude>1</extrude>
                        <altitudeMode>absolute</altitudeMode>
                        <gx:drawOrder>1</gx:drawOrder>
                        <coordinates>2.3636177648327,46.876887827872,573.83713198081</coordinates>
                    </Point>
                </Placemark>
                
                <Placemark>
                    <name>13:14:42 - 76 kts - 1876 ft</name>
                    <visibility>0</visibility>
                    <description>latitude: 46.875837
longitude: 2.363701
altitude: 572 m / 1876 ft
elevation: 164 m / 538 ft
course: 176°
speed: 76 kts
</description>
                    <LookAt>
                        <longitude>2.363701478214</longitude>
                        <latitude>46.875837496838</latitude>
                        <altitude>0</altitude>
                        <heading>0</heading>
                        <tilt>70</tilt>
                        <range>3000</range>
                        <gx:altitudeMode>relativeToSeaFloor</gx:altitudeMode>
                    </LookAt>
                    <styleUrl>#msn_ylw-pushpin0</styleUrl>
                    <Point>
                        <extrude>1</extrude>
                        <altitudeMode>absolute</altitudeMode>
                        <gx:drawOrder>1</gx:drawOrder>
                        <coordinates>2.363701478214,46.875837496838,571.79561939742</coordinates>
                    </Point>
                </Placemark>
                
                <Placemark>
                    <name>13:14:47 - 75 kts - 1867 ft</name>
                    <visibility>0</visibility>
                    <description>latitude: 46.874109
longitude: 2.364077
altitude: 569 m / 1867 ft
elevation: 166 m / 545 ft
course: 169°
speed: 75 kts
</description>
                    <LookAt>
                        <longitude>2.3640773802559</longitude>
                        <latitude>46.874108868298</latitude>
                        <altitude>0</altitude>
                        <heading>0</heading>
                        <tilt>70</tilt>
                        <range>3000</range>
                        <gx:altitudeMode>relativeToSeaFloor</gx:altitudeMode>
                    </LookAt>
                    <styleUrl>#msn_ylw-pushpin0</styleUrl>
                    <Point>
                        <extrude>1</extrude>
                        <altitudeMode>absolute</altitudeMode>
                        <gx:drawOrder>1</gx:drawOrder>
                        <coordinates>2.3640773802559,46.874108868298,569.2062811153</coordinates>
                    </Point>
                </Placemark>
                
                <Placemark>
                    <name>13:14:50 - 75 kts - 1857 ft</name>
                    <visibility>0</visibility>
                    <description>latitude: 46.873108
longitude: 2.364486
altitude: 566 m / 1857 ft
elevation: 164 m / 538 ft
course: 163°
speed: 75 kts
</description>
                    <LookAt>
                        <longitude>2.3644863030628</longitude>
                        <latitude>46.87310766295</latitude>
                        <altitude>0</altitude>
                        <heading>0</heading>
                        <tilt>70</tilt>
                        <range>3000</range>
                        <gx:altitudeMode>relativeToSeaFloor</gx:altitudeMode>
                    </LookAt>
                    <styleUrl>#msn_ylw-pushpin0</styleUrl>
                    <Point>
                        <extrude>1</extrude>
                        <altitudeMode>absolute</altitudeMode>
                        <gx:drawOrder>1</gx:drawOrder>
                        <coordinates>2.3644863030628,46.87310766295,565.86814663745</coordinates>
                    </Point>
                </Placemark>
                
                <Placemark>
                    <name>13:14:53 - 75 kts - 1842 ft</name>
                    <visibility>0</visibility>
                    <description>latitude: 46.872138
longitude: 2.365043
altitude: 561 m / 1842 ft
elevation: 166 m / 545 ft
course: 157°
speed: 75 kts
</description>
                    <LookAt>
                        <longitude>2.3650434226085</longitude>
                        <latitude>46.872138349041</latitude>
                        <altitude>0</altitude>
                        <heading>0</heading>
                        <tilt>70</tilt>
                        <range>3000</range>
                        <gx:altitudeMode>relativeToSeaFloor</gx:altitudeMode>
                    </LookAt>
                    <styleUrl>#msn_ylw-pushpin0</styleUrl>
                    <Point>
                        <extrude>1</extrude>
                        <altitudeMode>absolute</altitudeMode>
                        <gx:drawOrder>1</gx:drawOrder>
                        <coordinates>2.3650434226085,46.872138349041,561.42520847917</coordinates>
                    </Point>
                </Placemark>
                
                <Placemark>
                    <name>13:14:57 - 74 kts - 1844 ft</name>
                    <visibility>0</visibility>
                    <description>latitude: 46.870915
longitude: 2.365960
altitude: 562 m / 1844 ft
elevation: 163 m / 535 ft
course: 152°
speed: 74 kts
</description>
                    <LookAt>
                        <longitude>2.3659596421886</longitude>
                        <latitude>46.870915413311</latitude>
                        <altitude>0</altitude>
                        <heading>0</heading>
                        <tilt>70</tilt>
                        <range>3000</range>
                        <gx:altitudeMode>relativeToSeaFloor</gx:altitudeMode>
                    </LookAt>
                    <styleUrl>#msn_ylw-pushpin0</styleUrl>
                    <Point>
                        <extrude>1</extrude>
                        <altitudeMode>absolute</altitudeMode>
                        <gx:drawOrder>1</gx:drawOrder>
                        <coordinates>2.3659596421886,46.870915413311,562.05052389856</coordinates>
                    </Point>
                </Placemark>
                
                <Placemark>
                    <name>13:15:00 - 73 kts - 1841 ft</name>
                    <visibility>0</visibility>
                    <description>latitude: 46.869777
longitude: 2.367007
altitude: 561 m / 1841 ft
elevation: 163 m / 535 ft
course: 146°
speed: 73 kts
</description>
                    <LookAt>
                        <longitude>2.3670071058198</longitude>
                        <latitude>46.869776958432</latitude>
                        <altitude>0</altitude>
                        <heading>0</heading>
                        <tilt>70</tilt>
                        <range>3000</range>
                        <gx:altitudeMode>relativeToSeaFloor</gx:altitudeMode>
                    </LookAt>
                    <styleUrl>#msn_ylw-pushpin0</styleUrl>
                    <Point>
                        <extrude>1</extrude>
                        <altitudeMode>absolute</altitudeMode>
                        <gx:drawOrder>1</gx:drawOrder>
                        <coordinates>2.3670071058198,46.869776958432,561.22234946676</coordinates>
                    </Point>
                </Placemark>
                
                <Placemark>
                    <name>13:15:04 - 72 kts - 1821 ft</name>
                    <visibility>0</visibility>
                    <description>latitude: 46.868729
longitude: 2.368222
altitude: 555 m / 1821 ft
elevation: 166 m / 545 ft
course: 139°
speed: 72 kts
</description>
                    <LookAt>
                        <longitude>2.3682224250842</longitude>
                        <latitude>46.868729267152</latitude>
                        <altitude>0</altitude>
                        <heading>0</heading>
                        <tilt>70</tilt>
                        <range>3000</range>
                        <gx:altitudeMode>relativeToSeaFloor</gx:altitudeMode>
                    </LookAt>
                    <styleUrl>#msn_ylw-pushpin0</styleUrl>
                    <Point>
                        <extrude>1</extrude>
                        <altitudeMode>absolute</altitudeMode>
                        <gx:drawOrder>1</gx:drawOrder>
                        <coordinates>2.3682224250842,46.868729267152,554.93372972962</coordinates>
                    </Point>
                </Placemark>
                
                <Placemark>
                    <name>13:15:06 - 72 kts - 1808 ft</name>
                    <visibility>0</visibility>
                    <description>latitude: 46.868265
longitude: 2.368928
altitude: 551 m / 1808 ft
elevation: 163 m / 535 ft
course: 134°
speed: 72 kts
</description>
                    <LookAt>
                        <longitude>2.368927962456</longitude>
                        <latitude>46.868264658821</latitude>
                        <altitude>0</altitude>
                        <heading>0</heading>
                        <tilt>70</tilt>
                        <range>3000</range>
                        <gx:altitudeMode>relativeToSeaFloor</gx:altitudeMode>
                    </LookAt>
                    <styleUrl>#msn_ylw-pushpin0</styleUrl>
                    <Point>
                        <extrude>1</extrude>
                        <altitudeMode>absolute</altitudeMode>
                        <gx:drawOrder>1</gx:drawOrder>
                        <coordinates>2.368927962456,46.868264658821,551.19428502955</coordinates>
                    </Point>
                </Placemark>
                
                <Placemark>
                    <name>13:15:08 - 73 kts - 1794 ft</name>
                    <visibility>0</visibility>
                    <description>latitude: 46.867846
longitude: 2.369699
altitude: 547 m / 1794 ft
elevation: 163 m / 535 ft
course: 128°
speed: 73 kts
</description>
                    <LookAt>
                        <longitude>2.3696994116738</longitude>
                        <latitude>46.867846349951</latitude>
                        <altitude>0</altitude>
                        <heading>0</heading>
                        <tilt>70</tilt>
                        <range>3000</range>
                        <gx:altitudeMode>relativeToSeaFloor</gx:altitudeMode>
                    </LookAt>
                    <styleUrl>#msn_ylw-pushpin0</styleUrl>
                    <Point>
                        <extrude>1</extrude>
                        <altitudeMode>absolute</altitudeMode>
                        <gx:drawOrder>1</gx:drawOrder>
                        <coordinates>2.3696994116738,46.867846349951,546.91730112955</coordinates>
                    </Point>
                </Placemark>
                
                <Placemark>
                    <name>13:15:11 - 74 kts - 1775 ft</name>
                    <visibility>0</visibility>
                    <description>latitude: 46.867297
longitude: 2.370960
altitude: 541 m / 1775 ft
elevation: 167 m / 548 ft
course: 121°
speed: 74 kts
</description>
                    <LookAt>
                        <longitude>2.3709604293061</longitude>
                        <latitude>46.867296785601</latitude>
                        <altitude>0</altitude>
                        <heading>0</heading>
                        <tilt>70</tilt>
                        <range>3000</range>
                        <gx:altitudeMode>relativeToSeaFloor</gx:altitudeMode>
                    </LookAt>
                    <styleUrl>#msn_ylw-pushpin0</styleUrl>
                    <Point>
                        <extrude>1</extrude>
                        <altitudeMode>absolute</altitudeMode>
                        <gx:drawOrder>1</gx:drawOrder>
                        <coordinates>2.3709604293061,46.867296785601,541.09668092988</coordinates>
                    </Point>
                </Placemark>
                
                <Placemark>
                    <name>13:15:14 - 75 kts - 1761 ft</name>
                    <visibility>0</visibility>
                    <description>latitude: 46.866824
longitude: 2.372315
altitude: 537 m / 1761 ft
elevation: 167 m / 548 ft
course: 116°
speed: 75 kts
</description>
                    <LookAt>
                        <longitude>2.3723152717208</longitude>
                        <latitude>46.866824457037</latitude>
                        <altitude>0</altitude>
                        <heading>0</heading>
                        <tilt>70</tilt>
                        <range>3000</range>
                        <gx:altitudeMode>relativeToSeaFloor</gx:altitudeMode>
                    </LookAt>
                    <styleUrl>#msn_ylw-pushpin0</styleUrl>
                    <Point>
                        <extrude>1</extrude>
                        <altitudeMode>absolute</altitudeMode>
                        <gx:drawOrder>1</gx:drawOrder>
                        <coordinates>2.3723152717208,46.866824457037,536.8474358134</coordinates>
                    </Point>
                </Placemark>
                
                <Placemark>
                    <name>13:15:17 - 75 kts - 1771 ft</name>
                    <visibility>0</visibility>
                    <description>latitude: 46.866471
longitude: 2.373743
altitude: 540 m / 1771 ft
elevation: 167 m / 548 ft
course: 109°
speed: 75 kts
</description>
                    <LookAt>
                        <longitude>2.3737430653155</longitude>
                        <latitude>46.866471157273</latitude>
                        <altitude>0</altitude>
                        <heading>0</heading>
                        <tilt>70</tilt>
                        <range>3000</range>
                        <gx:altitudeMode>relativeToSeaFloor</gx:altitudeMode>
                    </LookAt>
                    <styleUrl>#msn_ylw-pushpin0</styleUrl>
                    <Point>
                        <extrude>1</extrude>
                        <altitudeMode>absolute</altitudeMode>
                        <gx:drawOrder>1</gx:drawOrder>
                        <coordinates>2.3737430653155,46.866471157273,539.90118802432</coordinates>
                    </Point>
                </Placemark>
                
                <Placemark>
                    <name>13:15:21 - 73 kts - 1795 ft</name>
                    <visibility>0</visibility>
                    <description>latitude: 46.866130
longitude: 2.375668
altitude: 547 m / 1795 ft
elevation: 167 m / 548 ft
course: 104°
speed: 73 kts
</description>
                    <LookAt>
                        <longitude>2.3756683122886</longitude>
                        <latitude>46.866129988537</latitude>
                        <altitude>0</altitude>
                        <heading>0</heading>
                        <tilt>70</tilt>
                        <range>3000</range>
                        <gx:altitudeMode>relativeToSeaFloor</gx:altitudeMode>
                    </LookAt>
                    <styleUrl>#msn_ylw-pushpin0</styleUrl>
                    <Point>
                        <extrude>1</extrude>
                        <altitudeMode>absolute</altitudeMode>
                        <gx:drawOrder>1</gx:drawOrder>
                        <coordinates>2.3756683122886,46.866129988537,547.21376478113</coordinates>
                    </Point>
                </Placemark>
                
                <Placemark>
                    <name>13:15:27 - 72 kts - 1794 ft</name>
                    <visibility>0</visibility>
                    <description>latitude: 46.865827
longitude: 2.378032
altitude: 547 m / 1794 ft
elevation: 167 m / 548 ft
course: 98°
speed: 72 kts
</description>
                    <LookAt>
                        <longitude>2.3780319008763</longitude>
                        <latitude>46.86582674556</latitude>
                        <altitude>0</altitude>
                        <heading>0</heading>
                        <tilt>70</tilt>
                        <range>3000</range>
                        <gx:altitudeMode>relativeToSeaFloor</gx:altitudeMode>
                    </LookAt>
                    <styleUrl>#msn_ylw-pushpin0</styleUrl>
                    <Point>
                        <extrude>1</extrude>
                        <altitudeMode>absolute</altitudeMode>
                        <gx:drawOrder>1</gx:drawOrder>
                        <coordinates>2.3780319008763,46.86582674556,546.66907779966</coordinates>
                    </Point>
                </Placemark>
                
                <Placemark>
                    <name>13:15:30 - 74 kts - 1775 ft</name>
                    <visibility>0</visibility>
                    <description>latitude: 46.865751
longitude: 2.379520
altitude: 541 m / 1775 ft
elevation: 166 m / 545 ft
course: 93°
speed: 74 kts
</description>
                    <LookAt>
                        <longitude>2.3795195646655</longitude>
                        <latitude>46.86575112788</latitude>
                        <altitude>0</altitude>
                        <heading>0</heading>
                        <tilt>70</tilt>
                        <range>3000</range>
                        <gx:altitudeMode>relativeToSeaFloor</gx:altitudeMode>
                    </LookAt>
                    <styleUrl>#msn_ylw-pushpin0</styleUrl>
                    <Point>
                        <extrude>1</extrude>
                        <altitudeMode>absolute</altitudeMode>
                        <gx:drawOrder>1</gx:drawOrder>
                        <coordinates>2.3795195646655,46.86575112788,540.91197177861</coordinates>
                    </Point>
                </Placemark>
                
                <Placemark>
                    <name>13:15:33 - 76 kts - 1763 ft</name>
                    <visibility>0</visibility>
                    <description>latitude: 46.865768
longitude: 2.381045
altitude: 537 m / 1763 ft
elevation: 167 m / 548 ft
course: 88°
speed: 76 kts
</description>
                    <LookAt>
                        <longitude>2.3810447117293</longitude>
                        <latitude>46.865767736025</latitude>
                        <altitude>0</altitude>
                        <heading>0</heading>
                        <tilt>70</tilt>
                        <range>3000</range>
                        <gx:altitudeMode>relativeToSeaFloor</gx:altitudeMode>
                    </LookAt>
                    <styleUrl>#msn_ylw-pushpin0</styleUrl>
                    <Point>
                        <extrude>1</extrude>
                        <altitudeMode>absolute</altitudeMode>
                        <gx:drawOrder>1</gx:drawOrder>
                        <coordinates>2.3810447117293,46.865767736025,537.39632597007</coordinates>
                    </Point>
                </Placemark>
                
                <Placemark>
                    <name>13:15:37 - 77 kts - 1755 ft</name>
                    <visibility>0</visibility>
                    <description>latitude: 46.865919
longitude: 2.383095
altitude: 535 m / 1755 ft
elevation: 168 m / 551 ft
course: 83°
speed: 77 kts
</description>
                    <LookAt>
                        <longitude>2.3830948701684</longitude>
                        <latitude>46.86591882146</latitude>
                        <altitude>0</altitude>
                        <heading>0</heading>
                        <tilt>70</tilt>
                        <range>3000</range>
                        <gx:altitudeMode>relativeToSeaFloor</gx:altitudeMode>
                    </LookAt>
                    <styleUrl>#msn_ylw-pushpin0</styleUrl>
                    <Point>
                        <extrude>1</extrude>
                        <altitudeMode>absolute</altitudeMode>
                        <gx:drawOrder>1</gx:drawOrder>
                        <coordinates>2.3830948701684,46.86591882146,534.85896048322</coordinates>
                    </Point>
                </Placemark>
                
                <Placemark>
                    <name>13:15:40 - 77 kts - 1749 ft</name>
                    <visibility>0</visibility>
                    <description>latitude: 46.866137
longitude: 2.384615
altitude: 533 m / 1749 ft
elevation: 170 m / 558 ft
course: 77°
speed: 77 kts
</description>
                    <LookAt>
                        <longitude>2.3846154903862</longitude>
                        <latitude>46.866137232333</latitude>
                        <altitude>0</altitude>
                        <heading>0</heading>
                        <tilt>70</tilt>
                        <range>3000</range>
                        <gx:altitudeMode>relativeToSeaFloor</gx:altitudeMode>
                    </LookAt>
                    <styleUrl>#msn_ylw-pushpin0</styleUrl>
                    <Point>
                        <extrude>1</extrude>
                        <altitudeMode>absolute</altitudeMode>
                        <gx:drawOrder>1</gx:drawOrder>
                        <coordinates>2.3846154903862,46.866137232333,533.04231864586</coordinates>
                    </Point>
                </Placemark>
                
                <Placemark>
                    <name>13:15:43 - 78 kts - 1743 ft</name>
                    <visibility>0</visibility>
                    <description>latitude: 46.866480
longitude: 2.386108
altitude: 531 m / 1743 ft
elevation: 168 m / 551 ft
course: 70°
speed: 78 kts
</description>
                    <LookAt>
                        <longitude>2.3861076437908</longitude>
                        <latitude>46.866479502588</latitude>
                        <altitude>0</altitude>
                        <heading>0</heading>
                        <tilt>70</tilt>
                        <range>3000</range>
                        <gx:altitudeMode>relativeToSeaFloor</gx:altitudeMode>
                    </LookAt>
                    <styleUrl>#msn_ylw-pushpin0</styleUrl>
                    <Point>
                        <extrude>1</extrude>
                        <altitudeMode>absolute</altitudeMode>
                        <gx:drawOrder>1</gx:drawOrder>
                        <coordinates>2.3861076437908,46.866479502588,531.31532029714</coordinates>
                    </Point>
                </Placemark>
                
                <Placemark>
                    <name>13:15:46 - 79 kts - 1733 ft</name>
                    <visibility>0</visibility>
                    <description>latitude: 46.866956
longitude: 2.387550
altitude: 528 m / 1733 ft
elevation: 174 m / 571 ft
course: 63°
speed: 79 kts
</description>
                    <LookAt>
                        <longitude>2.3875498909995</longitude>
                        <latitude>46.866956063046</latitude>
                        <altitude>0</altitude>
                        <heading>0</heading>
                        <tilt>70</tilt>
                        <range>3000</range>
                        <gx:altitudeMode>relativeToSeaFloor</gx:altitudeMode>
                    </LookAt>
                    <styleUrl>#msn_ylw-pushpin0</styleUrl>
                    <Point>
                        <extrude>1</extrude>
                        <altitudeMode>absolute</altitudeMode>
                        <gx:drawOrder>1</gx:drawOrder>
                        <coordinates>2.3875498909995,46.866956063046,528.22220800631</coordinates>
                    </Point>
                </Placemark>
                
                <Placemark>
                    <name>13:15:49 - 80 kts - 1720 ft</name>
                    <visibility>0</visibility>
                    <description>latitude: 46.867552
longitude: 2.388918
altitude: 524 m / 1720 ft
elevation: 170 m / 558 ft
course: 56°
speed: 80 kts
</description>
                    <LookAt>
                        <longitude>2.3889177365389</longitude>
                        <latitude>46.867551814601</latitude>
                        <altitude>0</altitude>
                        <heading>0</heading>
                        <tilt>70</tilt>
                        <range>3000</range>
                        <gx:altitudeMode>relativeToSeaFloor</gx:altitudeMode>
                    </LookAt>
                    <styleUrl>#msn_ylw-pushpin0</styleUrl>
                    <Point>
                        <extrude>1</extrude>
                        <altitudeMode>absolute</altitudeMode>
                        <gx:drawOrder>1</gx:drawOrder>
                        <coordinates>2.3889177365389,46.867551814601,524.36460884474</coordinates>
                    </Point>
                </Placemark>
                
                <Placemark>
                    <name>13:15:52 - 81 kts - 1716 ft</name>
                    <visibility>0</visibility>
                    <description>latitude: 46.868274
longitude: 2.390186
altitude: 523 m / 1716 ft
elevation: 170 m / 558 ft
course: 49°
speed: 81 kts
</description>
                    <LookAt>
                        <longitude>2.390186236182</longitude>
                        <latitude>46.86827355518</latitude>
                        <altitude>0</altitude>
                        <heading>0</heading>
                        <tilt>70</tilt>
                        <range>3000</range>
                        <gx:altitudeMode>relativeToSeaFloor</gx:altitudeMode>
                    </LookAt>
                    <styleUrl>#msn_ylw-pushpin0</styleUrl>
                    <Point>
                        <extrude>1</extrude>
                        <altitudeMode>absolute</altitudeMode>
                        <gx:drawOrder>1</gx:drawOrder>
                        <coordinates>2.390186236182,46.86827355518,523.17745725904</coordinates>
                    </Point>
                </Placemark>
                
                <Placemark>
                    <name>13:15:54 - 80 kts - 1725 ft</name>
                    <visibility>0</visibility>
                    <description>latitude: 46.868810
longitude: 2.390936
altitude: 526 m / 1725 ft
elevation: 170 m / 558 ft
course: 43°
speed: 80 kts
</description>
                    <LookAt>
                        <longitude>2.3909357553865</longitude>
                        <latitude>46.868810257768</latitude>
                        <altitude>0</altitude>
                        <heading>0</heading>
                        <tilt>70</tilt>
                        <range>3000</range>
                        <gx:altitudeMode>relativeToSeaFloor</gx:altitudeMode>
                    </LookAt>
                    <styleUrl>#msn_ylw-pushpin0</styleUrl>
                    <Point>
                        <extrude>1</extrude>
                        <altitudeMode>absolute</altitudeMode>
                        <gx:drawOrder>1</gx:drawOrder>
                        <coordinates>2.3909357553865,46.868810257768,525.70759026986</coordinates>
                    </Point>
                </Placemark>
                
                <Placemark>
                    <name>13:15:56 - 80 kts - 1739 ft</name>
                    <visibility>0</visibility>
                    <description>latitude: 46.869386
longitude: 2.391607
altitude: 530 m / 1739 ft
elevation: 170 m / 558 ft
course: 38°
speed: 80 kts
</description>
                    <LookAt>
                        <longitude>2.3916068752551</longitude>
                        <latitude>46.869386217518</latitude>
                        <altitude>0</altitude>
                        <heading>0</heading>
                        <tilt>70</tilt>
                        <range>3000</range>
                        <gx:altitudeMode>relativeToSeaFloor</gx:altitudeMode>
                    </LookAt>
                    <styleUrl>#msn_ylw-pushpin0</styleUrl>
                    <Point>
                        <extrude>1</extrude>
                        <altitudeMode>absolute</altitudeMode>
                        <gx:drawOrder>1</gx:drawOrder>
                        <coordinates>2.3916068752551,46.869386217518,530.18878926337</coordinates>
                    </Point>
                </Placemark>
                
                <Placemark>
                    <name>13:15:59 - 78 kts - 1772 ft</name>
                    <visibility>0</visibility>
                    <description>latitude: 46.870299
longitude: 2.392490
altitude: 540 m / 1772 ft
elevation: 174 m / 571 ft
course: 33°
speed: 78 kts
</description>
                    <LookAt>
                        <longitude>2.3924901951665</longitude>
                        <latitude>46.870298585485</latitude>
                        <altitude>0</altitude>
                        <heading>0</heading>
                        <tilt>70</tilt>
                        <range>3000</range>
                        <gx:altitudeMode>relativeToSeaFloor</gx:altitudeMode>
                    </LookAt>
                    <styleUrl>#msn_ylw-pushpin0</styleUrl>
                    <Point>
                        <extrude>1</extrude>
                        <altitudeMode>absolute</altitudeMode>
                        <gx:drawOrder>1</gx:drawOrder>
                        <coordinates>2.3924901951665,46.870298585485,539.97893716395</coordinates>
                    </Point>
                </Placemark>
                
                <Placemark>
                    <name>13:16:03 - 77 kts - 1803 ft</name>
                    <visibility>0</visibility>
                    <description>latitude: 46.871550
longitude: 2.393487
altitude: 549 m / 1803 ft
elevation: 175 m / 574 ft
course: 27°
speed: 77 kts
</description>
                    <LookAt>
                        <longitude>2.3934872288644</longitude>
                        <latitude>46.87155001884</latitude>
                        <altitude>0</altitude>
                        <heading>0</heading>
                        <tilt>70</tilt>
                        <range>3000</range>
                        <gx:altitudeMode>relativeToSeaFloor</gx:altitudeMode>
                    </LookAt>
                    <styleUrl>#msn_ylw-pushpin0</styleUrl>
                    <Point>
                        <extrude>1</extrude>
                        <altitudeMode>absolute</altitudeMode>
                        <gx:drawOrder>1</gx:drawOrder>
                        <coordinates>2.3934872288644,46.87155001884,549.49196370877</coordinates>
                    </Point>
                </Placemark>
                
                <Placemark>
                    <name>13:16:06 - 80 kts - 1805 ft</name>
                    <visibility>0</visibility>
                    <description>latitude: 46.872574
longitude: 2.394058
altitude: 550 m / 1805 ft
elevation: 177 m / 581 ft
course: 19°
speed: 80 kts
</description>
                    <LookAt>
                        <longitude>2.394057988198</longitude>
                        <latitude>46.872573772707</latitude>
                        <altitude>0</altitude>
                        <heading>0</heading>
                        <tilt>70</tilt>
                        <range>3000</range>
                        <gx:altitudeMode>relativeToSeaFloor</gx:altitudeMode>
                    </LookAt>
                    <styleUrl>#msn_ylw-pushpin0</styleUrl>
                    <Point>
                        <extrude>1</extrude>
                        <altitudeMode>absolute</altitudeMode>
                        <gx:drawOrder>1</gx:drawOrder>
                        <coordinates>2.394057988198,46.872573772707,550.04105253797</coordinates>
                    </Point>
                </Placemark>
                
                <Placemark>
                    <name>13:16:08 - 82 kts - 1801 ft</name>
                    <visibility>0</visibility>
                    <description>latitude: 46.873304
longitude: 2.394330
altitude: 549 m / 1801 ft
elevation: 177 m / 581 ft
course: 14°
speed: 82 kts
</description>
                    <LookAt>
                        <longitude>2.3943296197084</longitude>
                        <latitude>46.87330424081</latitude>
                        <altitude>0</altitude>
                        <heading>0</heading>
                        <tilt>70</tilt>
                        <range>3000</range>
                        <gx:altitudeMode>relativeToSeaFloor</gx:altitudeMode>
                    </LookAt>
                    <styleUrl>#msn_ylw-pushpin0</styleUrl>
                    <Point>
                        <extrude>1</extrude>
                        <altitudeMode>absolute</altitudeMode>
                        <gx:drawOrder>1</gx:drawOrder>
                        <coordinates>2.3943296197084,46.87330424081,549.02460810449</coordinates>
                    </Point>
                </Placemark>
                
                <Placemark>
                    <name>13:16:11 - 83 kts - 1802 ft</name>
                    <visibility>0</visibility>
                    <description>latitude: 46.874444
longitude: 2.394587
altitude: 549 m / 1802 ft
elevation: 177 m / 581 ft
course: 8°
speed: 83 kts
</description>
                    <LookAt>
                        <longitude>2.3945872221697</longitude>
                        <latitude>46.874444396092</latitude>
                        <altitude>0</altitude>
                        <heading>0</heading>
                        <tilt>70</tilt>
                        <range>3000</range>
                        <gx:altitudeMode>relativeToSeaFloor</gx:altitudeMode>
                    </LookAt>
                    <styleUrl>#msn_ylw-pushpin0</styleUrl>
                    <Point>
                        <extrude>1</extrude>
                        <altitudeMode>absolute</altitudeMode>
                        <gx:drawOrder>1</gx:drawOrder>
                        <coordinates>2.3945872221697,46.874444396092,549.36286031082</coordinates>
                    </Point>
                </Placemark>
                
                <Placemark>
                    <name>13:16:16 - 84 kts - 1815 ft</name>
                    <visibility>0</visibility>
                    <description>latitude: 46.876369
longitude: 2.394815
altitude: 553 m / 1815 ft
elevation: 180 m / 591 ft
course: 3°
speed: 84 kts
</description>
                    <LookAt>
                        <longitude>2.3948148030696</longitude>
                        <latitude>46.876369261639</latitude>
                        <altitude>0</altitude>
                        <heading>0</heading>
                        <tilt>70</tilt>
                        <range>3000</range>
                        <gx:altitudeMode>relativeToSeaFloor</gx:altitudeMode>
                    </LookAt>
                    <styleUrl>#msn_ylw-pushpin0</styleUrl>
                    <Point>
                        <extrude>1</extrude>
                        <altitudeMode>absolute</altitudeMode>
                        <gx:drawOrder>1</gx:drawOrder>
                        <coordinates>2.3948148030696,46.876369261639,553.11615197081</coordinates>
                    </Point>
                </Placemark>
                
                <Placemark>
                    <name>13:16:18 - 83 kts - 1822 ft</name>
                    <visibility>0</visibility>
                    <description>latitude: 46.877142
longitude: 2.394811
altitude: 555 m / 1822 ft
elevation: 180 m / 591 ft
course: 360°
speed: 83 kts
</description>
                    <LookAt>
                        <longitude>2.394810604364</longitude>
                        <latitude>46.877141823226</latitude>
                        <altitude>0</altitude>
                        <heading>0</heading>
                        <tilt>70</tilt>
                        <range>3000</range>
                        <gx:altitudeMode>relativeToSeaFloor</gx:altitudeMode>
                    </LookAt>
                    <styleUrl>#msn_ylw-pushpin0</styleUrl>
                    <Point>
                        <extrude>1</extrude>
                        <altitudeMode>absolute</altitudeMode>
                        <gx:drawOrder>1</gx:drawOrder>
                        <coordinates>2.394810604364,46.877141823226,555.23580876179</coordinates>
                    </Point>
                </Placemark>
                
                <Placemark>
                    <name>13:16:22 - 84 kts - 1829 ft</name>
                    <visibility>0</visibility>
                    <description>latitude: 46.878692
longitude: 2.394621
altitude: 558 m / 1829 ft
elevation: 178 m / 584 ft
course: 353°
speed: 84 kts
</description>
                    <LookAt>
                        <longitude>2.3946214736768</longitude>
                        <latitude>46.878692441565</latitude>
                        <altitude>0</altitude>
                        <heading>0</heading>
                        <tilt>70</tilt>
                        <range>3000</range>
                        <gx:altitudeMode>relativeToSeaFloor</gx:altitudeMode>
                    </LookAt>
                    <styleUrl>#msn_ylw-pushpin0</styleUrl>
                    <Point>
                        <extrude>1</extrude>
                        <altitudeMode>absolute</altitudeMode>
                        <gx:drawOrder>1</gx:drawOrder>
                        <coordinates>2.3946214736768,46.878692441565,557.59479227755</coordinates>
                    </Point>
                </Placemark>
                
                <Placemark>
                    <name>13:16:25 - 85 kts - 1821 ft</name>
                    <visibility>0</visibility>
                    <description>latitude: 46.879849
longitude: 2.394272
altitude: 555 m / 1821 ft
elevation: 174 m / 571 ft
course: 347°
speed: 85 kts
</description>
                    <LookAt>
                        <longitude>2.3942720736374</longitude>
                        <latitude>46.879849198791</latitude>
                        <altitude>0</altitude>
                        <heading>0</heading>
                        <tilt>70</tilt>
                        <range>3000</range>
                        <gx:altitudeMode>relativeToSeaFloor</gx:altitudeMode>
                    </LookAt>
                    <styleUrl>#msn_ylw-pushpin0</styleUrl>
                    <Point>
                        <extrude>1</extrude>
                        <altitudeMode>absolute</altitudeMode>
                        <gx:drawOrder>1</gx:drawOrder>
                        <coordinates>2.3942720736374,46.879849198791,554.99741608556</coordinates>
                    </Point>
                </Placemark>
                
                <Placemark>
                    <name>13:16:28 - 87 kts - 1822 ft</name>
                    <visibility>0</visibility>
                    <description>latitude: 46.880998
longitude: 2.393700
altitude: 555 m / 1822 ft
elevation: 171 m / 561 ft
course: 340°
speed: 87 kts
</description>
                    <LookAt>
                        <longitude>2.3936997744994</longitude>
                        <latitude>46.880998037008</latitude>
                        <altitude>0</altitude>
                        <heading>0</heading>
                        <tilt>70</tilt>
                        <range>3000</range>
                        <gx:altitudeMode>relativeToSeaFloor</gx:altitudeMode>
                    </LookAt>
                    <styleUrl>#msn_ylw-pushpin0</styleUrl>
                    <Point>
                        <extrude>1</extrude>
                        <altitudeMode>absolute</altitudeMode>
                        <gx:drawOrder>1</gx:drawOrder>
                        <coordinates>2.3936997744994,46.880998037008,555.43062589318</coordinates>
                    </Point>
                </Placemark>
                
                <Placemark>
                    <name>13:16:31 - 85 kts - 1846 ft</name>
                    <visibility>0</visibility>
                    <description>latitude: 46.882074
longitude: 2.392953
altitude: 563 m / 1846 ft
elevation: 171 m / 561 ft
course: 333°
speed: 85 kts
</description>
                    <LookAt>
                        <longitude>2.3929530473791</longitude>
                        <latitude>46.882073579627</latitude>
                        <altitude>0</altitude>
                        <heading>0</heading>
                        <tilt>70</tilt>
                        <range>3000</range>
                        <gx:altitudeMode>relativeToSeaFloor</gx:altitudeMode>
                    </LookAt>
                    <styleUrl>#msn_ylw-pushpin0</styleUrl>
                    <Point>
                        <extrude>1</extrude>
                        <altitudeMode>absolute</altitudeMode>
                        <gx:drawOrder>1</gx:drawOrder>
                        <coordinates>2.3929530473791,46.882073579627,562.70683959126</coordinates>
                    </Point>
                </Placemark>
                
                <Placemark>
                    <name>13:16:34 - 82 kts - 1866 ft</name>
                    <visibility>0</visibility>
                    <description>latitude: 46.883059
longitude: 2.392085
altitude: 569 m / 1866 ft
elevation: 171 m / 561 ft
course: 328°
speed: 82 kts
</description>
                    <LookAt>
                        <longitude>2.3920851328146</longitude>
                        <latitude>46.883059477844</latitude>
                        <altitude>0</altitude>
                        <heading>0</heading>
                        <tilt>70</tilt>
                        <range>3000</range>
                        <gx:altitudeMode>relativeToSeaFloor</gx:altitudeMode>
                    </LookAt>
                    <styleUrl>#msn_ylw-pushpin0</styleUrl>
                    <Point>
                        <extrude>1</extrude>
                        <altitudeMode>absolute</altitudeMode>
                        <gx:drawOrder>1</gx:drawOrder>
                        <coordinates>2.3920851328146,46.883059477844,568.69273565896</coordinates>
                    </Point>
                </Placemark>
                
                <Placemark>
                    <name>13:16:36 - 81 kts - 1872 ft</name>
                    <visibility>0</visibility>
                    <description>latitude: 46.883657
longitude: 2.391422
altitude: 570 m / 1872 ft
elevation: 171 m / 561 ft
course: 322°
speed: 81 kts
</description>
                    <LookAt>
                        <longitude>2.3914223869091</longitude>
                        <latitude>46.883656674095</latitude>
                        <altitude>0</altitude>
                        <heading>0</heading>
                        <tilt>70</tilt>
                        <range>3000</range>
                        <gx:altitudeMode>relativeToSeaFloor</gx:altitudeMode>
                    </LookAt>
                    <styleUrl>#msn_ylw-pushpin0</styleUrl>
                    <Point>
                        <extrude>1</extrude>
                        <altitudeMode>absolute</altitudeMode>
                        <gx:drawOrder>1</gx:drawOrder>
                        <coordinates>2.3914223869091,46.883656674095,570.45496022142</coordinates>
                    </Point>
                </Placemark>
                
                <Placemark>
                    <name>13:16:38 - 80 kts - 1873 ft</name>
                    <visibility>0</visibility>
                    <description>latitude: 46.884200
longitude: 2.390683
altitude: 571 m / 1873 ft
elevation: 174 m / 571 ft
course: 316°
speed: 80 kts
</description>
                    <LookAt>
                        <longitude>2.3906831393885</longitude>
                        <latitude>46.884199566987</latitude>
                        <altitude>0</altitude>
                        <heading>0</heading>
                        <tilt>70</tilt>
                        <range>3000</range>
                        <gx:altitudeMode>relativeToSeaFloor</gx:altitudeMode>
                    </LookAt>
                    <styleUrl>#msn_ylw-pushpin0</styleUrl>
                    <Point>
                        <extrude>1</extrude>
                        <altitudeMode>absolute</altitudeMode>
                        <gx:drawOrder>1</gx:drawOrder>
                        <coordinates>2.3906831393885,46.884199566987,570.8010660382</coordinates>
                    </Point>
                </Placemark>
                
                <Placemark>
                    <name>13:16:41 - 81 kts - 1868 ft</name>
                    <visibility>0</visibility>
                    <description>latitude: 46.884926
longitude: 2.389445
altitude: 569 m / 1868 ft
elevation: 174 m / 571 ft
course: 309°
speed: 81 kts
</description>
                    <LookAt>
                        <longitude>2.3894452877093</longitude>
                        <latitude>46.884926180683</latitude>
                        <altitude>0</altitude>
                        <heading>0</heading>
                        <tilt>70</tilt>
                        <range>3000</range>
                        <gx:altitudeMode>relativeToSeaFloor</gx:altitudeMode>
                    </LookAt>
                    <styleUrl>#msn_ylw-pushpin0</styleUrl>
                    <Point>
                        <extrude>1</extrude>
                        <altitudeMode>absolute</altitudeMode>
                        <gx:drawOrder>1</gx:drawOrder>
                        <coordinates>2.3894452877093,46.884926180683,569.35686326586</coordinates>
                    </Point>
                </Placemark>
                
                <Placemark>
                    <name>13:16:43 - 81 kts - 1869 ft</name>
                    <visibility>0</visibility>
                    <description>latitude: 46.885347
longitude: 2.388539
altitude: 570 m / 1869 ft
elevation: 173 m / 568 ft
course: 304°
speed: 81 kts
</description>
                    <LookAt>
                        <longitude>2.3885393388694</longitude>
                        <latitude>46.88534702432</latitude>
                        <altitude>0</altitude>
                        <heading>0</heading>
                        <tilt>70</tilt>
                        <range>3000</range>
                        <gx:altitudeMode>relativeToSeaFloor</gx:altitudeMode>
                    </LookAt>
                    <styleUrl>#msn_ylw-pushpin0</styleUrl>
                    <Point>
                        <extrude>1</extrude>
                        <altitudeMode>absolute</altitudeMode>
                        <gx:drawOrder>1</gx:drawOrder>
                        <coordinates>2.3885393388694,46.88534702432,569.73837429192</coordinates>
                    </Point>
                </Placemark>
                
                <Placemark>
                    <name>13:16:46 - 81 kts - 1891 ft</name>
                    <visibility>0</visibility>
                    <description>latitude: 46.885904
longitude: 2.387110
altitude: 576 m / 1891 ft
elevation: 173 m / 568 ft
course: 298°
speed: 81 kts
</description>
                    <LookAt>
                        <longitude>2.3871097347222</longitude>
                        <latitude>46.885904225849</latitude>
                        <altitude>0</altitude>
                        <heading>0</heading>
                        <tilt>70</tilt>
                        <range>3000</range>
                        <gx:altitudeMode>relativeToSeaFloor</gx:altitudeMode>
                    </LookAt>
                    <styleUrl>#msn_ylw-pushpin0</styleUrl>
                    <Point>
                        <extrude>1</extrude>
                        <altitudeMode>absolute</altitudeMode>
                        <gx:drawOrder>1</gx:drawOrder>
                        <coordinates>2.3871097347222,46.885904225849,576.42348038126</coordinates>
                    </Point>
                </Placemark>
                
                <Placemark>
                    <name>13:16:49 - 81 kts - 1925 ft</name>
                    <visibility>0</visibility>
                    <description>latitude: 46.886372
longitude: 2.385618
altitude: 587 m / 1925 ft
elevation: 173 m / 568 ft
course: 293°
speed: 81 kts
</description>
                    <LookAt>
                        <longitude>2.3856181583407</longitude>
                        <latitude>46.886371953339</latitude>
                        <altitude>0</altitude>
                        <heading>0</heading>
                        <tilt>70</tilt>
                        <range>3000</range>
                        <gx:altitudeMode>relativeToSeaFloor</gx:altitudeMode>
                    </LookAt>
                    <styleUrl>#msn_ylw-pushpin0</styleUrl>
                    <Point>
                        <extrude>1</extrude>
                        <altitudeMode>absolute</altitudeMode>
                        <gx:drawOrder>1</gx:drawOrder>
                        <coordinates>2.3856181583407,46.886371953339,586.89150378667</coordinates>
                    </Point>
                </Placemark>
                
                <Placemark>
                    <name>13:16:56 - 81 kts - 2028 ft</name>
                    <visibility>0</visibility>
                    <description>latitude: 46.887446
longitude: 2.382151
altitude: 618 m / 2028 ft
elevation: 168 m / 551 ft
course: 299°
speed: 81 kts
</description>
                    <LookAt>
                        <longitude>2.3821511397874</longitude>
                        <latitude>46.887446447693</latitude>
                        <altitude>0</altitude>
                        <heading>0</heading>
                        <tilt>70</tilt>
                        <range>3000</range>
                        <gx:altitudeMode>relativeToSeaFloor</gx:altitudeMode>
                    </LookAt>
                    <styleUrl>#msn_ylw-pushpin0</styleUrl>
                    <Point>
                        <extrude>1</extrude>
                        <altitudeMode>absolute</altitudeMode>
                        <gx:drawOrder>1</gx:drawOrder>
                        <coordinates>2.3821511397874,46.887446447693,618.16774837114</coordinates>
                    </Point>
                </Placemark>
                
                <Placemark>
                    <name>13:16:59 - 81 kts - 2081 ft</name>
                    <visibility>0</visibility>
                    <description>latitude: 46.888087
longitude: 2.380803
altitude: 634 m / 2081 ft
elevation: 168 m / 551 ft
course: 306°
speed: 81 kts
</description>
                    <LookAt>
                        <longitude>2.3808028808487</longitude>
                        <latitude>46.88808654337</latitude>
                        <altitude>0</altitude>
                        <heading>0</heading>
                        <tilt>70</tilt>
                        <range>3000</range>
                        <gx:altitudeMode>relativeToSeaFloor</gx:altitudeMode>
                    </LookAt>
                    <styleUrl>#msn_ylw-pushpin0</styleUrl>
                    <Point>
                        <extrude>1</extrude>
                        <altitudeMode>absolute</altitudeMode>
                        <gx:drawOrder>1</gx:drawOrder>
                        <coordinates>2.3808028808487,46.88808654337,634.1740211891</coordinates>
                    </Point>
                </Placemark>
                
                <Placemark>
                    <name>13:17:01 - 81 kts - 2112 ft</name>
                    <visibility>0</visibility>
                    <description>latitude: 46.888583
longitude: 2.379981
altitude: 644 m / 2112 ft
elevation: 170 m / 558 ft
course: 311°
speed: 81 kts
</description>
                    <LookAt>
                        <longitude>2.3799805897138</longitude>
                        <latitude>46.888583123758</latitude>
                        <altitude>0</altitude>
                        <heading>0</heading>
                        <tilt>70</tilt>
                        <range>3000</range>
                        <gx:altitudeMode>relativeToSeaFloor</gx:altitudeMode>
                    </LookAt>
                    <styleUrl>#msn_ylw-pushpin0</styleUrl>
                    <Point>
                        <extrude>1</extrude>
                        <altitudeMode>absolute</altitudeMode>
                        <gx:drawOrder>1</gx:drawOrder>
                        <coordinates>2.3799805897138,46.888583123758,643.79036760237</coordinates>
                    </Point>
                </Placemark>
                
                <Placemark>
                    <name>13:17:05 - 81 kts - 2134 ft</name>
                    <visibility>0</visibility>
                    <description>latitude: 46.889647
longitude: 2.378449
altitude: 650 m / 2134 ft
elevation: 174 m / 571 ft
course: 317°
speed: 81 kts
</description>
                    <LookAt>
                        <longitude>2.3784489050339</longitude>
                        <latitude>46.88964730097</latitude>
                        <altitude>0</altitude>
                        <heading>0</heading>
                        <tilt>70</tilt>
                        <range>3000</range>
                        <gx:altitudeMode>relativeToSeaFloor</gx:altitudeMode>
                    </LookAt>
                    <styleUrl>#msn_ylw-pushpin0</styleUrl>
                    <Point>
                        <extrude>1</extrude>
                        <altitudeMode>absolute</altitudeMode>
                        <gx:drawOrder>1</gx:drawOrder>
                        <coordinates>2.3784489050339,46.88964730097,650.36864782497</coordinates>
                    </Point>
                </Placemark>
                
                <Placemark>
                    <name>13:17:09 - 84 kts - 2147 ft</name>
                    <visibility>0</visibility>
                    <description>latitude: 46.891154
longitude: 2.376682
altitude: 655 m / 2147 ft
elevation: 184 m / 604 ft
course: 323°
speed: 84 kts
</description>
                    <LookAt>
                        <longitude>2.3766822075226</longitude>
                        <latitude>46.891153526473</latitude>
                        <altitude>0</altitude>
                        <heading>0</heading>
                        <tilt>70</tilt>
                        <range>3000</range>
                        <gx:altitudeMode>relativeToSeaFloor</gx:altitudeMode>
                    </LookAt>
                    <styleUrl>#msn_ylw-pushpin0</styleUrl>
                    <Point>
                        <extrude>1</extrude>
                        <altitudeMode>absolute</altitudeMode>
                        <gx:drawOrder>1</gx:drawOrder>
                        <coordinates>2.3766822075226,46.891153526473,654.54050767981</coordinates>
                    </Point>
                </Placemark>
                
                <Placemark>
                    <name>13:17:14 - 83 kts - 2182 ft</name>
                    <visibility>0</visibility>
                    <description>latitude: 46.892456
longitude: 2.375464
altitude: 665 m / 2182 ft
elevation: 178 m / 584 ft
course: 329°
speed: 83 kts
</description>
                    <LookAt>
                        <longitude>2.3754638306634</longitude>
                        <latitude>46.892456457253</latitude>
                        <altitude>0</altitude>
                        <heading>0</heading>
                        <tilt>70</tilt>
                        <range>3000</range>
                        <gx:altitudeMode>relativeToSeaFloor</gx:altitudeMode>
                    </LookAt>
                    <styleUrl>#msn_ylw-pushpin0</styleUrl>
                    <Point>
                        <extrude>1</extrude>
                        <altitudeMode>absolute</altitudeMode>
                        <gx:drawOrder>1</gx:drawOrder>
                        <coordinates>2.3754638306634,46.892456457253,665.10603049677</coordinates>
                    </Point>
                </Placemark>
                
                <Placemark>
                    <name>13:17:21 - 81 kts - 2254 ft</name>
                    <visibility>0</visibility>
                    <description>latitude: 46.894806
longitude: 2.373700
altitude: 687 m / 2254 ft
elevation: 181 m / 594 ft
course: 335°
speed: 81 kts
</description>
                    <LookAt>
                        <longitude>2.3736997022918</longitude>
                        <latitude>46.894806152225</latitude>
                        <altitude>0</altitude>
                        <heading>0</heading>
                        <tilt>70</tilt>
                        <range>3000</range>
                        <gx:altitudeMode>relativeToSeaFloor</gx:altitudeMode>
                    </LookAt>
                    <styleUrl>#msn_ylw-pushpin0</styleUrl>
                    <Point>
                        <extrude>1</extrude>
                        <altitudeMode>absolute</altitudeMode>
                        <gx:drawOrder>1</gx:drawOrder>
                        <coordinates>2.3736997022918,46.894806152225,687.0779975336</coordinates>
                    </Point>
                </Placemark>
                
                <Placemark>
                    <name>13:17:33 - 85 kts - 2334 ft</name>
                    <visibility>0</visibility>
                    <description>latitude: 46.899069
longitude: 2.370817
altitude: 711 m / 2334 ft
elevation: 181 m / 594 ft
course: 333°
speed: 85 kts
</description>
                    <LookAt>
                        <longitude>2.3708171364599</longitude>
                        <latitude>46.899069350748</latitude>
                        <altitude>0</altitude>
                        <heading>0</heading>
                        <tilt>70</tilt>
                        <range>3000</range>
                        <gx:altitudeMode>relativeToSeaFloor</gx:altitudeMode>
                    </LookAt>
                    <styleUrl>#msn_ylw-pushpin0</styleUrl>
                    <Point>
                        <extrude>1</extrude>
                        <altitudeMode>absolute</altitudeMode>
                        <gx:drawOrder>1</gx:drawOrder>
                        <coordinates>2.3708171364599,46.899069350748,711.35579343978</coordinates>
                    </Point>
                </Placemark>
                
                <Placemark>
                    <name>13:17:39 - 84 kts - 2395 ft</name>
                    <visibility>0</visibility>
                    <description>latitude: 46.901208
longitude: 2.369446
altitude: 730 m / 2395 ft
elevation: 181 m / 594 ft
course: 339°
speed: 84 kts
</description>
                    <LookAt>
                        <longitude>2.3694458995917</longitude>
                        <latitude>46.901208174471</latitude>
                        <altitude>0</altitude>
                        <heading>0</heading>
                        <tilt>70</tilt>
                        <range>3000</range>
                        <gx:altitudeMode>relativeToSeaFloor</gx:altitudeMode>
                    </LookAt>
                    <styleUrl>#msn_ylw-pushpin0</styleUrl>
                    <Point>
                        <extrude>1</extrude>
                        <altitudeMode>absolute</altitudeMode>
                        <gx:drawOrder>1</gx:drawOrder>
                        <coordinates>2.3694458995917,46.901208174471,730.13074650895</coordinates>
                    </Point>
                </Placemark>
                
                <Placemark>
                    <name>13:17:49 - 84 kts - 2469 ft</name>
                    <visibility>0</visibility>
                    <description>latitude: 46.904902
longitude: 2.367710
altitude: 752 m / 2469 ft
elevation: 181 m / 594 ft
course: 344°
speed: 84 kts
</description>
                    <LookAt>
                        <longitude>2.3677096628479</longitude>
                        <latitude>46.904902123666</latitude>
                        <altitude>0</altitude>
                        <heading>0</heading>
                        <tilt>70</tilt>
                        <range>3000</range>
                        <gx:altitudeMode>relativeToSeaFloor</gx:altitudeMode>
                    </LookAt>
                    <styleUrl>#msn_ylw-pushpin0</styleUrl>
                    <Point>
                        <extrude>1</extrude>
                        <altitudeMode>absolute</altitudeMode>
                        <gx:drawOrder>1</gx:drawOrder>
                        <coordinates>2.3677096628479,46.904902123666,752.41139118373</coordinates>
                    </Point>
                </Placemark>
                
                <Placemark>
                    <name>13:18:01 - 87 kts - 2527 ft</name>
                    <visibility>0</visibility>
                    <description>latitude: 46.909511
longitude: 2.365838
altitude: 770 m / 2527 ft
elevation: 187 m / 614 ft
course: 343°
speed: 87 kts
</description>
                    <LookAt>
                        <longitude>2.3658375496425</longitude>
                        <latitude>46.90951145935</latitude>
                        <altitude>0</altitude>
                        <heading>0</heading>
                        <tilt>70</tilt>
                        <range>3000</range>
                        <gx:altitudeMode>relativeToSeaFloor</gx:altitudeMode>
                    </LookAt>
                    <styleUrl>#msn_ylw-pushpin0</styleUrl>
                    <Point>
                        <extrude>1</extrude>
                        <altitudeMode>absolute</altitudeMode>
                        <gx:drawOrder>1</gx:drawOrder>
                        <coordinates>2.3658375496425,46.90951145935,770.14064360689</coordinates>
                    </Point>
                </Placemark>
                
                <Placemark>
                    <name>13:18:09 - 86 kts - 2590 ft</name>
                    <visibility>0</visibility>
                    <description>latitude: 46.912601
longitude: 2.364692
altitude: 790 m / 2590 ft
elevation: 175 m / 574 ft
course: 349°
speed: 86 kts
</description>
                    <LookAt>
                        <longitude>2.3646916360034</longitude>
                        <latitude>46.912600720835</latitude>
                        <altitude>0</altitude>
                        <heading>0</heading>
                        <tilt>70</tilt>
                        <range>3000</range>
                        <gx:altitudeMode>relativeToSeaFloor</gx:altitudeMode>
                    </LookAt>
                    <styleUrl>#msn_ylw-pushpin0</styleUrl>
                    <Point>
                        <extrude>1</extrude>
                        <altitudeMode>absolute</altitudeMode>
                        <gx:drawOrder>1</gx:drawOrder>
                        <coordinates>2.3646916360034,46.912600720835,789.5835769223</coordinates>
                    </Point>
                </Placemark>
                
                <Placemark>
                    <name>13:18:21 - 91 kts - 2688 ft</name>
                    <visibility>0</visibility>
                    <description>latitude: 46.917418
longitude: 2.363487
altitude: 819 m / 2688 ft
elevation: 195 m / 640 ft
course: 353°
speed: 91 kts
</description>
                    <LookAt>
                        <longitude>2.3634866355669</longitude>
                        <latitude>46.917417805384</latitude>
                        <altitude>0</altitude>
                        <heading>0</heading>
                        <tilt>70</tilt>
                        <range>3000</range>
                        <gx:altitudeMode>relativeToSeaFloor</gx:altitudeMode>
                    </LookAt>
                    <styleUrl>#msn_ylw-pushpin0</styleUrl>
                    <Point>
                        <extrude>1</extrude>
                        <altitudeMode>absolute</altitudeMode>
                        <gx:drawOrder>1</gx:drawOrder>
                        <coordinates>2.3634866355669,46.917417805384,819.4180776896</coordinates>
                    </Point>
                </Placemark>
                
                <Placemark>
                    <name>13:18:25 - 91 kts - 2737 ft</name>
                    <visibility>0</visibility>
                    <description>latitude: 46.919082
longitude: 2.363064
altitude: 834 m / 2737 ft
elevation: 198 m / 650 ft
course: 348°
speed: 91 kts
</description>
                    <LookAt>
                        <longitude>2.3630636432814</longitude>
                        <latitude>46.919081529917</latitude>
                        <altitude>0</altitude>
                        <heading>0</heading>
                        <tilt>70</tilt>
                        <range>3000</range>
                        <gx:altitudeMode>relativeToSeaFloor</gx:altitudeMode>
                    </LookAt>
                    <styleUrl>#msn_ylw-pushpin0</styleUrl>
                    <Point>
                        <extrude>1</extrude>
                        <altitudeMode>absolute</altitudeMode>
                        <gx:drawOrder>1</gx:drawOrder>
                        <coordinates>2.3630636432814,46.919081529917,834.3534148531</coordinates>
                    </Point>
                </Placemark>
                
                <Placemark>
                    <name>13:18:29 - 92 kts - 2794 ft</name>
                    <visibility>0</visibility>
                    <description>latitude: 46.920714
longitude: 2.362363
altitude: 852 m / 2794 ft
elevation: 198 m / 650 ft
course: 343°
speed: 92 kts
</description>
                    <LookAt>
                        <longitude>2.3623633786763</longitude>
                        <latitude>46.920714019507</latitude>
                        <altitude>0</altitude>
                        <heading>0</heading>
                        <tilt>70</tilt>
                        <range>3000</range>
                        <gx:altitudeMode>relativeToSeaFloor</gx:altitudeMode>
                    </LookAt>
                    <styleUrl>#msn_ylw-pushpin0</styleUrl>
                    <Point>
                        <extrude>1</extrude>
                        <altitudeMode>absolute</altitudeMode>
                        <gx:drawOrder>1</gx:drawOrder>
                        <coordinates>2.3623633786763,46.920714019507,851.61039512884</coordinates>
                    </Point>
                </Placemark>
                
                <Placemark>
                    <name>13:18:40 - 91 kts - 2885 ft</name>
                    <visibility>0</visibility>
                    <description>latitude: 46.925113
longitude: 2.360174
altitude: 879 m / 2885 ft
elevation: 193 m / 633 ft
course: 344°
speed: 91 kts
</description>
                    <LookAt>
                        <longitude>2.3601738942407</longitude>
                        <latitude>46.925113145873</latitude>
                        <altitude>0</altitude>
                        <heading>0</heading>
                        <tilt>70</tilt>
                        <range>3000</range>
                        <gx:altitudeMode>relativeToSeaFloor</gx:altitudeMode>
                    </LookAt>
                    <styleUrl>#msn_ylw-pushpin0</styleUrl>
                    <Point>
                        <extrude>1</extrude>
                        <altitudeMode>absolute</altitudeMode>
                        <gx:drawOrder>1</gx:drawOrder>
                        <coordinates>2.3601738942407,46.925113145873,879.47560619563</coordinates>
                    </Point>
                </Placemark>
                
                <Placemark>
                    <name>13:18:51 - 89 kts - 2964 ft</name>
                    <visibility>0</visibility>
                    <description>latitude: 46.929563
longitude: 2.358591
altitude: 903 m / 2964 ft
elevation: 173 m / 568 ft
course: 346°
speed: 89 kts
</description>
                    <LookAt>
                        <longitude>2.3585908290494</longitude>
                        <latitude>46.929562864845</latitude>
                        <altitude>0</altitude>
                        <heading>0</heading>
                        <tilt>70</tilt>
                        <range>3000</range>
                        <gx:altitudeMode>relativeToSeaFloor</gx:altitudeMode>
                    </LookAt>
                    <styleUrl>#msn_ylw-pushpin0</styleUrl>
                    <Point>
                        <extrude>1</extrude>
                        <altitudeMode>absolute</altitudeMode>
                        <gx:drawOrder>1</gx:drawOrder>
                        <coordinates>2.3585908290494,46.929562864845,903.34071691707</coordinates>
                    </Point>
                </Placemark>
                
                <Placemark>
                    <name>13:19:02 - 87 kts - 3064 ft</name>
                    <visibility>0</visibility>
                    <description>latitude: 46.933850
longitude: 2.356871
altitude: 934 m / 3064 ft
elevation: 163 m / 535 ft
course: 344°
speed: 87 kts
</description>
                    <LookAt>
                        <longitude>2.356870757614</longitude>
                        <latitude>46.933850380227</latitude>
                        <altitude>0</altitude>
                        <heading>0</heading>
                        <tilt>70</tilt>
                        <range>3000</range>
                        <gx:altitudeMode>relativeToSeaFloor</gx:altitudeMode>
                    </LookAt>
                    <styleUrl>#msn_ylw-pushpin0</styleUrl>
                    <Point>
                        <extrude>1</extrude>
                        <altitudeMode>absolute</altitudeMode>
                        <gx:drawOrder>1</gx:drawOrder>
                        <coordinates>2.356870757614,46.933850380227,933.99160711374</coordinates>
                    </Point>
                </Placemark>
                
                <Placemark>
                    <name>13:19:09 - 89 kts - 3168 ft</name>
                    <visibility>0</visibility>
                    <description>latitude: 46.936606
longitude: 2.355739
altitude: 966 m / 3168 ft
elevation: 173 m / 568 ft
course: 344°
speed: 89 kts
</description>
                    <LookAt>
                        <longitude>2.3557394307397</longitude>
                        <latitude>46.936606201252</latitude>
                        <altitude>0</altitude>
                        <heading>0</heading>
                        <tilt>70</tilt>
                        <range>3000</range>
                        <gx:altitudeMode>relativeToSeaFloor</gx:altitudeMode>
                    </LookAt>
                    <styleUrl>#msn_ylw-pushpin0</styleUrl>
                    <Point>
                        <extrude>1</extrude>
                        <altitudeMode>absolute</altitudeMode>
                        <gx:drawOrder>1</gx:drawOrder>
                        <coordinates>2.3557394307397,46.936606201252,965.55993221514</coordinates>
                    </Point>
                </Placemark>
                
                <Placemark>
                    <name>13:19:20 - 96 kts - 3183 ft</name>
                    <visibility>0</visibility>
                    <description>latitude: 46.941135
longitude: 2.353834
altitude: 970 m / 3183 ft
elevation: 173 m / 568 ft
course: 343°
speed: 96 kts
</description>
                    <LookAt>
                        <longitude>2.3538340717973</longitude>
                        <latitude>46.941134768712</latitude>
                        <altitude>0</altitude>
                        <heading>0</heading>
                        <tilt>70</tilt>
                        <range>3000</range>
                        <gx:altitudeMode>relativeToSeaFloor</gx:altitudeMode>
                    </LookAt>
                    <styleUrl>#msn_ylw-pushpin0</styleUrl>
                    <Point>
                        <extrude>1</extrude>
                        <altitudeMode>absolute</altitudeMode>
                        <gx:drawOrder>1</gx:drawOrder>
                        <coordinates>2.3538340717973,46.941134768712,970.27629310824</coordinates>
                    </Point>
                </Placemark>
                
                <Placemark>
                    <name>13:19:30 - 99 kts - 3174 ft</name>
                    <visibility>0</visibility>
                    <description>latitude: 46.945497
longitude: 2.351691
altitude: 967 m / 3174 ft
elevation: 170 m / 558 ft
course: 339°
speed: 99 kts
</description>
                    <LookAt>
                        <longitude>2.35169090846</longitude>
                        <latitude>46.945497239434</latitude>
                        <altitude>0</altitude>
                        <heading>0</heading>
                        <tilt>70</tilt>
                        <range>3000</range>
                        <gx:altitudeMode>relativeToSeaFloor</gx:altitudeMode>
                    </LookAt>
                    <styleUrl>#msn_ylw-pushpin0</styleUrl>
                    <Point>
                        <extrude>1</extrude>
                        <altitudeMode>absolute</altitudeMode>
                        <gx:drawOrder>1</gx:drawOrder>
                        <coordinates>2.35169090846,46.945497239434,967.495481438</coordinates>
                    </Point>
                </Placemark>
                
                <Placemark>
                    <name>13:19:40 - 97 kts - 3189 ft</name>
                    <visibility>0</visibility>
                    <description>latitude: 46.949717
longitude: 2.349384
altitude: 972 m / 3189 ft
elevation: 167 m / 548 ft
course: 339°
speed: 97 kts
</description>
                    <LookAt>
                        <longitude>2.3493842793159</longitude>
                        <latitude>46.949717397447</latitude>
                        <altitude>0</altitude>
                        <heading>0</heading>
                        <tilt>70</tilt>
                        <range>3000</range>
                        <gx:altitudeMode>relativeToSeaFloor</gx:altitudeMode>
                    </LookAt>
                    <styleUrl>#msn_ylw-pushpin0</styleUrl>
                    <Point>
                        <extrude>1</extrude>
                        <altitudeMode>absolute</altitudeMode>
                        <gx:drawOrder>1</gx:drawOrder>
                        <coordinates>2.3493842793159,46.949717397447,972.14178015571</coordinates>
                    </Point>
                </Placemark>
                
                <Placemark>
                    <name>13:19:45 - 95 kts - 3205 ft</name>
                    <visibility>0</visibility>
                    <description>latitude: 46.951814
longitude: 2.348416
altitude: 977 m / 3205 ft
elevation: 164 m / 538 ft
course: 344°
speed: 95 kts
</description>
                    <LookAt>
                        <longitude>2.3484157869105</longitude>
                        <latitude>46.951813812946</latitude>
                        <altitude>0</altitude>
                        <heading>0</heading>
                        <tilt>70</tilt>
                        <range>3000</range>
                        <gx:altitudeMode>relativeToSeaFloor</gx:altitudeMode>
                    </LookAt>
                    <styleUrl>#msn_ylw-pushpin0</styleUrl>
                    <Point>
                        <extrude>1</extrude>
                        <altitudeMode>absolute</altitudeMode>
                        <gx:drawOrder>1</gx:drawOrder>
                        <coordinates>2.3484157869105,46.951813812946,976.81561907474</coordinates>
                    </Point>
                </Placemark>
                
                <Placemark>
                    <name>13:19:52 - 93 kts - 3205 ft</name>
                    <visibility>0</visibility>
                    <description>latitude: 46.954787
longitude: 2.347494
altitude: 977 m / 3205 ft
elevation: 166 m / 545 ft
course: 350°
speed: 93 kts
</description>
                    <LookAt>
                        <longitude>2.3474935601295</longitude>
                        <latitude>46.954787062801</latitude>
                        <altitude>0</altitude>
                        <heading>0</heading>
                        <tilt>70</tilt>
                        <range>3000</range>
                        <gx:altitudeMode>relativeToSeaFloor</gx:altitudeMode>
                    </LookAt>
                    <styleUrl>#msn_ylw-pushpin0</styleUrl>
                    <Point>
                        <extrude>1</extrude>
                        <altitudeMode>absolute</altitudeMode>
                        <gx:drawOrder>1</gx:drawOrder>
                        <coordinates>2.3474935601295,46.954787062801,976.95711095817</coordinates>
                    </Point>
                </Placemark>
                
                <Placemark>
                    <name>13:20:03 - 94 kts - 3212 ft</name>
                    <visibility>0</visibility>
                    <description>latitude: 46.959455
longitude: 2.345882
altitude: 979 m / 3212 ft
elevation: 163 m / 535 ft
course: 345°
speed: 94 kts
</description>
                    <LookAt>
                        <longitude>2.3458820239148</longitude>
                        <latitude>46.95945495447</latitude>
                        <altitude>0</altitude>
                        <heading>0</heading>
                        <tilt>70</tilt>
                        <range>3000</range>
                        <gx:altitudeMode>relativeToSeaFloor</gx:altitudeMode>
                    </LookAt>
                    <styleUrl>#msn_ylw-pushpin0</styleUrl>
                    <Point>
                        <extrude>1</extrude>
                        <altitudeMode>absolute</altitudeMode>
                        <gx:drawOrder>1</gx:drawOrder>
                        <coordinates>2.3458820239148,46.95945495447,979.16970218159</coordinates>
                    </Point>
                </Placemark>
                
                <Placemark>
                    <name>13:20:14 - 99 kts - 3192 ft</name>
                    <visibility>0</visibility>
                    <description>latitude: 46.964223
longitude: 2.344044
altitude: 973 m / 3192 ft
elevation: 166 m / 545 ft
course: 346°
speed: 99 kts
</description>
                    <LookAt>
                        <longitude>2.3440439278449</longitude>
                        <latitude>46.964222652559</latitude>
                        <altitude>0</altitude>
                        <heading>0</heading>
                        <tilt>70</tilt>
                        <range>3000</range>
                        <gx:altitudeMode>relativeToSeaFloor</gx:altitudeMode>
                    </LookAt>
                    <styleUrl>#msn_ylw-pushpin0</styleUrl>
                    <Point>
                        <extrude>1</extrude>
                        <altitudeMode>absolute</altitudeMode>
                        <gx:drawOrder>1</gx:drawOrder>
                        <coordinates>2.3440439278449,46.964222652559,972.91412678827</coordinates>
                    </Point>
                </Placemark>
                
                <Placemark>
                    <name>13:20:24 - 103 kts - 3187 ft</name>
                    <visibility>0</visibility>
                    <description>latitude: 46.968759
longitude: 2.342309
altitude: 971 m / 3187 ft
elevation: 163 m / 535 ft
course: 344°
speed: 103 kts
</description>
                    <LookAt>
                        <longitude>2.3423086097441</longitude>
                        <latitude>46.968758817197</latitude>
                        <altitude>0</altitude>
                        <heading>0</heading>
                        <tilt>70</tilt>
                        <range>3000</range>
                        <gx:altitudeMode>relativeToSeaFloor</gx:altitudeMode>
                    </LookAt>
                    <styleUrl>#msn_ylw-pushpin0</styleUrl>
                    <Point>
                        <extrude>1</extrude>
                        <altitudeMode>absolute</altitudeMode>
                        <gx:drawOrder>1</gx:drawOrder>
                        <coordinates>2.3423086097441,46.968758817197,971.31703307293</coordinates>
                    </Point>
                </Placemark>
                
                <Placemark>
                    <name>13:20:34 - 101 kts - 3171 ft</name>
                    <visibility>0</visibility>
                    <description>latitude: 46.973323
longitude: 2.340475
altitude: 967 m / 3171 ft
elevation: 163 m / 535 ft
course: 344°
speed: 101 kts
</description>
                    <LookAt>
                        <longitude>2.3404754506096</longitude>
                        <latitude>46.973322720243</latitude>
                        <altitude>0</altitude>
                        <heading>0</heading>
                        <tilt>70</tilt>
                        <range>3000</range>
                        <gx:altitudeMode>relativeToSeaFloor</gx:altitudeMode>
                    </LookAt>
                    <styleUrl>#msn_ylw-pushpin0</styleUrl>
                    <Point>
                        <extrude>1</extrude>
                        <altitudeMode>absolute</altitudeMode>
                        <gx:drawOrder>1</gx:drawOrder>
                        <coordinates>2.3404754506096,46.973322720243,966.50960436743</coordinates>
                    </Point>
                </Placemark>
                
                <Placemark>
                    <name>13:20:44 - 101 kts - 3184 ft</name>
                    <visibility>0</visibility>
                    <description>latitude: 46.977795
longitude: 2.338405
altitude: 971 m / 3184 ft
elevation: 164 m / 538 ft
course: 343°
speed: 101 kts
</description>
                    <LookAt>
                        <longitude>2.3384050124563</longitude>
                        <latitude>46.97779475667</latitude>
                        <altitude>0</altitude>
                        <heading>0</heading>
                        <tilt>70</tilt>
                        <range>3000</range>
                        <gx:altitudeMode>relativeToSeaFloor</gx:altitudeMode>
                    </LookAt>
                    <styleUrl>#msn_ylw-pushpin0</styleUrl>
                    <Point>
                        <extrude>1</extrude>
                        <altitudeMode>absolute</altitudeMode>
                        <gx:drawOrder>1</gx:drawOrder>
                        <coordinates>2.3384050124563,46.97779475667,970.59395553451</coordinates>
                    </Point>
                </Placemark>
                
                <Placemark>
                    <name>13:20:54 - 103 kts - 3169 ft</name>
                    <visibility>0</visibility>
                    <description>latitude: 46.982323
longitude: 2.336376
altitude: 966 m / 3169 ft
elevation: 167 m / 548 ft
course: 343°
speed: 103 kts
</description>
                    <LookAt>
                        <longitude>2.3363762681956</longitude>
                        <latitude>46.982322543796</latitude>
                        <altitude>0</altitude>
                        <heading>0</heading>
                        <tilt>70</tilt>
                        <range>3000</range>
                        <gx:altitudeMode>relativeToSeaFloor</gx:altitudeMode>
                    </LookAt>
                    <styleUrl>#msn_ylw-pushpin0</styleUrl>
                    <Point>
                        <extrude>1</extrude>
                        <altitudeMode>absolute</altitudeMode>
                        <gx:drawOrder>1</gx:drawOrder>
                        <coordinates>2.3363762681956,46.982322543796,965.80658299662</coordinates>
                    </Point>
                </Placemark>
                
                <Placemark>
                    <name>13:21:04 - 101 kts - 3177 ft</name>
                    <visibility>0</visibility>
                    <description>latitude: 46.986859
longitude: 2.334508
altitude: 968 m / 3177 ft
elevation: 167 m / 548 ft
course: 347°
speed: 101 kts
</description>
                    <LookAt>
                        <longitude>2.3345078587419</longitude>
                        <latitude>46.986859305388</latitude>
                        <altitude>0</altitude>
                        <heading>0</heading>
                        <tilt>70</tilt>
                        <range>3000</range>
                        <gx:altitudeMode>relativeToSeaFloor</gx:altitudeMode>
                    </LookAt>
                    <styleUrl>#msn_ylw-pushpin0</styleUrl>
                    <Point>
                        <extrude>1</extrude>
                        <altitudeMode>absolute</altitudeMode>
                        <gx:drawOrder>1</gx:drawOrder>
                        <coordinates>2.3345078587419,46.986859305388,968.26669645403</coordinates>
                    </Point>
                </Placemark>
                
                <Placemark>
                    <name>13:21:11 - 101 kts - 3166 ft</name>
                    <visibility>0</visibility>
                    <description>latitude: 46.990098
longitude: 2.333729
altitude: 965 m / 3166 ft
elevation: 168 m / 551 ft
course: 352°
speed: 101 kts
</description>
                    <LookAt>
                        <longitude>2.333729340216</longitude>
                        <latitude>46.990097635932</latitude>
                        <altitude>0</altitude>
                        <heading>0</heading>
                        <tilt>70</tilt>
                        <range>3000</range>
                        <gx:altitudeMode>relativeToSeaFloor</gx:altitudeMode>
                    </LookAt>
                    <styleUrl>#msn_ylw-pushpin0</styleUrl>
                    <Point>
                        <extrude>1</extrude>
                        <altitudeMode>absolute</altitudeMode>
                        <gx:drawOrder>1</gx:drawOrder>
                        <coordinates>2.333729340216,46.990097635932,965.03490152583</coordinates>
                    </Point>
                </Placemark>
                
                <Placemark>
                    <name>13:21:21 - 100 kts - 3160 ft</name>
                    <visibility>0</visibility>
                    <description>latitude: 46.994679
longitude: 2.332537
altitude: 963 m / 3160 ft
elevation: 167 m / 548 ft
course: 348°
speed: 100 kts
</description>
                    <LookAt>
                        <longitude>2.3325368896699</longitude>
                        <latitude>46.994678890928</latitude>
                        <altitude>0</altitude>
                        <heading>0</heading>
                        <tilt>70</tilt>
                        <range>3000</range>
                        <gx:altitudeMode>relativeToSeaFloor</gx:altitudeMode>
                    </LookAt>
                    <styleUrl>#msn_ylw-pushpin0</styleUrl>
                    <Point>
                        <extrude>1</extrude>
                        <altitudeMode>absolute</altitudeMode>
                        <gx:drawOrder>1</gx:drawOrder>
                        <coordinates>2.3325368896699,46.994678890928,963.22812032606</coordinates>
                    </Point>
                </Placemark>
                
                <Placemark>
                    <name>13:21:31 - 101 kts - 3152 ft</name>
                    <visibility>0</visibility>
                    <description>latitude: 46.999163
longitude: 2.330864
altitude: 961 m / 3152 ft
elevation: 161 m / 528 ft
course: 348°
speed: 101 kts
</description>
                    <LookAt>
                        <longitude>2.3308641881537</longitude>
                        <latitude>46.999163411557</latitude>
                        <altitude>0</altitude>
                        <heading>0</heading>
                        <tilt>70</tilt>
                        <range>3000</range>
                        <gx:altitudeMode>relativeToSeaFloor</gx:altitudeMode>
                    </LookAt>
                    <styleUrl>#msn_ylw-pushpin0</styleUrl>
                    <Point>
                        <extrude>1</extrude>
                        <altitudeMode>absolute</altitudeMode>
                        <gx:drawOrder>1</gx:drawOrder>
                        <coordinates>2.3308641881537,46.999163411557,960.79909391981</coordinates>
                    </Point>
                </Placemark>
                
                <Placemark>
                    <name>13:21:41 - 100 kts - 3147 ft</name>
                    <visibility>0</visibility>
                    <description>latitude: 47.003762
longitude: 2.329613
altitude: 959 m / 3147 ft
elevation: 163 m / 535 ft
course: 350°
speed: 100 kts
</description>
                    <LookAt>
                        <longitude>2.3296131698663</longitude>
                        <latitude>47.00376202541</latitude>
                        <altitude>0</altitude>
                        <heading>0</heading>
                        <tilt>70</tilt>
                        <range>3000</range>
                        <gx:altitudeMode>relativeToSeaFloor</gx:altitudeMode>
                    </LookAt>
                    <styleUrl>#msn_ylw-pushpin0</styleUrl>
                    <Point>
                        <extrude>1</extrude>
                        <altitudeMode>absolute</altitudeMode>
                        <gx:drawOrder>1</gx:drawOrder>
                        <coordinates>2.3296131698663,47.00376202541,959.18887893483</coordinates>
                    </Point>
                </Placemark>
                
                <Placemark>
                    <name>13:21:51 - 99 kts - 3149 ft</name>
                    <visibility>0</visibility>
                    <description>latitude: 47.008288
longitude: 2.328479
altitude: 960 m / 3149 ft
elevation: 163 m / 535 ft
course: 350°
speed: 99 kts
</description>
                    <LookAt>
                        <longitude>2.3284786360247</longitude>
                        <latitude>47.008288495148</latitude>
                        <altitude>0</altitude>
                        <heading>0</heading>
                        <tilt>70</tilt>
                        <range>3000</range>
                        <gx:altitudeMode>relativeToSeaFloor</gx:altitudeMode>
                    </LookAt>
                    <styleUrl>#msn_ylw-pushpin0</styleUrl>
                    <Point>
                        <extrude>1</extrude>
                        <altitudeMode>absolute</altitudeMode>
                        <gx:drawOrder>1</gx:drawOrder>
                        <coordinates>2.3284786360247,47.008288495148,959.92549056932</coordinates>
                    </Point>
                </Placemark>
                
                <Placemark>
                    <name>13:22:01 - 98 kts - 3155 ft</name>
                    <visibility>0</visibility>
                    <description>latitude: 47.012763
longitude: 2.327238
altitude: 962 m / 3155 ft
elevation: 160 m / 525 ft
course: 349°
speed: 98 kts
</description>
                    <LookAt>
                        <longitude>2.3272383667535</longitude>
                        <latitude>47.012762564067</latitude>
                        <altitude>0</altitude>
                        <heading>0</heading>
                        <tilt>70</tilt>
                        <range>3000</range>
                        <gx:altitudeMode>relativeToSeaFloor</gx:altitudeMode>
                    </LookAt>
                    <styleUrl>#msn_ylw-pushpin0</styleUrl>
                    <Point>
                        <extrude>1</extrude>
                        <altitudeMode>absolute</altitudeMode>
                        <gx:drawOrder>1</gx:drawOrder>
                        <coordinates>2.3272383667535,47.012762564067,961.51797652245</coordinates>
                    </Point>
                </Placemark>
                
                <Placemark>
                    <name>13:22:12 - 97 kts - 3154 ft</name>
                    <visibility>0</visibility>
                    <description>latitude: 47.017580
longitude: 2.325613
altitude: 961 m / 3154 ft
elevation: 163 m / 535 ft
course: 346°
speed: 97 kts
</description>
                    <LookAt>
                        <longitude>2.3256126271918</longitude>
                        <latitude>47.017579798872</latitude>
                        <altitude>0</altitude>
                        <heading>0</heading>
                        <tilt>70</tilt>
                        <range>3000</range>
                        <gx:altitudeMode>relativeToSeaFloor</gx:altitudeMode>
                    </LookAt>
                    <styleUrl>#msn_ylw-pushpin0</styleUrl>
                    <Point>
                        <extrude>1</extrude>
                        <altitudeMode>absolute</altitudeMode>
                        <gx:drawOrder>1</gx:drawOrder>
                        <coordinates>2.3256126271918,47.017579798872,961.27137773018</coordinates>
                    </Point>
                </Placemark>
                
                <Placemark>
                    <name>13:22:22 - 98 kts - 3164 ft</name>
                    <visibility>0</visibility>
                    <description>latitude: 47.021965
longitude: 2.324071
altitude: 964 m / 3164 ft
elevation: 160 m / 525 ft
course: 347°
speed: 98 kts
</description>
                    <LookAt>
                        <longitude>2.3240706672246</longitude>
                        <latitude>47.02196531658</latitude>
                        <altitude>0</altitude>
                        <heading>0</heading>
                        <tilt>70</tilt>
                        <range>3000</range>
                        <gx:altitudeMode>relativeToSeaFloor</gx:altitudeMode>
                    </LookAt>
                    <styleUrl>#msn_ylw-pushpin0</styleUrl>
                    <Point>
                        <extrude>1</extrude>
                        <altitudeMode>absolute</altitudeMode>
                        <gx:drawOrder>1</gx:drawOrder>
                        <coordinates>2.3240706672246,47.02196531658,964.26542560663</coordinates>
                    </Point>
                </Placemark>
                
                <Placemark>
                    <name>13:22:32 - 98 kts - 3217 ft</name>
                    <visibility>0</visibility>
                    <description>latitude: 47.026373
longitude: 2.322464
altitude: 981 m / 3217 ft
elevation: 159 m / 522 ft
course: 345°
speed: 98 kts
</description>
                    <LookAt>
                        <longitude>2.3224637609752</longitude>
                        <latitude>47.026372542237</latitude>
                        <altitude>0</altitude>
                        <heading>0</heading>
                        <tilt>70</tilt>
                        <range>3000</range>
                        <gx:altitudeMode>relativeToSeaFloor</gx:altitudeMode>
                    </LookAt>
                    <styleUrl>#msn_ylw-pushpin0</styleUrl>
                    <Point>
                        <extrude>1</extrude>
                        <altitudeMode>absolute</altitudeMode>
                        <gx:drawOrder>1</gx:drawOrder>
                        <coordinates>2.3224637609752,47.026372542237,980.57385733165</coordinates>
                    </Point>
                </Placemark>
                
                <Placemark>
                    <name>13:22:42 - 102 kts - 3185 ft</name>
                    <visibility>0</visibility>
                    <description>latitude: 47.030881
longitude: 2.320955
altitude: 971 m / 3185 ft
elevation: 153 m / 502 ft
course: 347°
speed: 102 kts
</description>
                    <LookAt>
                        <longitude>2.3209549842101</longitude>
                        <latitude>47.030880886535</latitude>
                        <altitude>0</altitude>
                        <heading>0</heading>
                        <tilt>70</tilt>
                        <range>3000</range>
                        <gx:altitudeMode>relativeToSeaFloor</gx:altitudeMode>
                    </LookAt>
                    <styleUrl>#msn_ylw-pushpin0</styleUrl>
                    <Point>
                        <extrude>1</extrude>
                        <altitudeMode>absolute</altitudeMode>
                        <gx:drawOrder>1</gx:drawOrder>
                        <coordinates>2.3209549842101,47.030880886535,970.80617340654</coordinates>
                    </Point>
                </Placemark>
                
                <Placemark>
                    <name>13:22:52 - 104 kts - 3176 ft</name>
                    <visibility>0</visibility>
                    <description>latitude: 47.035509
longitude: 2.319362
altitude: 968 m / 3176 ft
elevation: 150 m / 492 ft
course: 349°
speed: 104 kts
</description>
                    <LookAt>
                        <longitude>2.3193620475044</longitude>
                        <latitude>47.035509333569</latitude>
                        <altitude>0</altitude>
                        <heading>0</heading>
                        <tilt>70</tilt>
                        <range>3000</range>
                        <gx:altitudeMode>relativeToSeaFloor</gx:altitudeMode>
                    </LookAt>
                    <styleUrl>#msn_ylw-pushpin0</styleUrl>
                    <Point>
                        <extrude>1</extrude>
                        <altitudeMode>absolute</altitudeMode>
                        <gx:drawOrder>1</gx:drawOrder>
                        <coordinates>2.3193620475044,47.035509333569,968.16491329577</coordinates>
                    </Point>
                </Placemark>
                
                <Placemark>
                    <name>13:23:02 - 101 kts - 3171 ft</name>
                    <visibility>0</visibility>
                    <description>latitude: 47.040169
longitude: 2.318048
altitude: 966 m / 3171 ft
elevation: 161 m / 528 ft
course: 348°
speed: 101 kts
</description>
                    <LookAt>
                        <longitude>2.3180476749511</longitude>
                        <latitude>47.040168706484</latitude>
                        <altitude>0</altitude>
                        <heading>0</heading>
                        <tilt>70</tilt>
                        <range>3000</range>
                        <gx:altitudeMode>relativeToSeaFloor</gx:altitudeMode>
                    </LookAt>
                    <styleUrl>#msn_ylw-pushpin0</styleUrl>
                    <Point>
                        <extrude>1</extrude>
                        <altitudeMode>absolute</altitudeMode>
                        <gx:drawOrder>1</gx:drawOrder>
                        <coordinates>2.3180476749511,47.040168706484,966.4105825657</coordinates>
                    </Point>
                </Placemark>
                
                <Placemark>
                    <name>13:23:12 - 103 kts - 3177 ft</name>
                    <visibility>0</visibility>
                    <description>latitude: 47.044842
longitude: 2.316932
altitude: 968 m / 3177 ft
elevation: 149 m / 489 ft
course: 352°
speed: 103 kts
</description>
                    <LookAt>
                        <longitude>2.316931892109</longitude>
                        <latitude>47.04484225458</latitude>
                        <altitude>0</altitude>
                        <heading>0</heading>
                        <tilt>70</tilt>
                        <range>3000</range>
                        <gx:altitudeMode>relativeToSeaFloor</gx:altitudeMode>
                    </LookAt>
                    <styleUrl>#msn_ylw-pushpin0</styleUrl>
                    <Point>
                        <extrude>1</extrude>
                        <altitudeMode>absolute</altitudeMode>
                        <gx:drawOrder>1</gx:drawOrder>
                        <coordinates>2.316931892109,47.04484225458,968.38348325063</coordinates>
                    </Point>
                </Placemark>
                
                <Placemark>
                    <name>13:23:22 - 105 kts - 3158 ft</name>
                    <visibility>0</visibility>
                    <description>latitude: 47.049653
longitude: 2.316122
altitude: 963 m / 3158 ft
elevation: 153 m / 502 ft
course: 354°
speed: 105 kts
</description>
                    <LookAt>
                        <longitude>2.3161221807992</longitude>
                        <latitude>47.049652869276</latitude>
                        <altitude>0</altitude>
                        <heading>0</heading>
                        <tilt>70</tilt>
                        <range>3000</range>
                        <gx:altitudeMode>relativeToSeaFloor</gx:altitudeMode>
                    </LookAt>
                    <styleUrl>#msn_ylw-pushpin0</styleUrl>
                    <Point>
                        <extrude>1</extrude>
                        <altitudeMode>absolute</altitudeMode>
                        <gx:drawOrder>1</gx:drawOrder>
                        <coordinates>2.3161221807992,47.049652869276,962.5896901479</coordinates>
                    </Point>
                </Placemark>
                
                <Placemark>
                    <name>13:23:32 - 103 kts - 3148 ft</name>
                    <visibility>0</visibility>
                    <description>latitude: 47.054442
longitude: 2.315480
altitude: 960 m / 3148 ft
elevation: 153 m / 502 ft
course: 355°
speed: 103 kts
</description>
                    <LookAt>
                        <longitude>2.3154804910369</longitude>
                        <latitude>47.05444164285</latitude>
                        <altitude>0</altitude>
                        <heading>0</heading>
                        <tilt>70</tilt>
                        <range>3000</range>
                        <gx:altitudeMode>relativeToSeaFloor</gx:altitudeMode>
                    </LookAt>
                    <styleUrl>#msn_ylw-pushpin0</styleUrl>
                    <Point>
                        <extrude>1</extrude>
                        <altitudeMode>absolute</altitudeMode>
                        <gx:drawOrder>1</gx:drawOrder>
                        <coordinates>2.3154804910369,47.05444164285,959.57607333921</coordinates>
                    </Point>
                </Placemark>
                
                <Placemark>
                    <name>13:23:42 - 100 kts - 3150 ft</name>
                    <visibility>0</visibility>
                    <description>latitude: 47.059135
longitude: 2.314912
altitude: 960 m / 3150 ft
elevation: 142 m / 466 ft
course: 354°
speed: 100 kts
</description>
                    <LookAt>
                        <longitude>2.3149124100746</longitude>
                        <latitude>47.059135125516</latitude>
                        <altitude>0</altitude>
                        <heading>0</heading>
                        <tilt>70</tilt>
                        <range>3000</range>
                        <gx:altitudeMode>relativeToSeaFloor</gx:altitudeMode>
                    </LookAt>
                    <styleUrl>#msn_ylw-pushpin0</styleUrl>
                    <Point>
                        <extrude>1</extrude>
                        <altitudeMode>absolute</altitudeMode>
                        <gx:drawOrder>1</gx:drawOrder>
                        <coordinates>2.3149124100746,47.059135125516,959.99799705576</coordinates>
                    </Point>
                </Placemark>
                
                <Placemark>
                    <name>13:23:52 - 98 kts - 3170 ft</name>
                    <visibility>0</visibility>
                    <description>latitude: 47.063677
longitude: 2.314222
altitude: 966 m / 3170 ft
elevation: 141 m / 463 ft
course: 355°
speed: 98 kts
</description>
                    <LookAt>
                        <longitude>2.3142222529501</longitude>
                        <latitude>47.063677460707</latitude>
                        <altitude>0</altitude>
                        <heading>0</heading>
                        <tilt>70</tilt>
                        <range>3000</range>
                        <gx:altitudeMode>relativeToSeaFloor</gx:altitudeMode>
                    </LookAt>
                    <styleUrl>#msn_ylw-pushpin0</styleUrl>
                    <Point>
                        <extrude>1</extrude>
                        <altitudeMode>absolute</altitudeMode>
                        <gx:drawOrder>1</gx:drawOrder>
                        <coordinates>2.3142222529501,47.063677460707,966.08502709959</coordinates>
                    </Point>
                </Placemark>
                
                <Placemark>
                    <name>13:24:03 - 97 kts - 3166 ft</name>
                    <visibility>0</visibility>
                    <description>latitude: 47.068592
longitude: 2.313441
altitude: 965 m / 3166 ft
elevation: 145 m / 476 ft
course: 353°
speed: 97 kts
</description>
                    <LookAt>
                        <longitude>2.3134409731309</longitude>
                        <latitude>47.068591876913</latitude>
                        <altitude>0</altitude>
                        <heading>0</heading>
                        <tilt>70</tilt>
                        <range>3000</range>
                        <gx:altitudeMode>relativeToSeaFloor</gx:altitudeMode>
                    </LookAt>
                    <styleUrl>#msn_ylw-pushpin0</styleUrl>
                    <Point>
                        <extrude>1</extrude>
                        <altitudeMode>absolute</altitudeMode>
                        <gx:drawOrder>1</gx:drawOrder>
                        <coordinates>2.3134409731309,47.068591876913,965.12864940055</coordinates>
                    </Point>
                </Placemark>
                
                <Placemark>
                    <name>13:24:14 - 98 kts - 3178 ft</name>
                    <visibility>0</visibility>
                    <description>latitude: 47.073464
longitude: 2.312269
altitude: 969 m / 3178 ft
elevation: 145 m / 476 ft
course: 348°
speed: 98 kts
</description>
                    <LookAt>
                        <longitude>2.31226938116</longitude>
                        <latitude>47.073463776796</latitude>
                        <altitude>0</altitude>
                        <heading>0</heading>
                        <tilt>70</tilt>
                        <range>3000</range>
                        <gx:altitudeMode>relativeToSeaFloor</gx:altitudeMode>
                    </LookAt>
                    <styleUrl>#msn_ylw-pushpin0</styleUrl>
                    <Point>
                        <extrude>1</extrude>
                        <altitudeMode>absolute</altitudeMode>
                        <gx:drawOrder>1</gx:drawOrder>
                        <coordinates>2.31226938116,47.073463776796,968.50751564372</coordinates>
                    </Point>
                </Placemark>
                
                <Placemark>
                    <name>13:24:24 - 101 kts - 3168 ft</name>
                    <visibility>0</visibility>
                    <description>latitude: 47.077974
longitude: 2.310737
altitude: 965 m / 3168 ft
elevation: 145 m / 476 ft
course: 349°
speed: 101 kts
</description>
                    <LookAt>
                        <longitude>2.3107374539891</longitude>
                        <latitude>47.077973858357</latitude>
                        <altitude>0</altitude>
                        <heading>0</heading>
                        <tilt>70</tilt>
                        <range>3000</range>
                        <gx:altitudeMode>relativeToSeaFloor</gx:altitudeMode>
                    </LookAt>
                    <styleUrl>#msn_ylw-pushpin0</styleUrl>
                    <Point>
                        <extrude>1</extrude>
                        <altitudeMode>absolute</altitudeMode>
                        <gx:drawOrder>1</gx:drawOrder>
                        <coordinates>2.3107374539891,47.077973858357,965.4773814138</coordinates>
                    </Point>
                </Placemark>
                
                <Placemark>
                    <name>13:24:34 - 103 kts - 3153 ft</name>
                    <visibility>0</visibility>
                    <description>latitude: 47.082622
longitude: 2.309607
altitude: 961 m / 3153 ft
elevation: 136 m / 446 ft
course: 351°
speed: 103 kts
</description>
                    <LookAt>
                        <longitude>2.309607353095</longitude>
                        <latitude>47.082622350277</latitude>
                        <altitude>0</altitude>
                        <heading>0</heading>
                        <tilt>70</tilt>
                        <range>3000</range>
                        <gx:altitudeMode>relativeToSeaFloor</gx:altitudeMode>
                    </LookAt>
                    <styleUrl>#msn_ylw-pushpin0</styleUrl>
                    <Point>
                        <extrude>1</extrude>
                        <altitudeMode>absolute</altitudeMode>
                        <gx:drawOrder>1</gx:drawOrder>
                        <coordinates>2.309607353095,47.082622350277,961.01060232427</coordinates>
                    </Point>
                </Placemark>
                
                <Placemark>
                    <name>13:24:44 - 100 kts - 3160 ft</name>
                    <visibility>0</visibility>
                    <description>latitude: 47.087210
longitude: 2.308300
altitude: 963 m / 3160 ft
elevation: 138 m / 453 ft
course: 348°
speed: 100 kts
</description>
                    <LookAt>
                        <longitude>2.3082996014112</longitude>
                        <latitude>47.087210093293</latitude>
                        <altitude>0</altitude>
                        <heading>0</heading>
                        <tilt>70</tilt>
                        <range>3000</range>
                        <gx:altitudeMode>relativeToSeaFloor</gx:altitudeMode>
                    </LookAt>
                    <styleUrl>#msn_ylw-pushpin0</styleUrl>
                    <Point>
                        <extrude>1</extrude>
                        <altitudeMode>absolute</altitudeMode>
                        <gx:drawOrder>1</gx:drawOrder>
                        <coordinates>2.3082996014112,47.087210093293,963.19362797588</coordinates>
                    </Point>
                </Placemark>
                
                <Placemark>
                    <name>13:24:54 - 97 kts - 3168 ft</name>
                    <visibility>0</visibility>
                    <description>latitude: 47.091604
longitude: 2.306679
altitude: 966 m / 3168 ft
elevation: 130 m / 427 ft
course: 345°
speed: 97 kts
</description>
                    <LookAt>
                        <longitude>2.3066788721264</longitude>
                        <latitude>47.091604323856</latitude>
                        <altitude>0</altitude>
                        <heading>0</heading>
                        <tilt>70</tilt>
                        <range>3000</range>
                        <gx:altitudeMode>relativeToSeaFloor</gx:altitudeMode>
                    </LookAt>
                    <styleUrl>#msn_ylw-pushpin0</styleUrl>
                    <Point>
                        <extrude>1</extrude>
                        <altitudeMode>absolute</altitudeMode>
                        <gx:drawOrder>1</gx:drawOrder>
                        <coordinates>2.3066788721264,47.091604323856,965.64031849336</coordinates>
                    </Point>
                </Placemark>
                
                <Placemark>
                    <name>13:25:05 - 97 kts - 3163 ft</name>
                    <visibility>0</visibility>
                    <description>latitude: 47.096318
longitude: 2.304509
altitude: 964 m / 3163 ft
elevation: 117 m / 384 ft
course: 342°
speed: 97 kts
</description>
                    <LookAt>
                        <longitude>2.304509018849</longitude>
                        <latitude>47.096318244309</latitude>
                        <altitude>0</altitude>
                        <heading>0</heading>
                        <tilt>70</tilt>
                        <range>3000</range>
                        <gx:altitudeMode>relativeToSeaFloor</gx:altitudeMode>
                    </LookAt>
                    <styleUrl>#msn_ylw-pushpin0</styleUrl>
                    <Point>
                        <extrude>1</extrude>
                        <altitudeMode>absolute</altitudeMode>
                        <gx:drawOrder>1</gx:drawOrder>
                        <coordinates>2.304509018849,47.096318244309,964.03111444786</coordinates>
                    </Point>
                </Placemark>
                
                <Placemark>
                    <name>13:25:16 - 97 kts - 3155 ft</name>
                    <visibility>0</visibility>
                    <description>latitude: 47.101019
longitude: 2.302338
altitude: 962 m / 3155 ft
elevation: 117 m / 384 ft
course: 342°
speed: 97 kts
</description>
                    <LookAt>
                        <longitude>2.3023378066753</longitude>
                        <latitude>47.101019071172</latitude>
                        <altitude>0</altitude>
                        <heading>0</heading>
                        <tilt>70</tilt>
                        <range>3000</range>
                        <gx:altitudeMode>relativeToSeaFloor</gx:altitudeMode>
                    </LookAt>
                    <styleUrl>#msn_ylw-pushpin0</styleUrl>
                    <Point>
                        <extrude>1</extrude>
                        <altitudeMode>absolute</altitudeMode>
                        <gx:drawOrder>1</gx:drawOrder>
                        <coordinates>2.3023378066753,47.101019071172,961.57668348867</coordinates>
                    </Point>
                </Placemark>
                
                <Placemark>
                    <name>13:25:27 - 96 kts - 3165 ft</name>
                    <visibility>0</visibility>
                    <description>latitude: 47.105677
longitude: 2.300196
altitude: 965 m / 3165 ft
elevation: 117 m / 384 ft
course: 343°
speed: 96 kts
</description>
                    <LookAt>
                        <longitude>2.3001963631633</longitude>
                        <latitude>47.105676933267</latitude>
                        <altitude>0</altitude>
                        <heading>0</heading>
                        <tilt>70</tilt>
                        <range>3000</range>
                        <gx:altitudeMode>relativeToSeaFloor</gx:altitudeMode>
                    </LookAt>
                    <styleUrl>#msn_ylw-pushpin0</styleUrl>
                    <Point>
                        <extrude>1</extrude>
                        <altitudeMode>absolute</altitudeMode>
                        <gx:drawOrder>1</gx:drawOrder>
                        <coordinates>2.3001963631633,47.105676933267,964.58096330054</coordinates>
                    </Point>
                </Placemark>
                
                <Placemark>
                    <name>13:25:38 - 95 kts - 3170 ft</name>
                    <visibility>0</visibility>
                    <description>latitude: 47.110337
longitude: 2.298188
altitude: 966 m / 3170 ft
elevation: 124 m / 407 ft
course: 344°
speed: 95 kts
</description>
                    <LookAt>
                        <longitude>2.2981876073349</longitude>
                        <latitude>47.110336883861</latitude>
                        <altitude>0</altitude>
                        <heading>0</heading>
                        <tilt>70</tilt>
                        <range>3000</range>
                        <gx:altitudeMode>relativeToSeaFloor</gx:altitudeMode>
                    </LookAt>
                    <styleUrl>#msn_ylw-pushpin0</styleUrl>
                    <Point>
                        <extrude>1</extrude>
                        <altitudeMode>absolute</altitudeMode>
                        <gx:drawOrder>1</gx:drawOrder>
                        <coordinates>2.2981876073349,47.110336883861,966.33123988379</coordinates>
                    </Point>
                </Placemark>
                
                <Placemark>
                    <name>13:25:49 - 99 kts - 3173 ft</name>
                    <visibility>0</visibility>
                    <description>latitude: 47.115118
longitude: 2.296486
altitude: 967 m / 3173 ft
elevation: 139 m / 456 ft
course: 349°
speed: 99 kts
</description>
                    <LookAt>
                        <longitude>2.2964855247468</longitude>
                        <latitude>47.115117546913</latitude>
                        <altitude>0</altitude>
                        <heading>0</heading>
                        <tilt>70</tilt>
                        <range>3000</range>
                        <gx:altitudeMode>relativeToSeaFloor</gx:altitudeMode>
                    </LookAt>
                    <styleUrl>#msn_ylw-pushpin0</styleUrl>
                    <Point>
                        <extrude>1</extrude>
                        <altitudeMode>absolute</altitudeMode>
                        <gx:drawOrder>1</gx:drawOrder>
                        <coordinates>2.2964855247468,47.115117546913,966.98817822803</coordinates>
                    </Point>
                </Placemark>
                
                <Placemark>
                    <name>13:25:57 - 101 kts - 3156 ft</name>
                    <visibility>0</visibility>
                    <description>latitude: 47.118802
longitude: 2.295709
altitude: 962 m / 3156 ft
elevation: 142 m / 466 ft
course: 354°
speed: 101 kts
</description>
                    <LookAt>
                        <longitude>2.2957086690183</longitude>
                        <latitude>47.118801865399</latitude>
                        <altitude>0</altitude>
                        <heading>0</heading>
                        <tilt>70</tilt>
                        <range>3000</range>
                        <gx:altitudeMode>relativeToSeaFloor</gx:altitudeMode>
                    </LookAt>
                    <styleUrl>#msn_ylw-pushpin0</styleUrl>
                    <Point>
                        <extrude>1</extrude>
                        <altitudeMode>absolute</altitudeMode>
                        <gx:drawOrder>1</gx:drawOrder>
                        <coordinates>2.2957086690183,47.118801865399,961.85813836753</coordinates>
                    </Point>
                </Placemark>
                
                <Placemark>
                    <name>13:26:07 - 100 kts - 3148 ft</name>
                    <visibility>0</visibility>
                    <description>latitude: 47.123435
longitude: 2.294900
altitude: 959 m / 3148 ft
elevation: 145 m / 476 ft
course: 352°
speed: 100 kts
</description>
                    <LookAt>
                        <longitude>2.2949002071196</longitude>
                        <latitude>47.123434734207</latitude>
                        <altitude>0</altitude>
                        <heading>0</heading>
                        <tilt>70</tilt>
                        <range>3000</range>
                        <gx:altitudeMode>relativeToSeaFloor</gx:altitudeMode>
                    </LookAt>
                    <styleUrl>#msn_ylw-pushpin0</styleUrl>
                    <Point>
                        <extrude>1</extrude>
                        <altitudeMode>absolute</altitudeMode>
                        <gx:drawOrder>1</gx:drawOrder>
                        <coordinates>2.2949002071196,47.123434734207,959.39568627719</coordinates>
                    </Point>
                </Placemark>
                
                <Placemark>
                    <name>13:26:17 - 98 kts - 3150 ft</name>
                    <visibility>0</visibility>
                    <description>latitude: 47.127970
longitude: 2.294023
altitude: 960 m / 3150 ft
elevation: 148 m / 486 ft
course: 353°
speed: 98 kts
</description>
                    <LookAt>
                        <longitude>2.294023390049</longitude>
                        <latitude>47.127969876103</latitude>
                        <altitude>0</altitude>
                        <heading>0</heading>
                        <tilt>70</tilt>
                        <range>3000</range>
                        <gx:altitudeMode>relativeToSeaFloor</gx:altitudeMode>
                    </LookAt>
                    <styleUrl>#msn_ylw-pushpin0</styleUrl>
                    <Point>
                        <extrude>1</extrude>
                        <altitudeMode>absolute</altitudeMode>
                        <gx:drawOrder>1</gx:drawOrder>
                        <coordinates>2.294023390049,47.127969876103,960.06647050753</coordinates>
                    </Point>
                </Placemark>
                
                <Placemark>
                    <name>13:26:28 - 97 kts - 3154 ft</name>
                    <visibility>0</visibility>
                    <description>latitude: 47.132879
longitude: 2.293164
altitude: 961 m / 3154 ft
elevation: 142 m / 466 ft
course: 352°
speed: 97 kts
</description>
                    <LookAt>
                        <longitude>2.2931643184396</longitude>
                        <latitude>47.132878731774</latitude>
                        <altitude>0</altitude>
                        <heading>0</heading>
                        <tilt>70</tilt>
                        <range>3000</range>
                        <gx:altitudeMode>relativeToSeaFloor</gx:altitudeMode>
                    </LookAt>
                    <styleUrl>#msn_ylw-pushpin0</styleUrl>
                    <Point>
                        <extrude>1</extrude>
                        <altitudeMode>absolute</altitudeMode>
                        <gx:drawOrder>1</gx:drawOrder>
                        <coordinates>2.2931643184396,47.132878731774,961.22020168975</coordinates>
                    </Point>
                </Placemark>
                
                <Placemark>
                    <name>13:26:38 - 98 kts - 3152 ft</name>
                    <visibility>0</visibility>
                    <description>latitude: 47.137327
longitude: 2.292117
altitude: 961 m / 3152 ft
elevation: 135 m / 443 ft
course: 350°
speed: 98 kts
</description>
                    <LookAt>
                        <longitude>2.2921171480824</longitude>
                        <latitude>47.137327196991</latitude>
                        <altitude>0</altitude>
                        <heading>0</heading>
                        <tilt>70</tilt>
                        <range>3000</range>
                        <gx:altitudeMode>relativeToSeaFloor</gx:altitudeMode>
                    </LookAt>
                    <styleUrl>#msn_ylw-pushpin0</styleUrl>
                    <Point>
                        <extrude>1</extrude>
                        <altitudeMode>absolute</altitudeMode>
                        <gx:drawOrder>1</gx:drawOrder>
                        <coordinates>2.2921171480824,47.137327196991,960.83775197621</coordinates>
                    </Point>
                </Placemark>
                
                <Placemark>
                    <name>13:26:48 - 98 kts - 3144 ft</name>
                    <visibility>0</visibility>
                    <description>latitude: 47.141799
longitude: 2.290943
altitude: 958 m / 3144 ft
elevation: 131 m / 430 ft
course: 351°
speed: 98 kts
</description>
                    <LookAt>
                        <longitude>2.2909427267805</longitude>
                        <latitude>47.141798551075</latitude>
                        <altitude>0</altitude>
                        <heading>0</heading>
                        <tilt>70</tilt>
                        <range>3000</range>
                        <gx:altitudeMode>relativeToSeaFloor</gx:altitudeMode>
                    </LookAt>
                    <styleUrl>#msn_ylw-pushpin0</styleUrl>
                    <Point>
                        <extrude>1</extrude>
                        <altitudeMode>absolute</altitudeMode>
                        <gx:drawOrder>1</gx:drawOrder>
                        <coordinates>2.2909427267805,47.141798551075,958.29567509517</coordinates>
                    </Point>
                </Placemark>
                
                <Placemark>
                    <name>13:26:58 - 99 kts - 3147 ft</name>
                    <visibility>0</visibility>
                    <description>latitude: 47.146251
longitude: 2.289521
altitude: 959 m / 3147 ft
elevation: 145 m / 476 ft
course: 347°
speed: 99 kts
</description>
                    <LookAt>
                        <longitude>2.2895209832537</longitude>
                        <latitude>47.146251233777</latitude>
                        <altitude>0</altitude>
                        <heading>0</heading>
                        <tilt>70</tilt>
                        <range>3000</range>
                        <gx:altitudeMode>relativeToSeaFloor</gx:altitudeMode>
                    </LookAt>
                    <styleUrl>#msn_ylw-pushpin0</styleUrl>
                    <Point>
                        <extrude>1</extrude>
                        <altitudeMode>absolute</altitudeMode>
                        <gx:drawOrder>1</gx:drawOrder>
                        <coordinates>2.2895209832537,47.146251233777,959.20824568067</coordinates>
                    </Point>
                </Placemark>
                
                <Placemark>
                    <name>13:27:08 - 99 kts - 3151 ft</name>
                    <visibility>0</visibility>
                    <description>latitude: 47.150730
longitude: 2.288091
altitude: 960 m / 3151 ft
elevation: 138 m / 453 ft
course: 347°
speed: 99 kts
</description>
                    <LookAt>
                        <longitude>2.2880905549369</longitude>
                        <latitude>47.150730079377</latitude>
                        <altitude>0</altitude>
                        <heading>0</heading>
                        <tilt>70</tilt>
                        <range>3000</range>
                        <gx:altitudeMode>relativeToSeaFloor</gx:altitudeMode>
                    </LookAt>
                    <styleUrl>#msn_ylw-pushpin0</styleUrl>
                    <Point>
                        <extrude>1</extrude>
                        <altitudeMode>absolute</altitudeMode>
                        <gx:drawOrder>1</gx:drawOrder>
                        <coordinates>2.2880905549369,47.150730079377,960.4161500046</coordinates>
                    </Point>
                </Placemark>
                
                <Placemark>
                    <name>13:27:18 - 102 kts - 3155 ft</name>
                    <visibility>0</visibility>
                    <description>latitude: 47.155308
longitude: 2.286818
altitude: 962 m / 3155 ft
elevation: 134 m / 440 ft
course: 350°
speed: 102 kts
</description>
                    <LookAt>
                        <longitude>2.2868175579477</longitude>
                        <latitude>47.155307807436</latitude>
                        <altitude>0</altitude>
                        <heading>0</heading>
                        <tilt>70</tilt>
                        <range>3000</range>
                        <gx:altitudeMode>relativeToSeaFloor</gx:altitudeMode>
                    </LookAt>
                    <styleUrl>#msn_ylw-pushpin0</styleUrl>
                    <Point>
                        <extrude>1</extrude>
                        <altitudeMode>absolute</altitudeMode>
                        <gx:drawOrder>1</gx:drawOrder>
                        <coordinates>2.2868175579477,47.155307807436,961.52722622175</coordinates>
                    </Point>
                </Placemark>
                
                <Placemark>
                    <name>13:27:28 - 104 kts - 3146 ft</name>
                    <visibility>0</visibility>
                    <description>latitude: 47.160045
longitude: 2.285701
altitude: 959 m / 3146 ft
elevation: 142 m / 466 ft
course: 351°
speed: 104 kts
</description>
                    <LookAt>
                        <longitude>2.2857014341934</longitude>
                        <latitude>47.160045283303</latitude>
                        <altitude>0</altitude>
                        <heading>0</heading>
                        <tilt>70</tilt>
                        <range>3000</range>
                        <gx:altitudeMode>relativeToSeaFloor</gx:altitudeMode>
                    </LookAt>
                    <styleUrl>#msn_ylw-pushpin0</styleUrl>
                    <Point>
                        <extrude>1</extrude>
                        <altitudeMode>absolute</altitudeMode>
                        <gx:drawOrder>1</gx:drawOrder>
                        <coordinates>2.2857014341934,47.160045283303,958.93489340134</coordinates>
                    </Point>
                </Placemark>
                
                <Placemark>
                    <name>13:27:38 - 102 kts - 3136 ft</name>
                    <visibility>0</visibility>
                    <description>latitude: 47.164761
longitude: 2.284557
altitude: 956 m / 3136 ft
elevation: 149 m / 489 ft
course: 351°
speed: 102 kts
</description>
                    <LookAt>
                        <longitude>2.2845567608764</longitude>
                        <latitude>47.164761225168</latitude>
                        <altitude>0</altitude>
                        <heading>0</heading>
                        <tilt>70</tilt>
                        <range>3000</range>
                        <gx:altitudeMode>relativeToSeaFloor</gx:altitudeMode>
                    </LookAt>
                    <styleUrl>#msn_ylw-pushpin0</styleUrl>
                    <Point>
                        <extrude>1</extrude>
                        <altitudeMode>absolute</altitudeMode>
                        <gx:drawOrder>1</gx:drawOrder>
                        <coordinates>2.2845567608764,47.164761225168,955.90088772122</coordinates>
                    </Point>
                </Placemark>
                
                <Placemark>
                    <name>13:27:48 - 98 kts - 3161 ft</name>
                    <visibility>0</visibility>
                    <description>latitude: 47.169285
longitude: 2.283588
altitude: 963 m / 3161 ft
elevation: 152 m / 499 ft
course: 352°
speed: 98 kts
</description>
                    <LookAt>
                        <longitude>2.2835883368367</longitude>
                        <latitude>47.169285031512</latitude>
                        <altitude>0</altitude>
                        <heading>0</heading>
                        <tilt>70</tilt>
                        <range>3000</range>
                        <gx:altitudeMode>relativeToSeaFloor</gx:altitudeMode>
                    </LookAt>
                    <styleUrl>#msn_ylw-pushpin0</styleUrl>
                    <Point>
                        <extrude>1</extrude>
                        <altitudeMode>absolute</altitudeMode>
                        <gx:drawOrder>1</gx:drawOrder>
                        <coordinates>2.2835883368367,47.169285031512,963.34072307311</coordinates>
                    </Point>
                </Placemark>
                
                <Placemark>
                    <name>13:27:58 - 103 kts - 3163 ft</name>
                    <visibility>0</visibility>
                    <description>latitude: 47.173870
longitude: 2.282394
altitude: 964 m / 3163 ft
elevation: 146 m / 479 ft
course: 349°
speed: 103 kts
</description>
                    <LookAt>
                        <longitude>2.2823936350388</longitude>
                        <latitude>47.173870073826</latitude>
                        <altitude>0</altitude>
                        <heading>0</heading>
                        <tilt>70</tilt>
                        <range>3000</range>
                        <gx:altitudeMode>relativeToSeaFloor</gx:altitudeMode>
                    </LookAt>
                    <styleUrl>#msn_ylw-pushpin0</styleUrl>
                    <Point>
                        <extrude>1</extrude>
                        <altitudeMode>absolute</altitudeMode>
                        <gx:drawOrder>1</gx:drawOrder>
                        <coordinates>2.2823936350388,47.173870073826,964.17878335901</coordinates>
                    </Point>
                </Placemark>
                
                <Placemark>
                    <name>13:28:08 - 104 kts - 3134 ft</name>
                    <visibility>0</visibility>
                    <description>latitude: 47.178652
longitude: 2.281188
altitude: 955 m / 3134 ft
elevation: 153 m / 502 ft
course: 350°
speed: 104 kts
</description>
                    <LookAt>
                        <longitude>2.281187543562</longitude>
                        <latitude>47.178651872834</latitude>
                        <altitude>0</altitude>
                        <heading>0</heading>
                        <tilt>70</tilt>
                        <range>3000</range>
                        <gx:altitudeMode>relativeToSeaFloor</gx:altitudeMode>
                    </LookAt>
                    <styleUrl>#msn_ylw-pushpin0</styleUrl>
                    <Point>
                        <extrude>1</extrude>
                        <altitudeMode>absolute</altitudeMode>
                        <gx:drawOrder>1</gx:drawOrder>
                        <coordinates>2.281187543562,47.178651872834,955.14579706453</coordinates>
                    </Point>
                </Placemark>
                
                <Placemark>
                    <name>13:28:18 - 102 kts - 3145 ft</name>
                    <visibility>0</visibility>
                    <description>latitude: 47.183285
longitude: 2.279984
altitude: 958 m / 3145 ft
elevation: 149 m / 489 ft
course: 349°
speed: 102 kts
</description>
                    <LookAt>
                        <longitude>2.2799839686676</longitude>
                        <latitude>47.183285304005</latitude>
                        <altitude>0</altitude>
                        <heading>0</heading>
                        <tilt>70</tilt>
                        <range>3000</range>
                        <gx:altitudeMode>relativeToSeaFloor</gx:altitudeMode>
                    </LookAt>
                    <styleUrl>#msn_ylw-pushpin0</styleUrl>
                    <Point>
                        <extrude>1</extrude>
                        <altitudeMode>absolute</altitudeMode>
                        <gx:drawOrder>1</gx:drawOrder>
                        <coordinates>2.2799839686676,47.183285304005,958.4583452493</coordinates>
                    </Point>
                </Placemark>
                
                <Placemark>
                    <name>13:28:28 - 101 kts - 3146 ft</name>
                    <visibility>0</visibility>
                    <description>latitude: 47.187916
longitude: 2.278746
altitude: 959 m / 3146 ft
elevation: 143 m / 469 ft
course: 351°
speed: 101 kts
</description>
                    <LookAt>
                        <longitude>2.2787455207942</longitude>
                        <latitude>47.187915733618</latitude>
                        <altitude>0</altitude>
                        <heading>0</heading>
                        <tilt>70</tilt>
                        <range>3000</range>
                        <gx:altitudeMode>relativeToSeaFloor</gx:altitudeMode>
                    </LookAt>
                    <styleUrl>#msn_ylw-pushpin0</styleUrl>
                    <Point>
                        <extrude>1</extrude>
                        <altitudeMode>absolute</altitudeMode>
                        <gx:drawOrder>1</gx:drawOrder>
                        <coordinates>2.2787455207942,47.187915733618,958.84159973077</coordinates>
                    </Point>
                </Placemark>
                
                <Placemark>
                    <name>13:28:38 - 102 kts - 3153 ft</name>
                    <visibility>0</visibility>
                    <description>latitude: 47.192569
longitude: 2.277715
altitude: 961 m / 3153 ft
elevation: 152 m / 499 ft
course: 351°
speed: 102 kts
</description>
                    <LookAt>
                        <longitude>2.2777153808749</longitude>
                        <latitude>47.192569223746</latitude>
                        <altitude>0</altitude>
                        <heading>0</heading>
                        <tilt>70</tilt>
                        <range>3000</range>
                        <gx:altitudeMode>relativeToSeaFloor</gx:altitudeMode>
                    </LookAt>
                    <styleUrl>#msn_ylw-pushpin0</styleUrl>
                    <Point>
                        <extrude>1</extrude>
                        <altitudeMode>absolute</altitudeMode>
                        <gx:drawOrder>1</gx:drawOrder>
                        <coordinates>2.2777153808749,47.192569223746,961.10314664058</coordinates>
                    </Point>
                </Placemark>
                
                <Placemark>
                    <name>13:28:48 - 103 kts - 3140 ft</name>
                    <visibility>0</visibility>
                    <description>latitude: 47.197255
longitude: 2.276496
altitude: 957 m / 3140 ft
elevation: 160 m / 525 ft
course: 350°
speed: 103 kts
</description>
                    <LookAt>
                        <longitude>2.2764961373968</longitude>
                        <latitude>47.197254534021</latitude>
                        <altitude>0</altitude>
                        <heading>0</heading>
                        <tilt>70</tilt>
                        <range>3000</range>
                        <gx:altitudeMode>relativeToSeaFloor</gx:altitudeMode>
                    </LookAt>
                    <styleUrl>#msn_ylw-pushpin0</styleUrl>
                    <Point>
                        <extrude>1</extrude>
                        <altitudeMode>absolute</altitudeMode>
                        <gx:drawOrder>1</gx:drawOrder>
                        <coordinates>2.2764961373968,47.197254534021,957.06247631274</coordinates>
                    </Point>
                </Placemark>
                
                <Placemark>
                    <name>13:28:58 - 100 kts - 3149 ft</name>
                    <visibility>0</visibility>
                    <description>latitude: 47.201837
longitude: 2.275173
altitude: 960 m / 3149 ft
elevation: 156 m / 512 ft
course: 347°
speed: 100 kts
</description>
                    <LookAt>
                        <longitude>2.2751726744787</longitude>
                        <latitude>47.201837344475</latitude>
                        <altitude>0</altitude>
                        <heading>0</heading>
                        <tilt>70</tilt>
                        <range>3000</range>
                        <gx:altitudeMode>relativeToSeaFloor</gx:altitudeMode>
                    </LookAt>
                    <styleUrl>#msn_ylw-pushpin0</styleUrl>
                    <Point>
                        <extrude>1</extrude>
                        <altitudeMode>absolute</altitudeMode>
                        <gx:drawOrder>1</gx:drawOrder>
                        <coordinates>2.2751726744787,47.201837344475,959.89829936158</coordinates>
                    </Point>
                </Placemark>
                
                <Placemark>
                    <name>13:29:08 - 100 kts - 3148 ft</name>
                    <visibility>0</visibility>
                    <description>latitude: 47.206293
longitude: 2.273501
altitude: 960 m / 3148 ft
elevation: 160 m / 525 ft
course: 346°
speed: 100 kts
</description>
                    <LookAt>
                        <longitude>2.2735010026406</longitude>
                        <latitude>47.206293473557</latitude>
                        <altitude>0</altitude>
                        <heading>0</heading>
                        <tilt>70</tilt>
                        <range>3000</range>
                        <gx:altitudeMode>relativeToSeaFloor</gx:altitudeMode>
                    </LookAt>
                    <styleUrl>#msn_ylw-pushpin0</styleUrl>
                    <Point>
                        <extrude>1</extrude>
                        <altitudeMode>absolute</altitudeMode>
                        <gx:drawOrder>1</gx:drawOrder>
                        <coordinates>2.2735010026406,47.206293473557,959.6354806954</coordinates>
                    </Point>
                </Placemark>
                
                <Placemark>
                    <name>13:29:18 - 99 kts - 3132 ft</name>
                    <visibility>0</visibility>
                    <description>latitude: 47.210817
longitude: 2.272253
altitude: 955 m / 3132 ft
elevation: 157 m / 515 ft
course: 351°
speed: 99 kts
</description>
                    <LookAt>
                        <longitude>2.2722532518252</longitude>
                        <latitude>47.210816674267</latitude>
                        <altitude>0</altitude>
                        <heading>0</heading>
                        <tilt>70</tilt>
                        <range>3000</range>
                        <gx:altitudeMode>relativeToSeaFloor</gx:altitudeMode>
                    </LookAt>
                    <styleUrl>#msn_ylw-pushpin0</styleUrl>
                    <Point>
                        <extrude>1</extrude>
                        <altitudeMode>absolute</altitudeMode>
                        <gx:drawOrder>1</gx:drawOrder>
                        <coordinates>2.2722532518252,47.210816674267,954.52976879664</coordinates>
                    </Point>
                </Placemark>
                
                <Placemark>
                    <name>13:29:28 - 100 kts - 3166 ft</name>
                    <visibility>0</visibility>
                    <description>latitude: 47.215340
longitude: 2.271332
altitude: 965 m / 3166 ft
elevation: 161 m / 528 ft
course: 352°
speed: 100 kts
</description>
                    <LookAt>
                        <longitude>2.271331614314</longitude>
                        <latitude>47.215340114813</latitude>
                        <altitude>0</altitude>
                        <heading>0</heading>
                        <tilt>70</tilt>
                        <range>3000</range>
                        <gx:altitudeMode>relativeToSeaFloor</gx:altitudeMode>
                    </LookAt>
                    <styleUrl>#msn_ylw-pushpin0</styleUrl>
                    <Point>
                        <extrude>1</extrude>
                        <altitudeMode>absolute</altitudeMode>
                        <gx:drawOrder>1</gx:drawOrder>
                        <coordinates>2.271331614314,47.215340114813,965.11387148965</coordinates>
                    </Point>
                </Placemark>
                
                <Placemark>
                    <name>13:29:38 - 107 kts - 3141 ft</name>
                    <visibility>0</visibility>
                    <description>latitude: 47.220101
longitude: 2.269939
altitude: 957 m / 3141 ft
elevation: 173 m / 568 ft
course: 347°
speed: 107 kts
</description>
                    <LookAt>
                        <longitude>2.2699388183364</longitude>
                        <latitude>47.220100657385</latitude>
                        <altitude>0</altitude>
                        <heading>0</heading>
                        <tilt>70</tilt>
                        <range>3000</range>
                        <gx:altitudeMode>relativeToSeaFloor</gx:altitudeMode>
                    </LookAt>
                    <styleUrl>#msn_ylw-pushpin0</styleUrl>
                    <Point>
                        <extrude>1</extrude>
                        <altitudeMode>absolute</altitudeMode>
                        <gx:drawOrder>1</gx:drawOrder>
                        <coordinates>2.2699388183364,47.220100657385,957.27957718074</coordinates>
                    </Point>
                </Placemark>
                
                <Placemark>
                    <name>13:29:48 - 107 kts - 3135 ft</name>
                    <visibility>0</visibility>
                    <description>latitude: 47.224931
longitude: 2.268203
altitude: 956 m / 3135 ft
elevation: 156 m / 512 ft
course: 346°
speed: 107 kts
</description>
                    <LookAt>
                        <longitude>2.2682034219385</longitude>
                        <latitude>47.224930715838</latitude>
                        <altitude>0</altitude>
                        <heading>0</heading>
                        <tilt>70</tilt>
                        <range>3000</range>
                        <gx:altitudeMode>relativeToSeaFloor</gx:altitudeMode>
                    </LookAt>
                    <styleUrl>#msn_ylw-pushpin0</styleUrl>
                    <Point>
                        <extrude>1</extrude>
                        <altitudeMode>absolute</altitudeMode>
                        <gx:drawOrder>1</gx:drawOrder>
                        <coordinates>2.2682034219385,47.224930715838,955.52196379472</coordinates>
                    </Point>
                </Placemark>
                
                <Placemark>
                    <name>13:29:58 - 104 kts - 3143 ft</name>
                    <visibility>0</visibility>
                    <description>latitude: 47.229669
longitude: 2.266468
altitude: 958 m / 3143 ft
elevation: 155 m / 509 ft
course: 346°
speed: 104 kts
</description>
                    <LookAt>
                        <longitude>2.2664676123211</longitude>
                        <latitude>47.229668843296</latitude>
                        <altitude>0</altitude>
                        <heading>0</heading>
                        <tilt>70</tilt>
                        <range>3000</range>
                        <gx:altitudeMode>relativeToSeaFloor</gx:altitudeMode>
                    </LookAt>
                    <styleUrl>#msn_ylw-pushpin0</styleUrl>
                    <Point>
                        <extrude>1</extrude>
                        <altitudeMode>absolute</altitudeMode>
                        <gx:drawOrder>1</gx:drawOrder>
                        <coordinates>2.2664676123211,47.229668843296,958.00982792117</coordinates>
                    </Point>
                </Placemark>
                
                <Placemark>
                    <name>13:30:08 - 105 kts - 3157 ft</name>
                    <visibility>0</visibility>
                    <description>latitude: 47.234324
longitude: 2.264694
altitude: 962 m / 3157 ft
elevation: 157 m / 515 ft
course: 345°
speed: 105 kts
</description>
                    <LookAt>
                        <longitude>2.26469392575</longitude>
                        <latitude>47.234324402239</latitude>
                        <altitude>0</altitude>
                        <heading>0</heading>
                        <tilt>70</tilt>
                        <range>3000</range>
                        <gx:altitudeMode>relativeToSeaFloor</gx:altitudeMode>
                    </LookAt>
                    <styleUrl>#msn_ylw-pushpin0</styleUrl>
                    <Point>
                        <extrude>1</extrude>
                        <altitudeMode>absolute</altitudeMode>
                        <gx:drawOrder>1</gx:drawOrder>
                        <coordinates>2.26469392575,47.234324402239,962.24123142101</coordinates>
                    </Point>
                </Placemark>
                
                <Placemark>
                    <name>13:30:18 - 108 kts - 3158 ft</name>
                    <visibility>0</visibility>
                    <description>latitude: 47.239118
longitude: 2.262791
altitude: 962 m / 3158 ft
elevation: 155 m / 509 ft
course: 345°
speed: 108 kts
</description>
                    <LookAt>
                        <longitude>2.2627909937752</longitude>
                        <latitude>47.239118085572</latitude>
                        <altitude>0</altitude>
                        <heading>0</heading>
                        <tilt>70</tilt>
                        <range>3000</range>
                        <gx:altitudeMode>relativeToSeaFloor</gx:altitudeMode>
                    </LookAt>
                    <styleUrl>#msn_ylw-pushpin0</styleUrl>
                    <Point>
                        <extrude>1</extrude>
                        <altitudeMode>absolute</altitudeMode>
                        <gx:drawOrder>1</gx:drawOrder>
                        <coordinates>2.2627909937752,47.239118085572,962.4317860622</coordinates>
                    </Point>
                </Placemark>
                
                <Placemark>
                    <name>13:30:27 - 109 kts - 3149 ft</name>
                    <visibility>0</visibility>
                    <description>latitude: 47.243510
longitude: 2.261134
altitude: 960 m / 3149 ft
elevation: 160 m / 525 ft
course: 346°
speed: 109 kts
</description>
                    <LookAt>
                        <longitude>2.2611344780106</longitude>
                        <latitude>47.243510197518</latitude>
                        <altitude>0</altitude>
                        <heading>0</heading>
                        <tilt>70</tilt>
                        <range>3000</range>
                        <gx:altitudeMode>relativeToSeaFloor</gx:altitudeMode>
                    </LookAt>
                    <styleUrl>#msn_ylw-pushpin0</styleUrl>
                    <Point>
                        <extrude>1</extrude>
                        <altitudeMode>absolute</altitudeMode>
                        <gx:drawOrder>1</gx:drawOrder>
                        <coordinates>2.2611344780106,47.243510197518,959.89504604321</coordinates>
                    </Point>
                </Placemark>
                
                <Placemark>
                    <name>13:30:36 - 110 kts - 3135 ft</name>
                    <visibility>0</visibility>
                    <description>latitude: 47.247927
longitude: 2.259469
altitude: 956 m / 3135 ft
elevation: 155 m / 509 ft
course: 345°
speed: 110 kts
</description>
                    <LookAt>
                        <longitude>2.2594688966147</longitude>
                        <latitude>47.247927157482</latitude>
                        <altitude>0</altitude>
                        <heading>0</heading>
                        <tilt>70</tilt>
                        <range>3000</range>
                        <gx:altitudeMode>relativeToSeaFloor</gx:altitudeMode>
                    </LookAt>
                    <styleUrl>#msn_ylw-pushpin0</styleUrl>
                    <Point>
                        <extrude>1</extrude>
                        <altitudeMode>absolute</altitudeMode>
                        <gx:drawOrder>1</gx:drawOrder>
                        <coordinates>2.2594688966147,47.247927157482,955.67179428693</coordinates>
                    </Point>
                </Placemark>
                
                <Placemark>
                    <name>13:30:45 - 108 kts - 3141 ft</name>
                    <visibility>0</visibility>
                    <description>latitude: 47.252298
longitude: 2.257756
altitude: 957 m / 3141 ft
elevation: 152 m / 499 ft
course: 345°
speed: 108 kts
</description>
                    <LookAt>
                        <longitude>2.25775562274</longitude>
                        <latitude>47.252297851942</latitude>
                        <altitude>0</altitude>
                        <heading>0</heading>
                        <tilt>70</tilt>
                        <range>3000</range>
                        <gx:altitudeMode>relativeToSeaFloor</gx:altitudeMode>
                    </LookAt>
                    <styleUrl>#msn_ylw-pushpin0</styleUrl>
                    <Point>
                        <extrude>1</extrude>
                        <altitudeMode>absolute</altitudeMode>
                        <gx:drawOrder>1</gx:drawOrder>
                        <coordinates>2.25775562274,47.252297851942,957.29323123209</coordinates>
                    </Point>
                </Placemark>
                
                <Placemark>
                    <name>13:30:55 - 109 kts - 3141 ft</name>
                    <visibility>0</visibility>
                    <description>latitude: 47.257133
longitude: 2.255907
altitude: 957 m / 3141 ft
elevation: 145 m / 476 ft
course: 346°
speed: 109 kts
</description>
                    <LookAt>
                        <longitude>2.2559069124229</longitude>
                        <latitude>47.257132740106</latitude>
                        <altitude>0</altitude>
                        <heading>0</heading>
                        <tilt>70</tilt>
                        <range>3000</range>
                        <gx:altitudeMode>relativeToSeaFloor</gx:altitudeMode>
                    </LookAt>
                    <styleUrl>#msn_ylw-pushpin0</styleUrl>
                    <Point>
                        <extrude>1</extrude>
                        <altitudeMode>absolute</altitudeMode>
                        <gx:drawOrder>1</gx:drawOrder>
                        <coordinates>2.2559069124229,47.257132740106,957.34457024094</coordinates>
                    </Point>
                </Placemark>
                
                <Placemark>
                    <name>13:31:04 - 110 kts - 3135 ft</name>
                    <visibility>0</visibility>
                    <description>latitude: 47.261551
longitude: 2.254314
altitude: 956 m / 3135 ft
elevation: 146 m / 479 ft
course: 346°
speed: 110 kts
</description>
                    <LookAt>
                        <longitude>2.2543140716973</longitude>
                        <latitude>47.261551239323</latitude>
                        <altitude>0</altitude>
                        <heading>0</heading>
                        <tilt>70</tilt>
                        <range>3000</range>
                        <gx:altitudeMode>relativeToSeaFloor</gx:altitudeMode>
                    </LookAt>
                    <styleUrl>#msn_ylw-pushpin0</styleUrl>
                    <Point>
                        <extrude>1</extrude>
                        <altitudeMode>absolute</altitudeMode>
                        <gx:drawOrder>1</gx:drawOrder>
                        <coordinates>2.2543140716973,47.261551239323,955.50960287265</coordinates>
                    </Point>
                </Placemark>
                
                <Placemark>
                    <name>13:31:13 - 109 kts - 3129 ft</name>
                    <visibility>0</visibility>
                    <description>latitude: 47.265936
longitude: 2.252525
altitude: 954 m / 3129 ft
elevation: 146 m / 479 ft
course: 344°
speed: 109 kts
</description>
                    <LookAt>
                        <longitude>2.2525249567346</longitude>
                        <latitude>47.26593614219</latitude>
                        <altitude>0</altitude>
                        <heading>0</heading>
                        <tilt>70</tilt>
                        <range>3000</range>
                        <gx:altitudeMode>relativeToSeaFloor</gx:altitudeMode>
                    </LookAt>
                    <styleUrl>#msn_ylw-pushpin0</styleUrl>
                    <Point>
                        <extrude>1</extrude>
                        <altitudeMode>absolute</altitudeMode>
                        <gx:drawOrder>1</gx:drawOrder>
                        <coordinates>2.2525249567346,47.26593614219,953.65810429677</coordinates>
                    </Point>
                </Placemark>
                
                <Placemark>
                    <name>13:31:23 - 106 kts - 3131 ft</name>
                    <visibility>0</visibility>
                    <description>latitude: 47.270701
longitude: 2.250548
altitude: 954 m / 3131 ft
elevation: 145 m / 476 ft
course: 345°
speed: 106 kts
</description>
                    <LookAt>
                        <longitude>2.2505477801184</longitude>
                        <latitude>47.270701326321</latitude>
                        <altitude>0</altitude>
                        <heading>0</heading>
                        <tilt>70</tilt>
                        <range>3000</range>
                        <gx:altitudeMode>relativeToSeaFloor</gx:altitudeMode>
                    </LookAt>
                    <styleUrl>#msn_ylw-pushpin0</styleUrl>
                    <Point>
                        <extrude>1</extrude>
                        <altitudeMode>absolute</altitudeMode>
                        <gx:drawOrder>1</gx:drawOrder>
                        <coordinates>2.2505477801184,47.270701326321,954.43980046827</coordinates>
                    </Point>
                </Placemark>
                
                <Placemark>
                    <name>13:31:33 - 103 kts - 3144 ft</name>
                    <visibility>0</visibility>
                    <description>latitude: 47.275348
longitude: 2.248627
altitude: 958 m / 3144 ft
elevation: 145 m / 476 ft
course: 344°
speed: 103 kts
</description>
                    <LookAt>
                        <longitude>2.2486267331266</longitude>
                        <latitude>47.275347667845</latitude>
                        <altitude>0</altitude>
                        <heading>0</heading>
                        <tilt>70</tilt>
                        <range>3000</range>
                        <gx:altitudeMode>relativeToSeaFloor</gx:altitudeMode>
                    </LookAt>
                    <styleUrl>#msn_ylw-pushpin0</styleUrl>
                    <Point>
                        <extrude>1</extrude>
                        <altitudeMode>absolute</altitudeMode>
                        <gx:drawOrder>1</gx:drawOrder>
                        <coordinates>2.2486267331266,47.275347667845,958.16137510166</coordinates>
                    </Point>
                </Placemark>
                
                <Placemark>
                    <name>13:31:43 - 105 kts - 3154 ft</name>
                    <visibility>0</visibility>
                    <description>latitude: 47.279940
longitude: 2.246589
altitude: 961 m / 3154 ft
elevation: 142 m / 466 ft
course: 343°
speed: 105 kts
</description>
                    <LookAt>
                        <longitude>2.2465893675743</longitude>
                        <latitude>47.279939982869</latitude>
                        <altitude>0</altitude>
                        <heading>0</heading>
                        <tilt>70</tilt>
                        <range>3000</range>
                        <gx:altitudeMode>relativeToSeaFloor</gx:altitudeMode>
                    </LookAt>
                    <styleUrl>#msn_ylw-pushpin0</styleUrl>
                    <Point>
                        <extrude>1</extrude>
                        <altitudeMode>absolute</altitudeMode>
                        <gx:drawOrder>1</gx:drawOrder>
                        <coordinates>2.2465893675743,47.279939982869,961.41758053564</coordinates>
                    </Point>
                </Placemark>
                
                <Placemark>
                    <name>13:31:53 - 106 kts - 3134 ft</name>
                    <visibility>0</visibility>
                    <description>latitude: 47.284561
longitude: 2.244349
altitude: 955 m / 3134 ft
elevation: 139 m / 456 ft
course: 340°
speed: 106 kts
</description>
                    <LookAt>
                        <longitude>2.2443487410845</longitude>
                        <latitude>47.284560833776</latitude>
                        <altitude>0</altitude>
                        <heading>0</heading>
                        <tilt>70</tilt>
                        <range>3000</range>
                        <gx:altitudeMode>relativeToSeaFloor</gx:altitudeMode>
                    </LookAt>
                    <styleUrl>#msn_ylw-pushpin0</styleUrl>
                    <Point>
                        <extrude>1</extrude>
                        <altitudeMode>absolute</altitudeMode>
                        <gx:drawOrder>1</gx:drawOrder>
                        <coordinates>2.2443487410845,47.284560833776,955.27918220684</coordinates>
                    </Point>
                </Placemark>
                
                <Placemark>
                    <name>13:32:03 - 105 kts - 3136 ft</name>
                    <visibility>0</visibility>
                    <description>latitude: 47.289201
longitude: 2.242168
altitude: 956 m / 3136 ft
elevation: 138 m / 453 ft
course: 344°
speed: 105 kts
</description>
                    <LookAt>
                        <longitude>2.2421677204957</longitude>
                        <latitude>47.28920097153</latitude>
                        <altitude>0</altitude>
                        <heading>0</heading>
                        <tilt>70</tilt>
                        <range>3000</range>
                        <gx:altitudeMode>relativeToSeaFloor</gx:altitudeMode>
                    </LookAt>
                    <styleUrl>#msn_ylw-pushpin0</styleUrl>
                    <Point>
                        <extrude>1</extrude>
                        <altitudeMode>absolute</altitudeMode>
                        <gx:drawOrder>1</gx:drawOrder>
                        <coordinates>2.2421677204957,47.28920097153,955.80927700456</coordinates>
                    </Point>
                </Placemark>
                
                <Placemark>
                    <name>13:32:13 - 102 kts - 3156 ft</name>
                    <visibility>0</visibility>
                    <description>latitude: 47.293782
longitude: 2.240207
altitude: 962 m / 3156 ft
elevation: 138 m / 453 ft
course: 343°
speed: 102 kts
</description>
                    <LookAt>
                        <longitude>2.2402074801846</longitude>
                        <latitude>47.29378196823</latitude>
                        <altitude>0</altitude>
                        <heading>0</heading>
                        <tilt>70</tilt>
                        <range>3000</range>
                        <gx:altitudeMode>relativeToSeaFloor</gx:altitudeMode>
                    </LookAt>
                    <styleUrl>#msn_ylw-pushpin0</styleUrl>
                    <Point>
                        <extrude>1</extrude>
                        <altitudeMode>absolute</altitudeMode>
                        <gx:drawOrder>1</gx:drawOrder>
                        <coordinates>2.2402074801846,47.29378196823,961.86516302917</coordinates>
                    </Point>
                </Placemark>
                
                <Placemark>
                    <name>13:32:23 - 103 kts - 3134 ft</name>
                    <visibility>0</visibility>
                    <description>latitude: 47.298271
longitude: 2.238185
altitude: 955 m / 3134 ft
elevation: 150 m / 492 ft
course: 343°
speed: 103 kts
</description>
                    <LookAt>
                        <longitude>2.2381854212492</longitude>
                        <latitude>47.298270799027</latitude>
                        <altitude>0</altitude>
                        <heading>0</heading>
                        <tilt>70</tilt>
                        <range>3000</range>
                        <gx:altitudeMode>relativeToSeaFloor</gx:altitudeMode>
                    </LookAt>
                    <styleUrl>#msn_ylw-pushpin0</styleUrl>
                    <Point>
                        <extrude>1</extrude>
                        <altitudeMode>absolute</altitudeMode>
                        <gx:drawOrder>1</gx:drawOrder>
                        <coordinates>2.2381854212492,47.298270799027,955.2075636927</coordinates>
                    </Point>
                </Placemark>
                
                <Placemark>
                    <name>13:32:33 - 103 kts - 3142 ft</name>
                    <visibility>0</visibility>
                    <description>latitude: 47.302819
longitude: 2.236092
altitude: 958 m / 3142 ft
elevation: 156 m / 512 ft
course: 342°
speed: 103 kts
</description>
                    <LookAt>
                        <longitude>2.2360921303774</longitude>
                        <latitude>47.302819140637</latitude>
                        <altitude>0</altitude>
                        <heading>0</heading>
                        <tilt>70</tilt>
                        <range>3000</range>
                        <gx:altitudeMode>relativeToSeaFloor</gx:altitudeMode>
                    </LookAt>
                    <styleUrl>#msn_ylw-pushpin0</styleUrl>
                    <Point>
                        <extrude>1</extrude>
                        <altitudeMode>absolute</altitudeMode>
                        <gx:drawOrder>1</gx:drawOrder>
                        <coordinates>2.2360921303774,47.302819140637,957.60285326093</coordinates>
                    </Point>
                </Placemark>
                
                <Placemark>
                    <name>13:32:43 - 103 kts - 3147 ft</name>
                    <visibility>0</visibility>
                    <description>latitude: 47.307319
longitude: 2.233819
altitude: 959 m / 3147 ft
elevation: 168 m / 551 ft
course: 340°
speed: 103 kts
</description>
                    <LookAt>
                        <longitude>2.2338194344457</longitude>
                        <latitude>47.307319169975</latitude>
                        <altitude>0</altitude>
                        <heading>0</heading>
                        <tilt>70</tilt>
                        <range>3000</range>
                        <gx:altitudeMode>relativeToSeaFloor</gx:altitudeMode>
                    </LookAt>
                    <styleUrl>#msn_ylw-pushpin0</styleUrl>
                    <Point>
                        <extrude>1</extrude>
                        <altitudeMode>absolute</altitudeMode>
                        <gx:drawOrder>1</gx:drawOrder>
                        <coordinates>2.2338194344457,47.307319169975,959.14822870959</coordinates>
                    </Point>
                </Placemark>
                
                <Placemark>
                    <name>13:32:53 - 105 kts - 3145 ft</name>
                    <visibility>0</visibility>
                    <description>latitude: 47.311844
longitude: 2.231455
altitude: 958 m / 3145 ft
elevation: 161 m / 528 ft
course: 341°
speed: 105 kts
</description>
                    <LookAt>
                        <longitude>2.2314553316342</longitude>
                        <latitude>47.311843521432</latitude>
                        <altitude>0</altitude>
                        <heading>0</heading>
                        <tilt>70</tilt>
                        <range>3000</range>
                        <gx:altitudeMode>relativeToSeaFloor</gx:altitudeMode>
                    </LookAt>
                    <styleUrl>#msn_ylw-pushpin0</styleUrl>
                    <Point>
                        <extrude>1</extrude>
                        <altitudeMode>absolute</altitudeMode>
                        <gx:drawOrder>1</gx:drawOrder>
                        <coordinates>2.2314553316342,47.311843521432,958.4926540358</coordinates>
                    </Point>
                </Placemark>
                
                <Placemark>
                    <name>13:33:03 - 112 kts - 3067 ft</name>
                    <visibility>0</visibility>
                    <description>latitude: 47.316557
longitude: 2.229117
altitude: 935 m / 3067 ft
elevation: 161 m / 528 ft
course: 341°
speed: 112 kts
</description>
                    <LookAt>
                        <longitude>2.2291167032815</longitude>
                        <latitude>47.316557240332</latitude>
                        <altitude>0</altitude>
                        <heading>0</heading>
                        <tilt>70</tilt>
                        <range>3000</range>
                        <gx:altitudeMode>relativeToSeaFloor</gx:altitudeMode>
                    </LookAt>
                    <styleUrl>#msn_ylw-pushpin0</styleUrl>
                    <Point>
                        <extrude>1</extrude>
                        <altitudeMode>absolute</altitudeMode>
                        <gx:drawOrder>1</gx:drawOrder>
                        <coordinates>2.2291167032815,47.316557240332,934.87425480597</coordinates>
                    </Point>
                </Placemark>
                
                <Placemark>
                    <name>13:33:12 - 112 kts - 3029 ft</name>
                    <visibility>0</visibility>
                    <description>latitude: 47.321040
longitude: 2.226940
altitude: 923 m / 3029 ft
elevation: 157 m / 515 ft
course: 343°
speed: 112 kts
</description>
                    <LookAt>
                        <longitude>2.2269395391882</longitude>
                        <latitude>47.321040334633</latitude>
                        <altitude>0</altitude>
                        <heading>0</heading>
                        <tilt>70</tilt>
                        <range>3000</range>
                        <gx:altitudeMode>relativeToSeaFloor</gx:altitudeMode>
                    </LookAt>
                    <styleUrl>#msn_ylw-pushpin0</styleUrl>
                    <Point>
                        <extrude>1</extrude>
                        <altitudeMode>absolute</altitudeMode>
                        <gx:drawOrder>1</gx:drawOrder>
                        <coordinates>2.2269395391882,47.321040334633,923.36003771797</coordinates>
                    </Point>
                </Placemark>
                
                <Placemark>
                    <name>13:33:22 - 106 kts - 3040 ft</name>
                    <visibility>0</visibility>
                    <description>latitude: 47.325673
longitude: 2.224417
altitude: 927 m / 3040 ft
elevation: 156 m / 512 ft
course: 339°
speed: 106 kts
</description>
                    <LookAt>
                        <longitude>2.2244166409332</longitude>
                        <latitude>47.325673178334</latitude>
                        <altitude>0</altitude>
                        <heading>0</heading>
                        <tilt>70</tilt>
                        <range>3000</range>
                        <gx:altitudeMode>relativeToSeaFloor</gx:altitudeMode>
                    </LookAt>
                    <styleUrl>#msn_ylw-pushpin0</styleUrl>
                    <Point>
                        <extrude>1</extrude>
                        <altitudeMode>absolute</altitudeMode>
                        <gx:drawOrder>1</gx:drawOrder>
                        <coordinates>2.2244166409332,47.325673178334,926.60513956286</coordinates>
                    </Point>
                </Placemark>
                
                <Placemark>
                    <name>13:33:26 - 112 kts - 2967 ft</name>
                    <visibility>0</visibility>
                    <description>latitude: 47.327611
longitude: 2.223490
altitude: 904 m / 2967 ft
elevation: 153 m / 502 ft
course: 344°
speed: 112 kts
</description>
                    <LookAt>
                        <longitude>2.2234898058182</longitude>
                        <latitude>47.327611476271</latitude>
                        <altitude>0</altitude>
                        <heading>0</heading>
                        <tilt>70</tilt>
                        <range>3000</range>
                        <gx:altitudeMode>relativeToSeaFloor</gx:altitudeMode>
                    </LookAt>
                    <styleUrl>#msn_ylw-pushpin0</styleUrl>
                    <Point>
                        <extrude>1</extrude>
                        <altitudeMode>absolute</altitudeMode>
                        <gx:drawOrder>1</gx:drawOrder>
                        <coordinates>2.2234898058182,47.327611476271,904.34924333915</coordinates>
                    </Point>
                </Placemark>
                
                <Placemark>
                    <name>13:33:30 - 114 kts - 2939 ft</name>
                    <visibility>0</visibility>
                    <description>latitude: 47.329684
longitude: 2.222876
altitude: 896 m / 2939 ft
elevation: 142 m / 466 ft
course: 350°
speed: 114 kts
</description>
                    <LookAt>
                        <longitude>2.2228755405796</longitude>
                        <latitude>47.329683578646</latitude>
                        <altitude>0</altitude>
                        <heading>0</heading>
                        <tilt>70</tilt>
                        <range>3000</range>
                        <gx:altitudeMode>relativeToSeaFloor</gx:altitudeMode>
                    </LookAt>
                    <styleUrl>#msn_ylw-pushpin0</styleUrl>
                    <Point>
                        <extrude>1</extrude>
                        <altitudeMode>absolute</altitudeMode>
                        <gx:drawOrder>1</gx:drawOrder>
                        <coordinates>2.2228755405796,47.329683578646,895.90672068112</coordinates>
                    </Point>
                </Placemark>
                
                <Placemark>
                    <name>13:33:39 - 109 kts - 2936 ft</name>
                    <visibility>0</visibility>
                    <description>latitude: 47.334215
longitude: 2.221674
altitude: 895 m / 2936 ft
elevation: 139 m / 456 ft
course: 350°
speed: 109 kts
</description>
                    <LookAt>
                        <longitude>2.2216738835105</longitude>
                        <latitude>47.334214550419</latitude>
                        <altitude>0</altitude>
                        <heading>0</heading>
                        <tilt>70</tilt>
                        <range>3000</range>
                        <gx:altitudeMode>relativeToSeaFloor</gx:altitudeMode>
                    </LookAt>
                    <styleUrl>#msn_ylw-pushpin0</styleUrl>
                    <Point>
                        <extrude>1</extrude>
                        <altitudeMode>absolute</altitudeMode>
                        <gx:drawOrder>1</gx:drawOrder>
                        <coordinates>2.2216738835105,47.334214550419,895.02367338538</coordinates>
                    </Point>
                </Placemark>
                
                <Placemark>
                    <name>13:33:48 - 107 kts - 2906 ft</name>
                    <visibility>0</visibility>
                    <description>latitude: 47.338637
longitude: 2.220246
altitude: 886 m / 2906 ft
elevation: 142 m / 466 ft
course: 346°
speed: 107 kts
</description>
                    <LookAt>
                        <longitude>2.2202455242327</longitude>
                        <latitude>47.338637424285</latitude>
                        <altitude>0</altitude>
                        <heading>0</heading>
                        <tilt>70</tilt>
                        <range>3000</range>
                        <gx:altitudeMode>relativeToSeaFloor</gx:altitudeMode>
                    </LookAt>
                    <styleUrl>#msn_ylw-pushpin0</styleUrl>
                    <Point>
                        <extrude>1</extrude>
                        <altitudeMode>absolute</altitudeMode>
                        <gx:drawOrder>1</gx:drawOrder>
                        <coordinates>2.2202455242327,47.338637424285,885.83545232471</coordinates>
                    </Point>
                </Placemark>
                
                <Placemark>
                    <name>13:33:58 - 106 kts - 2946 ft</name>
                    <visibility>0</visibility>
                    <description>latitude: 47.343328
longitude: 2.218418
altitude: 898 m / 2946 ft
elevation: 142 m / 466 ft
course: 345°
speed: 106 kts
</description>
                    <LookAt>
                        <longitude>2.2184175639353</longitude>
                        <latitude>47.343327908823</latitude>
                        <altitude>0</altitude>
                        <heading>0</heading>
                        <tilt>70</tilt>
                        <range>3000</range>
                        <gx:altitudeMode>relativeToSeaFloor</gx:altitudeMode>
                    </LookAt>
                    <styleUrl>#msn_ylw-pushpin0</styleUrl>
                    <Point>
                        <extrude>1</extrude>
                        <altitudeMode>absolute</altitudeMode>
                        <gx:drawOrder>1</gx:drawOrder>
                        <coordinates>2.2184175639353,47.343327908823,897.97218031529</coordinates>
                    </Point>
                </Placemark>
                
                <Placemark>
                    <name>13:34:08 - 108 kts - 2934 ft</name>
                    <visibility>0</visibility>
                    <description>latitude: 47.348150
longitude: 2.216600
altitude: 894 m / 2934 ft
elevation: 139 m / 456 ft
course: 346°
speed: 108 kts
</description>
                    <LookAt>
                        <longitude>2.2165998087429</longitude>
                        <latitude>47.348150443734</latitude>
                        <altitude>0</altitude>
                        <heading>0</heading>
                        <tilt>70</tilt>
                        <range>3000</range>
                        <gx:altitudeMode>relativeToSeaFloor</gx:altitudeMode>
                    </LookAt>
                    <styleUrl>#msn_ylw-pushpin0</styleUrl>
                    <Point>
                        <extrude>1</extrude>
                        <altitudeMode>absolute</altitudeMode>
                        <gx:drawOrder>1</gx:drawOrder>
                        <coordinates>2.2165998087429,47.348150443734,894.39851277694</coordinates>
                    </Point>
                </Placemark>
                
                <Placemark>
                    <name>13:34:18 - 107 kts - 2938 ft</name>
                    <visibility>0</visibility>
                    <description>latitude: 47.352967
longitude: 2.214814
altitude: 896 m / 2938 ft
elevation: 136 m / 446 ft
course: 346°
speed: 107 kts
</description>
                    <LookAt>
                        <longitude>2.2148139555183</longitude>
                        <latitude>47.352966522876</latitude>
                        <altitude>0</altitude>
                        <heading>0</heading>
                        <tilt>70</tilt>
                        <range>3000</range>
                        <gx:altitudeMode>relativeToSeaFloor</gx:altitudeMode>
                    </LookAt>
                    <styleUrl>#msn_ylw-pushpin0</styleUrl>
                    <Point>
                        <extrude>1</extrude>
                        <altitudeMode>absolute</altitudeMode>
                        <gx:drawOrder>1</gx:drawOrder>
                        <coordinates>2.2148139555183,47.352966522876,895.65383078065</coordinates>
                    </Point>
                </Placemark>
                
                <Placemark>
                    <name>13:34:28 - 106 kts - 2932 ft</name>
                    <visibility>0</visibility>
                    <description>latitude: 47.357733
longitude: 2.213105
altitude: 894 m / 2932 ft
elevation: 145 m / 476 ft
course: 346°
speed: 106 kts
</description>
                    <LookAt>
                        <longitude>2.2131049320312</longitude>
                        <latitude>47.357732682899</latitude>
                        <altitude>0</altitude>
                        <heading>0</heading>
                        <tilt>70</tilt>
                        <range>3000</range>
                        <gx:altitudeMode>relativeToSeaFloor</gx:altitudeMode>
                    </LookAt>
                    <styleUrl>#msn_ylw-pushpin0</styleUrl>
                    <Point>
                        <extrude>1</extrude>
                        <altitudeMode>absolute</altitudeMode>
                        <gx:drawOrder>1</gx:drawOrder>
                        <coordinates>2.2131049320312,47.357732682899,893.77353759576</coordinates>
                    </Point>
                </Placemark>
                
                <Placemark>
                    <name>13:34:38 - 105 kts - 2940 ft</name>
                    <visibility>0</visibility>
                    <description>latitude: 47.362482
longitude: 2.211444
altitude: 896 m / 2940 ft
elevation: 145 m / 476 ft
course: 347°
speed: 105 kts
</description>
                    <LookAt>
                        <longitude>2.2114438697597</longitude>
                        <latitude>47.36248205694</latitude>
                        <altitude>0</altitude>
                        <heading>0</heading>
                        <tilt>70</tilt>
                        <range>3000</range>
                        <gx:altitudeMode>relativeToSeaFloor</gx:altitudeMode>
                    </LookAt>
                    <styleUrl>#msn_ylw-pushpin0</styleUrl>
                    <Point>
                        <extrude>1</extrude>
                        <altitudeMode>absolute</altitudeMode>
                        <gx:drawOrder>1</gx:drawOrder>
                        <coordinates>2.2114438697597,47.36248205694,896.15616438352</coordinates>
                    </Point>
                </Placemark>
                
                <Placemark>
                    <name>13:34:48 - 104 kts - 2948 ft</name>
                    <visibility>0</visibility>
                    <description>latitude: 47.367235
longitude: 2.209854
altitude: 898 m / 2948 ft
elevation: 142 m / 466 ft
course: 348°
speed: 104 kts
</description>
                    <LookAt>
                        <longitude>2.209853694321</longitude>
                        <latitude>47.367235147826</latitude>
                        <altitude>0</altitude>
                        <heading>0</heading>
                        <tilt>70</tilt>
                        <range>3000</range>
                        <gx:altitudeMode>relativeToSeaFloor</gx:altitudeMode>
                    </LookAt>
                    <styleUrl>#msn_ylw-pushpin0</styleUrl>
                    <Point>
                        <extrude>1</extrude>
                        <altitudeMode>absolute</altitudeMode>
                        <gx:drawOrder>1</gx:drawOrder>
                        <coordinates>2.209853694321,47.367235147826,898.43023769837</coordinates>
                    </Point>
                </Placemark>
                
                <Placemark>
                    <name>13:34:58 - 106 kts - 2929 ft</name>
                    <visibility>0</visibility>
                    <description>latitude: 47.372022
longitude: 2.208419
altitude: 893 m / 2929 ft
elevation: 136 m / 446 ft
course: 347°
speed: 106 kts
</description>
                    <LookAt>
                        <longitude>2.2084187482546</longitude>
                        <latitude>47.372021553727</latitude>
                        <altitude>0</altitude>
                        <heading>0</heading>
                        <tilt>70</tilt>
                        <range>3000</range>
                        <gx:altitudeMode>relativeToSeaFloor</gx:altitudeMode>
                    </LookAt>
                    <styleUrl>#msn_ylw-pushpin0</styleUrl>
                    <Point>
                        <extrude>1</extrude>
                        <altitudeMode>absolute</altitudeMode>
                        <gx:drawOrder>1</gx:drawOrder>
                        <coordinates>2.2084187482546,47.372021553727,892.7383873621</coordinates>
                    </Point>
                </Placemark>
                
                <Placemark>
                    <name>13:35:08 - 105 kts - 2940 ft</name>
                    <visibility>0</visibility>
                    <description>latitude: 47.376712
longitude: 2.206685
altitude: 896 m / 2940 ft
elevation: 149 m / 489 ft
course: 344°
speed: 105 kts
</description>
                    <LookAt>
                        <longitude>2.20668534018</longitude>
                        <latitude>47.37671225578</latitude>
                        <altitude>0</altitude>
                        <heading>0</heading>
                        <tilt>70</tilt>
                        <range>3000</range>
                        <gx:altitudeMode>relativeToSeaFloor</gx:altitudeMode>
                    </LookAt>
                    <styleUrl>#msn_ylw-pushpin0</styleUrl>
                    <Point>
                        <extrude>1</extrude>
                        <altitudeMode>absolute</altitudeMode>
                        <gx:drawOrder>1</gx:drawOrder>
                        <coordinates>2.20668534018,47.37671225578,896.25203280244</coordinates>
                    </Point>
                </Placemark>
                
                <Placemark>
                    <name>13:35:18 - 106 kts - 2929 ft</name>
                    <visibility>0</visibility>
                    <description>latitude: 47.381464
longitude: 2.205009
altitude: 893 m / 2929 ft
elevation: 153 m / 502 ft
course: 349°
speed: 106 kts
</description>
                    <LookAt>
                        <longitude>2.205008536009</longitude>
                        <latitude>47.381464314342</latitude>
                        <altitude>0</altitude>
                        <heading>0</heading>
                        <tilt>70</tilt>
                        <range>3000</range>
                        <gx:altitudeMode>relativeToSeaFloor</gx:altitudeMode>
                    </LookAt>
                    <styleUrl>#msn_ylw-pushpin0</styleUrl>
                    <Point>
                        <extrude>1</extrude>
                        <altitudeMode>absolute</altitudeMode>
                        <gx:drawOrder>1</gx:drawOrder>
                        <coordinates>2.205008536009,47.381464314342,892.84265269991</coordinates>
                    </Point>
                </Placemark>
                
                <Placemark>
                    <name>13:35:28 - 108 kts - 2916 ft</name>
                    <visibility>0</visibility>
                    <description>latitude: 47.386385
longitude: 2.203913
altitude: 889 m / 2916 ft
elevation: 143 m / 469 ft
course: 352°
speed: 108 kts
</description>
                    <LookAt>
                        <longitude>2.2039133322252</longitude>
                        <latitude>47.386384945482</latitude>
                        <altitude>0</altitude>
                        <heading>0</heading>
                        <tilt>70</tilt>
                        <range>3000</range>
                        <gx:altitudeMode>relativeToSeaFloor</gx:altitudeMode>
                    </LookAt>
                    <styleUrl>#msn_ylw-pushpin0</styleUrl>
                    <Point>
                        <extrude>1</extrude>
                        <altitudeMode>absolute</altitudeMode>
                        <gx:drawOrder>1</gx:drawOrder>
                        <coordinates>2.2039133322252,47.386384945482,888.9408337241</coordinates>
                    </Point>
                </Placemark>
                
                <Placemark>
                    <name>13:35:38 - 107 kts - 2928 ft</name>
                    <visibility>0</visibility>
                    <description>latitude: 47.391301
longitude: 2.202810
altitude: 892 m / 2928 ft
elevation: 138 m / 453 ft
course: 352°
speed: 107 kts
</description>
                    <LookAt>
                        <longitude>2.202809804842</longitude>
                        <latitude>47.391301227821</latitude>
                        <altitude>0</altitude>
                        <heading>0</heading>
                        <tilt>70</tilt>
                        <range>3000</range>
                        <gx:altitudeMode>relativeToSeaFloor</gx:altitudeMode>
                    </LookAt>
                    <styleUrl>#msn_ylw-pushpin0</styleUrl>
                    <Point>
                        <extrude>1</extrude>
                        <altitudeMode>absolute</altitudeMode>
                        <gx:drawOrder>1</gx:drawOrder>
                        <coordinates>2.202809804842,47.391301227821,892.45040836092</coordinates>
                    </Point>
                </Placemark>
                
                <Placemark>
                    <name>13:35:48 - 106 kts - 2917 ft</name>
                    <visibility>0</visibility>
                    <description>latitude: 47.396172
longitude: 2.201673
altitude: 889 m / 2917 ft
elevation: 145 m / 476 ft
course: 351°
speed: 106 kts
</description>
                    <LookAt>
                        <longitude>2.2016726213391</longitude>
                        <latitude>47.396171914204</latitude>
                        <altitude>0</altitude>
                        <heading>0</heading>
                        <tilt>70</tilt>
                        <range>3000</range>
                        <gx:altitudeMode>relativeToSeaFloor</gx:altitudeMode>
                    </LookAt>
                    <styleUrl>#msn_ylw-pushpin0</styleUrl>
                    <Point>
                        <extrude>1</extrude>
                        <altitudeMode>absolute</altitudeMode>
                        <gx:drawOrder>1</gx:drawOrder>
                        <coordinates>2.2016726213391,47.396171914204,889.0771383075</coordinates>
                    </Point>
                </Placemark>
                
                <Placemark>
                    <name>13:35:58 - 105 kts - 2922 ft</name>
                    <visibility>0</visibility>
                    <description>latitude: 47.401004
longitude: 2.200551
altitude: 891 m / 2922 ft
elevation: 152 m / 499 ft
course: 351°
speed: 105 kts
</description>
                    <LookAt>
                        <longitude>2.2005513552481</longitude>
                        <latitude>47.401003550094</latitude>
                        <altitude>0</altitude>
                        <heading>0</heading>
                        <tilt>70</tilt>
                        <range>3000</range>
                        <gx:altitudeMode>relativeToSeaFloor</gx:altitudeMode>
                    </LookAt>
                    <styleUrl>#msn_ylw-pushpin0</styleUrl>
                    <Point>
                        <extrude>1</extrude>
                        <altitudeMode>absolute</altitudeMode>
                        <gx:drawOrder>1</gx:drawOrder>
                        <coordinates>2.2005513552481,47.401003550094,890.77634626906</coordinates>
                    </Point>
                </Placemark>
                
                <Placemark>
                    <name>13:36:08 - 104 kts - 2924 ft</name>
                    <visibility>0</visibility>
                    <description>latitude: 47.405779
longitude: 2.199327
altitude: 891 m / 2924 ft
elevation: 160 m / 525 ft
course: 350°
speed: 104 kts
</description>
                    <LookAt>
                        <longitude>2.1993270576974</longitude>
                        <latitude>47.405778991384</latitude>
                        <altitude>0</altitude>
                        <heading>0</heading>
                        <tilt>70</tilt>
                        <range>3000</range>
                        <gx:altitudeMode>relativeToSeaFloor</gx:altitudeMode>
                    </LookAt>
                    <styleUrl>#msn_ylw-pushpin0</styleUrl>
                    <Point>
                        <extrude>1</extrude>
                        <altitudeMode>absolute</altitudeMode>
                        <gx:drawOrder>1</gx:drawOrder>
                        <coordinates>2.1993270576974,47.405778991384,891.26132349763</coordinates>
                    </Point>
                </Placemark>
                
                <Placemark>
                    <name>13:36:18 - 104 kts - 2929 ft</name>
                    <visibility>0</visibility>
                    <description>latitude: 47.410528
longitude: 2.198122
altitude: 893 m / 2929 ft
elevation: 159 m / 522 ft
course: 351°
speed: 104 kts
</description>
                    <LookAt>
                        <longitude>2.1981216687509</longitude>
                        <latitude>47.410528306104</latitude>
                        <altitude>0</altitude>
                        <heading>0</heading>
                        <tilt>70</tilt>
                        <range>3000</range>
                        <gx:altitudeMode>relativeToSeaFloor</gx:altitudeMode>
                    </LookAt>
                    <styleUrl>#msn_ylw-pushpin0</styleUrl>
                    <Point>
                        <extrude>1</extrude>
                        <altitudeMode>absolute</altitudeMode>
                        <gx:drawOrder>1</gx:drawOrder>
                        <coordinates>2.1981216687509,47.410528306104,892.74797470961</coordinates>
                    </Point>
                </Placemark>
                
                <Placemark>
                    <name>13:36:28 - 103 kts - 2924 ft</name>
                    <visibility>0</visibility>
                    <description>latitude: 47.415274
longitude: 2.196972
altitude: 891 m / 2924 ft
elevation: 142 m / 466 ft
course: 350°
speed: 103 kts
</description>
                    <LookAt>
                        <longitude>2.1969723679488</longitude>
                        <latitude>47.415274025812</latitude>
                        <altitude>0</altitude>
                        <heading>0</heading>
                        <tilt>70</tilt>
                        <range>3000</range>
                        <gx:altitudeMode>relativeToSeaFloor</gx:altitudeMode>
                    </LookAt>
                    <styleUrl>#msn_ylw-pushpin0</styleUrl>
                    <Point>
                        <extrude>1</extrude>
                        <altitudeMode>absolute</altitudeMode>
                        <gx:drawOrder>1</gx:drawOrder>
                        <coordinates>2.1969723679488,47.415274025812,891.25124258548</coordinates>
                    </Point>
                </Placemark>
                
                <Placemark>
                    <name>13:36:38 - 103 kts - 2938 ft</name>
                    <visibility>0</visibility>
                    <description>latitude: 47.419940
longitude: 2.195651
altitude: 895 m / 2938 ft
elevation: 145 m / 476 ft
course: 349°
speed: 103 kts
</description>
                    <LookAt>
                        <longitude>2.1956512796772</longitude>
                        <latitude>47.419940224992</latitude>
                        <altitude>0</altitude>
                        <heading>0</heading>
                        <tilt>70</tilt>
                        <range>3000</range>
                        <gx:altitudeMode>relativeToSeaFloor</gx:altitudeMode>
                    </LookAt>
                    <styleUrl>#msn_ylw-pushpin0</styleUrl>
                    <Point>
                        <extrude>1</extrude>
                        <altitudeMode>absolute</altitudeMode>
                        <gx:drawOrder>1</gx:drawOrder>
                        <coordinates>2.1956512796772,47.419940224992,895.35856942181</coordinates>
                    </Point>
                </Placemark>
                
                <Placemark>
                    <name>13:36:48 - 106 kts - 2926 ft</name>
                    <visibility>0</visibility>
                    <description>latitude: 47.424699
longitude: 2.194238
altitude: 892 m / 2926 ft
elevation: 146 m / 479 ft
course: 348°
speed: 106 kts
</description>
                    <LookAt>
                        <longitude>2.1942377781456</longitude>
                        <latitude>47.424699020382</latitude>
                        <altitude>0</altitude>
                        <heading>0</heading>
                        <tilt>70</tilt>
                        <range>3000</range>
                        <gx:altitudeMode>relativeToSeaFloor</gx:altitudeMode>
                    </LookAt>
                    <styleUrl>#msn_ylw-pushpin0</styleUrl>
                    <Point>
                        <extrude>1</extrude>
                        <altitudeMode>absolute</altitudeMode>
                        <gx:drawOrder>1</gx:drawOrder>
                        <coordinates>2.1942377781456,47.424699020382,891.93043868802</coordinates>
                    </Point>
                </Placemark>
                
                <Placemark>
                    <name>13:36:58 - 106 kts - 2929 ft</name>
                    <visibility>0</visibility>
                    <description>latitude: 47.429490
longitude: 2.192735
altitude: 893 m / 2929 ft
elevation: 138 m / 453 ft
course: 348°
speed: 106 kts
</description>
                    <LookAt>
                        <longitude>2.1927354109731</longitude>
                        <latitude>47.429490239062</latitude>
                        <altitude>0</altitude>
                        <heading>0</heading>
                        <tilt>70</tilt>
                        <range>3000</range>
                        <gx:altitudeMode>relativeToSeaFloor</gx:altitudeMode>
                    </LookAt>
                    <styleUrl>#msn_ylw-pushpin0</styleUrl>
                    <Point>
                        <extrude>1</extrude>
                        <altitudeMode>absolute</altitudeMode>
                        <gx:drawOrder>1</gx:drawOrder>
                        <coordinates>2.1927354109731,47.429490239062,892.63034024462</coordinates>
                    </Point>
                </Placemark>
                
                <Placemark>
                    <name>13:37:08 - 106 kts - 2917 ft</name>
                    <visibility>0</visibility>
                    <description>latitude: 47.434281
longitude: 2.191408
altitude: 889 m / 2917 ft
elevation: 139 m / 456 ft
course: 349°
speed: 106 kts
</description>
                    <LookAt>
                        <longitude>2.1914081278687</longitude>
                        <latitude>47.434280513356</latitude>
                        <altitude>0</altitude>
                        <heading>0</heading>
                        <tilt>70</tilt>
                        <range>3000</range>
                        <gx:altitudeMode>relativeToSeaFloor</gx:altitudeMode>
                    </LookAt>
                    <styleUrl>#msn_ylw-pushpin0</styleUrl>
                    <Point>
                        <extrude>1</extrude>
                        <altitudeMode>absolute</altitudeMode>
                        <gx:drawOrder>1</gx:drawOrder>
                        <coordinates>2.1914081278687,47.434280513356,889.24466077331</coordinates>
                    </Point>
                </Placemark>
                
                <Placemark>
                    <name>13:37:18 - 104 kts - 2915 ft</name>
                    <visibility>0</visibility>
                    <description>latitude: 47.439018
longitude: 2.189905
altitude: 889 m / 2915 ft
elevation: 135 m / 443 ft
course: 347°
speed: 104 kts
</description>
                    <LookAt>
                        <longitude>2.1899051226342</longitude>
                        <latitude>47.439018256755</latitude>
                        <altitude>0</altitude>
                        <heading>0</heading>
                        <tilt>70</tilt>
                        <range>3000</range>
                        <gx:altitudeMode>relativeToSeaFloor</gx:altitudeMode>
                    </LookAt>
                    <styleUrl>#msn_ylw-pushpin0</styleUrl>
                    <Point>
                        <extrude>1</extrude>
                        <altitudeMode>absolute</altitudeMode>
                        <gx:drawOrder>1</gx:drawOrder>
                        <coordinates>2.1899051226342,47.439018256755,888.61574839894</coordinates>
                    </Point>
                </Placemark>
                
                <Placemark>
                    <name>13:37:28 - 103 kts - 2922 ft</name>
                    <visibility>0</visibility>
                    <description>latitude: 47.443695
longitude: 2.188356
altitude: 891 m / 2922 ft
elevation: 135 m / 443 ft
course: 348°
speed: 103 kts
</description>
                    <LookAt>
                        <longitude>2.1883558593876</longitude>
                        <latitude>47.443695124704</latitude>
                        <altitude>0</altitude>
                        <heading>0</heading>
                        <tilt>70</tilt>
                        <range>3000</range>
                        <gx:altitudeMode>relativeToSeaFloor</gx:altitudeMode>
                    </LookAt>
                    <styleUrl>#msn_ylw-pushpin0</styleUrl>
                    <Point>
                        <extrude>1</extrude>
                        <altitudeMode>absolute</altitudeMode>
                        <gx:drawOrder>1</gx:drawOrder>
                        <coordinates>2.1883558593876,47.443695124704,890.65982099716</coordinates>
                    </Point>
                </Placemark>
                
                <Placemark>
                    <name>13:37:38 - 103 kts - 2927 ft</name>
                    <visibility>0</visibility>
                    <description>latitude: 47.448361
longitude: 2.187088
altitude: 892 m / 2927 ft
elevation: 134 m / 440 ft
course: 350°
speed: 103 kts
</description>
                    <LookAt>
                        <longitude>2.1870876294012</longitude>
                        <latitude>47.448360570354</latitude>
                        <altitude>0</altitude>
                        <heading>0</heading>
                        <tilt>70</tilt>
                        <range>3000</range>
                        <gx:altitudeMode>relativeToSeaFloor</gx:altitudeMode>
                    </LookAt>
                    <styleUrl>#msn_ylw-pushpin0</styleUrl>
                    <Point>
                        <extrude>1</extrude>
                        <altitudeMode>absolute</altitudeMode>
                        <gx:drawOrder>1</gx:drawOrder>
                        <coordinates>2.1870876294012,47.448360570354,892.14576900005</coordinates>
                    </Point>
                </Placemark>
                
                <Placemark>
                    <name>13:37:48 - 104 kts - 2928 ft</name>
                    <visibility>0</visibility>
                    <description>latitude: 47.453045
longitude: 2.185702
altitude: 892 m / 2928 ft
elevation: 134 m / 440 ft
course: 349°
speed: 104 kts
</description>
                    <LookAt>
                        <longitude>2.1857020297302</longitude>
                        <latitude>47.453045333831</latitude>
                        <altitude>0</altitude>
                        <heading>0</heading>
                        <tilt>70</tilt>
                        <range>3000</range>
                        <gx:altitudeMode>relativeToSeaFloor</gx:altitudeMode>
                    </LookAt>
                    <styleUrl>#msn_ylw-pushpin0</styleUrl>
                    <Point>
                        <extrude>1</extrude>
                        <altitudeMode>absolute</altitudeMode>
                        <gx:drawOrder>1</gx:drawOrder>
                        <coordinates>2.1857020297302,47.453045333831,892.39518648665</coordinates>
                    </Point>
                </Placemark>
                
                <Placemark>
                    <name>13:37:58 - 104 kts - 2923 ft</name>
                    <visibility>0</visibility>
                    <description>latitude: 47.457741
longitude: 2.184346
altitude: 891 m / 2923 ft
elevation: 131 m / 430 ft
course: 347°
speed: 104 kts
</description>
                    <LookAt>
                        <longitude>2.1843464733194</longitude>
                        <latitude>47.457740509241</latitude>
                        <altitude>0</altitude>
                        <heading>0</heading>
                        <tilt>70</tilt>
                        <range>3000</range>
                        <gx:altitudeMode>relativeToSeaFloor</gx:altitudeMode>
                    </LookAt>
                    <styleUrl>#msn_ylw-pushpin0</styleUrl>
                    <Point>
                        <extrude>1</extrude>
                        <altitudeMode>absolute</altitudeMode>
                        <gx:drawOrder>1</gx:drawOrder>
                        <coordinates>2.1843464733194,47.457740509241,890.94642415829</coordinates>
                    </Point>
                </Placemark>
                
                <Placemark>
                    <name>13:38:08 - 104 kts - 2907 ft</name>
                    <visibility>0</visibility>
                    <description>latitude: 47.462448
longitude: 2.182736
altitude: 886 m / 2907 ft
elevation: 124 m / 407 ft
course: 348°
speed: 104 kts
</description>
                    <LookAt>
                        <longitude>2.1827363964119</longitude>
                        <latitude>47.462448319523</latitude>
                        <altitude>0</altitude>
                        <heading>0</heading>
                        <tilt>70</tilt>
                        <range>3000</range>
                        <gx:altitudeMode>relativeToSeaFloor</gx:altitudeMode>
                    </LookAt>
                    <styleUrl>#msn_ylw-pushpin0</styleUrl>
                    <Point>
                        <extrude>1</extrude>
                        <altitudeMode>absolute</altitudeMode>
                        <gx:drawOrder>1</gx:drawOrder>
                        <coordinates>2.1827363964119,47.462448319523,885.91344292182</coordinates>
                    </Point>
                </Placemark>
                
                <Placemark>
                    <name>13:38:18 - 101 kts - 2925 ft</name>
                    <visibility>0</visibility>
                    <description>latitude: 47.467078
longitude: 2.181377
altitude: 891 m / 2925 ft
elevation: 124 m / 407 ft
course: 350°
speed: 101 kts
</description>
                    <LookAt>
                        <longitude>2.1813767517002</longitude>
                        <latitude>47.467078191553</latitude>
                        <altitude>0</altitude>
                        <heading>0</heading>
                        <tilt>70</tilt>
                        <range>3000</range>
                        <gx:altitudeMode>relativeToSeaFloor</gx:altitudeMode>
                    </LookAt>
                    <styleUrl>#msn_ylw-pushpin0</styleUrl>
                    <Point>
                        <extrude>1</extrude>
                        <altitudeMode>absolute</altitudeMode>
                        <gx:drawOrder>1</gx:drawOrder>
                        <coordinates>2.1813767517002,47.467078191553,891.41867627297</coordinates>
                    </Point>
                </Placemark>
                
                <Placemark>
                    <name>13:38:28 - 103 kts - 2936 ft</name>
                    <visibility>0</visibility>
                    <description>latitude: 47.471719
longitude: 2.180187
altitude: 895 m / 2936 ft
elevation: 124 m / 407 ft
course: 350°
speed: 103 kts
</description>
                    <LookAt>
                        <longitude>2.1801873655795</longitude>
                        <latitude>47.471718791485</latitude>
                        <altitude>0</altitude>
                        <heading>0</heading>
                        <tilt>70</tilt>
                        <range>3000</range>
                        <gx:altitudeMode>relativeToSeaFloor</gx:altitudeMode>
                    </LookAt>
                    <styleUrl>#msn_ylw-pushpin0</styleUrl>
                    <Point>
                        <extrude>1</extrude>
                        <altitudeMode>absolute</altitudeMode>
                        <gx:drawOrder>1</gx:drawOrder>
                        <coordinates>2.1801873655795,47.471718791485,894.74415491521</coordinates>
                    </Point>
                </Placemark>
                
                <Placemark>
                    <name>13:38:38 - 104 kts - 2925 ft</name>
                    <visibility>0</visibility>
                    <description>latitude: 47.476418
longitude: 2.178764
altitude: 891 m / 2925 ft
elevation: 128 m / 420 ft
course: 347°
speed: 104 kts
</description>
                    <LookAt>
                        <longitude>2.1787635072453</longitude>
                        <latitude>47.476418008242</latitude>
                        <altitude>0</altitude>
                        <heading>0</heading>
                        <tilt>70</tilt>
                        <range>3000</range>
                        <gx:altitudeMode>relativeToSeaFloor</gx:altitudeMode>
                    </LookAt>
                    <styleUrl>#msn_ylw-pushpin0</styleUrl>
                    <Point>
                        <extrude>1</extrude>
                        <altitudeMode>absolute</altitudeMode>
                        <gx:drawOrder>1</gx:drawOrder>
                        <coordinates>2.1787635072453,47.476418008242,891.46654042322</coordinates>
                    </Point>
                </Placemark>
                
                <Placemark>
                    <name>13:38:48 - 104 kts - 2922 ft</name>
                    <visibility>0</visibility>
                    <description>latitude: 47.481127
longitude: 2.177150
altitude: 891 m / 2922 ft
elevation: 125 m / 410 ft
course: 348°
speed: 104 kts
</description>
                    <LookAt>
                        <longitude>2.1771498500524</longitude>
                        <latitude>47.481126773747</latitude>
                        <altitude>0</altitude>
                        <heading>0</heading>
                        <tilt>70</tilt>
                        <range>3000</range>
                        <gx:altitudeMode>relativeToSeaFloor</gx:altitudeMode>
                    </LookAt>
                    <styleUrl>#msn_ylw-pushpin0</styleUrl>
                    <Point>
                        <extrude>1</extrude>
                        <altitudeMode>absolute</altitudeMode>
                        <gx:drawOrder>1</gx:drawOrder>
                        <coordinates>2.1771498500524,47.481126773747,890.75477605406</coordinates>
                    </Point>
                </Placemark>
                
                <Placemark>
                    <name>13:38:58 - 103 kts - 2918 ft</name>
                    <visibility>0</visibility>
                    <description>latitude: 47.485837
longitude: 2.175814
altitude: 889 m / 2918 ft
elevation: 131 m / 430 ft
course: 350°
speed: 103 kts
</description>
                    <LookAt>
                        <longitude>2.1758142567962</longitude>
                        <latitude>47.485836686571</latitude>
                        <altitude>0</altitude>
                        <heading>0</heading>
                        <tilt>70</tilt>
                        <range>3000</range>
                        <gx:altitudeMode>relativeToSeaFloor</gx:altitudeMode>
                    </LookAt>
                    <styleUrl>#msn_ylw-pushpin0</styleUrl>
                    <Point>
                        <extrude>1</extrude>
                        <altitudeMode>absolute</altitudeMode>
                        <gx:drawOrder>1</gx:drawOrder>
                        <coordinates>2.1758142567962,47.485836686571,889.43536186032</coordinates>
                    </Point>
                </Placemark>
                
                <Placemark>
                    <name>13:39:08 - 103 kts - 2917 ft</name>
                    <visibility>0</visibility>
                    <description>latitude: 47.490557
longitude: 2.174618
altitude: 889 m / 2917 ft
elevation: 124 m / 407 ft
course: 349°
speed: 103 kts
</description>
                    <LookAt>
                        <longitude>2.1746176396258</longitude>
                        <latitude>47.490557320648</latitude>
                        <altitude>0</altitude>
                        <heading>0</heading>
                        <tilt>70</tilt>
                        <range>3000</range>
                        <gx:altitudeMode>relativeToSeaFloor</gx:altitudeMode>
                    </LookAt>
                    <styleUrl>#msn_ylw-pushpin0</styleUrl>
                    <Point>
                        <extrude>1</extrude>
                        <altitudeMode>absolute</altitudeMode>
                        <gx:drawOrder>1</gx:drawOrder>
                        <coordinates>2.1746176396258,47.490557320648,889.21652995422</coordinates>
                    </Point>
                </Placemark>
                
                <Placemark>
                    <name>13:39:18 - 103 kts - 2933 ft</name>
                    <visibility>0</visibility>
                    <description>latitude: 47.495233
longitude: 2.173292
altitude: 894 m / 2933 ft
elevation: 131 m / 430 ft
course: 350°
speed: 103 kts
</description>
                    <LookAt>
                        <longitude>2.1732920919227</longitude>
                        <latitude>47.495232502231</latitude>
                        <altitude>0</altitude>
                        <heading>0</heading>
                        <tilt>70</tilt>
                        <range>3000</range>
                        <gx:altitudeMode>relativeToSeaFloor</gx:altitudeMode>
                    </LookAt>
                    <styleUrl>#msn_ylw-pushpin0</styleUrl>
                    <Point>
                        <extrude>1</extrude>
                        <altitudeMode>absolute</altitudeMode>
                        <gx:drawOrder>1</gx:drawOrder>
                        <coordinates>2.1732920919227,47.495232502231,894.09588324279</coordinates>
                    </Point>
                </Placemark>
                
                <Placemark>
                    <name>13:39:24 - 106 kts - 2926 ft</name>
                    <visibility>0</visibility>
                    <description>latitude: 47.498120
longitude: 2.172763
altitude: 892 m / 2926 ft
elevation: 135 m / 443 ft
course: 355°
speed: 106 kts
</description>
                    <LookAt>
                        <longitude>2.1727633941702</longitude>
                        <latitude>47.498120023742</latitude>
                        <altitude>0</altitude>
                        <heading>0</heading>
                        <tilt>70</tilt>
                        <range>3000</range>
                        <gx:altitudeMode>relativeToSeaFloor</gx:altitudeMode>
                    </LookAt>
                    <styleUrl>#msn_ylw-pushpin0</styleUrl>
                    <Point>
                        <extrude>1</extrude>
                        <altitudeMode>absolute</altitudeMode>
                        <gx:drawOrder>1</gx:drawOrder>
                        <coordinates>2.1727633941702,47.498120023742,891.84559811652</coordinates>
                    </Point>
                </Placemark>
                
                <Placemark>
                    <name>13:39:28 - 107 kts - 2916 ft</name>
                    <visibility>0</visibility>
                    <description>latitude: 47.500091
longitude: 2.172717
altitude: 889 m / 2916 ft
elevation: 131 m / 430 ft
course: 1°
speed: 107 kts
</description>
                    <LookAt>
                        <longitude>2.1727171197636</longitude>
                        <latitude>47.500091374663</latitude>
                        <altitude>0</altitude>
                        <heading>0</heading>
                        <tilt>70</tilt>
                        <range>3000</range>
                        <gx:altitudeMode>relativeToSeaFloor</gx:altitudeMode>
                    </LookAt>
                    <styleUrl>#msn_ylw-pushpin0</styleUrl>
                    <Point>
                        <extrude>1</extrude>
                        <altitudeMode>absolute</altitudeMode>
                        <gx:drawOrder>1</gx:drawOrder>
                        <coordinates>2.1727171197636,47.500091374663,888.77559651434</coordinates>
                    </Point>
                </Placemark>
                
                <Placemark>
                    <name>13:39:34 - 105 kts - 2917 ft</name>
                    <visibility>0</visibility>
                    <description>latitude: 47.503020
longitude: 2.173042
altitude: 889 m / 2917 ft
elevation: 138 m / 453 ft
course: 6°
speed: 105 kts
</description>
                    <LookAt>
                        <longitude>2.173042315402</longitude>
                        <latitude>47.503019693134</latitude>
                        <altitude>0</altitude>
                        <heading>0</heading>
                        <tilt>70</tilt>
                        <range>3000</range>
                        <gx:altitudeMode>relativeToSeaFloor</gx:altitudeMode>
                    </LookAt>
                    <styleUrl>#msn_ylw-pushpin0</styleUrl>
                    <Point>
                        <extrude>1</extrude>
                        <altitudeMode>absolute</altitudeMode>
                        <gx:drawOrder>1</gx:drawOrder>
                        <coordinates>2.173042315402,47.503019693134,889.07109180838</coordinates>
                    </Point>
                </Placemark>
                
                <Placemark>
                    <name>13:39:44 - 104 kts - 2920 ft</name>
                    <visibility>0</visibility>
                    <description>latitude: 47.507783
longitude: 2.174151
altitude: 890 m / 2920 ft
elevation: 131 m / 430 ft
course: 10°
speed: 104 kts
</description>
                    <LookAt>
                        <longitude>2.1741507097302</longitude>
                        <latitude>47.507782558371</latitude>
                        <altitude>0</altitude>
                        <heading>0</heading>
                        <tilt>70</tilt>
                        <range>3000</range>
                        <gx:altitudeMode>relativeToSeaFloor</gx:altitudeMode>
                    </LookAt>
                    <styleUrl>#msn_ylw-pushpin0</styleUrl>
                    <Point>
                        <extrude>1</extrude>
                        <altitudeMode>absolute</altitudeMode>
                        <gx:drawOrder>1</gx:drawOrder>
                        <coordinates>2.1741507097302,47.507782558371,889.97048871778</coordinates>
                    </Point>
                </Placemark>
                
                <Placemark>
                    <name>13:39:54 - 103 kts - 2929 ft</name>
                    <visibility>0</visibility>
                    <description>latitude: 47.512506
longitude: 2.175232
altitude: 893 m / 2929 ft
elevation: 130 m / 427 ft
course: 8°
speed: 103 kts
</description>
                    <LookAt>
                        <longitude>2.1752320840395</longitude>
                        <latitude>47.512505794444</latitude>
                        <altitude>0</altitude>
                        <heading>0</heading>
                        <tilt>70</tilt>
                        <range>3000</range>
                        <gx:altitudeMode>relativeToSeaFloor</gx:altitudeMode>
                    </LookAt>
                    <styleUrl>#msn_ylw-pushpin0</styleUrl>
                    <Point>
                        <extrude>1</extrude>
                        <altitudeMode>absolute</altitudeMode>
                        <gx:drawOrder>1</gx:drawOrder>
                        <coordinates>2.1752320840395,47.512505794444,892.88570131455</coordinates>
                    </Point>
                </Placemark>
                
                <Placemark>
                    <name>13:40:04 - 105 kts - 2924 ft</name>
                    <visibility>0</visibility>
                    <description>latitude: 47.517290
longitude: 2.176036
altitude: 891 m / 2924 ft
elevation: 131 m / 430 ft
course: 5°
speed: 105 kts
</description>
                    <LookAt>
                        <longitude>2.176035809009</longitude>
                        <latitude>47.517290411813</latitude>
                        <altitude>0</altitude>
                        <heading>0</heading>
                        <tilt>70</tilt>
                        <range>3000</range>
                        <gx:altitudeMode>relativeToSeaFloor</gx:altitudeMode>
                    </LookAt>
                    <styleUrl>#msn_ylw-pushpin0</styleUrl>
                    <Point>
                        <extrude>1</extrude>
                        <altitudeMode>absolute</altitudeMode>
                        <gx:drawOrder>1</gx:drawOrder>
                        <coordinates>2.176035809009,47.517290411813,891.14481298067</coordinates>
                    </Point>
                </Placemark>
                
                <Placemark>
                    <name>13:40:14 - 104 kts - 2916 ft</name>
                    <visibility>0</visibility>
                    <description>latitude: 47.522122
longitude: 2.176634
altitude: 889 m / 2916 ft
elevation: 128 m / 420 ft
course: 5°
speed: 104 kts
</description>
                    <LookAt>
                        <longitude>2.1766342191584</longitude>
                        <latitude>47.522121899612</latitude>
                        <altitude>0</altitude>
                        <heading>0</heading>
                        <tilt>70</tilt>
                        <range>3000</range>
                        <gx:altitudeMode>relativeToSeaFloor</gx:altitudeMode>
                    </LookAt>
                    <styleUrl>#msn_ylw-pushpin0</styleUrl>
                    <Point>
                        <extrude>1</extrude>
                        <altitudeMode>absolute</altitudeMode>
                        <gx:drawOrder>1</gx:drawOrder>
                        <coordinates>2.1766342191584,47.522121899612,888.74097801931</coordinates>
                    </Point>
                </Placemark>
                
                <Placemark>
                    <name>13:40:24 - 103 kts - 2924 ft</name>
                    <visibility>0</visibility>
                    <description>latitude: 47.526895
longitude: 2.177228
altitude: 891 m / 2924 ft
elevation: 124 m / 407 ft
course: 5°
speed: 103 kts
</description>
                    <LookAt>
                        <longitude>2.1772284876472</longitude>
                        <latitude>47.526894754123</latitude>
                        <altitude>0</altitude>
                        <heading>0</heading>
                        <tilt>70</tilt>
                        <range>3000</range>
                        <gx:altitudeMode>relativeToSeaFloor</gx:altitudeMode>
                    </LookAt>
                    <styleUrl>#msn_ylw-pushpin0</styleUrl>
                    <Point>
                        <extrude>1</extrude>
                        <altitudeMode>absolute</altitudeMode>
                        <gx:drawOrder>1</gx:drawOrder>
                        <coordinates>2.1772284876472,47.526894754123,891.21006326191</coordinates>
                    </Point>
                </Placemark>
                
                <Placemark>
                    <name>13:40:34 - 103 kts - 2929 ft</name>
                    <visibility>0</visibility>
                    <description>latitude: 47.531637
longitude: 2.177663
altitude: 893 m / 2929 ft
elevation: 138 m / 453 ft
course: 3°
speed: 103 kts
</description>
                    <LookAt>
                        <longitude>2.1776631933197</longitude>
                        <latitude>47.531636740461</latitude>
                        <altitude>0</altitude>
                        <heading>0</heading>
                        <tilt>70</tilt>
                        <range>3000</range>
                        <gx:altitudeMode>relativeToSeaFloor</gx:altitudeMode>
                    </LookAt>
                    <styleUrl>#msn_ylw-pushpin0</styleUrl>
                    <Point>
                        <extrude>1</extrude>
                        <altitudeMode>absolute</altitudeMode>
                        <gx:drawOrder>1</gx:drawOrder>
                        <coordinates>2.1776631933197,47.531636740461,892.71212971583</coordinates>
                    </Point>
                </Placemark>
                
                <Placemark>
                    <name>13:40:44 - 105 kts - 2922 ft</name>
                    <visibility>0</visibility>
                    <description>latitude: 47.536459
longitude: 2.178232
altitude: 891 m / 2922 ft
elevation: 123 m / 404 ft
course: 6°
speed: 105 kts
</description>
                    <LookAt>
                        <longitude>2.1782318274391</longitude>
                        <latitude>47.536459252639</latitude>
                        <altitude>0</altitude>
                        <heading>0</heading>
                        <tilt>70</tilt>
                        <range>3000</range>
                        <gx:altitudeMode>relativeToSeaFloor</gx:altitudeMode>
                    </LookAt>
                    <styleUrl>#msn_ylw-pushpin0</styleUrl>
                    <Point>
                        <extrude>1</extrude>
                        <altitudeMode>absolute</altitudeMode>
                        <gx:drawOrder>1</gx:drawOrder>
                        <coordinates>2.1782318274391,47.536459252639,890.61967483442</coordinates>
                    </Point>
                </Placemark>
                
                <Placemark>
                    <name>13:40:54 - 101 kts - 2952 ft</name>
                    <visibility>0</visibility>
                    <description>latitude: 47.541186
longitude: 2.178793
altitude: 900 m / 2952 ft
elevation: 128 m / 420 ft
course: 3°
speed: 101 kts
</description>
                    <LookAt>
                        <longitude>2.1787929423199</longitude>
                        <latitude>47.541186047284</latitude>
                        <altitude>0</altitude>
                        <heading>0</heading>
                        <tilt>70</tilt>
                        <range>3000</range>
                        <gx:altitudeMode>relativeToSeaFloor</gx:altitudeMode>
                    </LookAt>
                    <styleUrl>#msn_ylw-pushpin0</styleUrl>
                    <Point>
                        <extrude>1</extrude>
                        <altitudeMode>absolute</altitudeMode>
                        <gx:drawOrder>1</gx:drawOrder>
                        <coordinates>2.1787929423199,47.541186047284,899.84806491435</coordinates>
                    </Point>
                </Placemark>
                
                <Placemark>
                    <name>13:41:04 - 98 kts - 2977 ft</name>
                    <visibility>0</visibility>
                    <description>latitude: 47.545772
longitude: 2.179358
altitude: 907 m / 2977 ft
elevation: 142 m / 466 ft
course: 6°
speed: 98 kts
</description>
                    <LookAt>
                        <longitude>2.1793580722897</longitude>
                        <latitude>47.545772087305</latitude>
                        <altitude>0</altitude>
                        <heading>0</heading>
                        <tilt>70</tilt>
                        <range>3000</range>
                        <gx:altitudeMode>relativeToSeaFloor</gx:altitudeMode>
                    </LookAt>
                    <styleUrl>#msn_ylw-pushpin0</styleUrl>
                    <Point>
                        <extrude>1</extrude>
                        <altitudeMode>absolute</altitudeMode>
                        <gx:drawOrder>1</gx:drawOrder>
                        <coordinates>2.1793580722897,47.545772087305,907.36916947365</coordinates>
                    </Point>
                </Placemark>
                
                <Placemark>
                    <name>13:41:15 - 96 kts - 3026 ft</name>
                    <visibility>0</visibility>
                    <description>latitude: 47.550664
longitude: 2.180226
altitude: 922 m / 3026 ft
elevation: 146 m / 479 ft
course: 7°
speed: 96 kts
</description>
                    <LookAt>
                        <longitude>2.1802256563736</longitude>
                        <latitude>47.550663643682</latitude>
                        <altitude>0</altitude>
                        <heading>0</heading>
                        <tilt>70</tilt>
                        <range>3000</range>
                        <gx:altitudeMode>relativeToSeaFloor</gx:altitudeMode>
                    </LookAt>
                    <styleUrl>#msn_ylw-pushpin0</styleUrl>
                    <Point>
                        <extrude>1</extrude>
                        <altitudeMode>absolute</altitudeMode>
                        <gx:drawOrder>1</gx:drawOrder>
                        <coordinates>2.1802256563736,47.550663643682,922.39208176732</coordinates>
                    </Point>
                </Placemark>
                
                <Placemark>
                    <name>13:41:23 - 95 kts - 3056 ft</name>
                    <visibility>0</visibility>
                    <description>latitude: 47.554190
longitude: 2.180594
altitude: 932 m / 3056 ft
elevation: 155 m / 509 ft
course: 2°
speed: 95 kts
</description>
                    <LookAt>
                        <longitude>2.1805940336989</longitude>
                        <latitude>47.554189843596</latitude>
                        <altitude>0</altitude>
                        <heading>0</heading>
                        <tilt>70</tilt>
                        <range>3000</range>
                        <gx:altitudeMode>relativeToSeaFloor</gx:altitudeMode>
                    </LookAt>
                    <styleUrl>#msn_ylw-pushpin0</styleUrl>
                    <Point>
                        <extrude>1</extrude>
                        <altitudeMode>absolute</altitudeMode>
                        <gx:drawOrder>1</gx:drawOrder>
                        <coordinates>2.1805940336989,47.554189843596,931.60430575907</coordinates>
                    </Point>
                </Placemark>
                
                <Placemark>
                    <name>13:41:30 - 94 kts - 3075 ft</name>
                    <visibility>0</visibility>
                    <description>latitude: 47.557246
longitude: 2.180917
altitude: 937 m / 3075 ft
elevation: 155 m / 509 ft
course: 7°
speed: 94 kts
</description>
                    <LookAt>
                        <longitude>2.1809167325072</longitude>
                        <latitude>47.557245875367</latitude>
                        <altitude>0</altitude>
                        <heading>0</heading>
                        <tilt>70</tilt>
                        <range>3000</range>
                        <gx:altitudeMode>relativeToSeaFloor</gx:altitudeMode>
                    </LookAt>
                    <styleUrl>#msn_ylw-pushpin0</styleUrl>
                    <Point>
                        <extrude>1</extrude>
                        <altitudeMode>absolute</altitudeMode>
                        <gx:drawOrder>1</gx:drawOrder>
                        <coordinates>2.1809167325072,47.557245875367,937.20618908294</coordinates>
                    </Point>
                </Placemark>
                
                <Placemark>
                    <name>13:41:41 - 92 kts - 3108 ft</name>
                    <visibility>0</visibility>
                    <description>latitude: 47.561960
longitude: 2.181670
altitude: 947 m / 3108 ft
elevation: 143 m / 469 ft
course: 4°
speed: 92 kts
</description>
                    <LookAt>
                        <longitude>2.1816703998508</longitude>
                        <latitude>47.561960371286</latitude>
                        <altitude>0</altitude>
                        <heading>0</heading>
                        <tilt>70</tilt>
                        <range>3000</range>
                        <gx:altitudeMode>relativeToSeaFloor</gx:altitudeMode>
                    </LookAt>
                    <styleUrl>#msn_ylw-pushpin0</styleUrl>
                    <Point>
                        <extrude>1</extrude>
                        <altitudeMode>absolute</altitudeMode>
                        <gx:drawOrder>1</gx:drawOrder>
                        <coordinates>2.1816703998508,47.561960371286,947.17564277723</coordinates>
                    </Point>
                </Placemark>
                
                <Placemark>
                    <name>13:41:52 - 91 kts - 3156 ft</name>
                    <visibility>0</visibility>
                    <description>latitude: 47.566554
longitude: 2.182322
altitude: 962 m / 3156 ft
elevation: 136 m / 446 ft
course: 6°
speed: 91 kts
</description>
                    <LookAt>
                        <longitude>2.1823223136829</longitude>
                        <latitude>47.566553957915</latitude>
                        <altitude>0</altitude>
                        <heading>0</heading>
                        <tilt>70</tilt>
                        <range>3000</range>
                        <gx:altitudeMode>relativeToSeaFloor</gx:altitudeMode>
                    </LookAt>
                    <styleUrl>#msn_ylw-pushpin0</styleUrl>
                    <Point>
                        <extrude>1</extrude>
                        <altitudeMode>absolute</altitudeMode>
                        <gx:drawOrder>1</gx:drawOrder>
                        <coordinates>2.1823223136829,47.566553957915,961.82106102165</coordinates>
                    </Point>
                </Placemark>
                
                <Placemark>
                    <name>13:42:03 - 93 kts - 3181 ft</name>
                    <visibility>0</visibility>
                    <description>latitude: 47.571197
longitude: 2.183081
altitude: 969 m / 3181 ft
elevation: 148 m / 486 ft
course: 7°
speed: 93 kts
</description>
                    <LookAt>
                        <longitude>2.1830809994357</longitude>
                        <latitude>47.571196828601</latitude>
                        <altitude>0</altitude>
                        <heading>0</heading>
                        <tilt>70</tilt>
                        <range>3000</range>
                        <gx:altitudeMode>relativeToSeaFloor</gx:altitudeMode>
                    </LookAt>
                    <styleUrl>#msn_ylw-pushpin0</styleUrl>
                    <Point>
                        <extrude>1</extrude>
                        <altitudeMode>absolute</altitudeMode>
                        <gx:drawOrder>1</gx:drawOrder>
                        <coordinates>2.1830809994357,47.571196828601,969.47447877843</coordinates>
                    </Point>
                </Placemark>
                
                <Placemark>
                    <name>13:42:14 - 97 kts - 3191 ft</name>
                    <visibility>0</visibility>
                    <description>latitude: 47.575969
longitude: 2.184215
altitude: 973 m / 3191 ft
elevation: 139 m / 456 ft
course: 10°
speed: 97 kts
</description>
                    <LookAt>
                        <longitude>2.184214909375</longitude>
                        <latitude>47.575969039405</latitude>
                        <altitude>0</altitude>
                        <heading>0</heading>
                        <tilt>70</tilt>
                        <range>3000</range>
                        <gx:altitudeMode>relativeToSeaFloor</gx:altitudeMode>
                    </LookAt>
                    <styleUrl>#msn_ylw-pushpin0</styleUrl>
                    <Point>
                        <extrude>1</extrude>
                        <altitudeMode>absolute</altitudeMode>
                        <gx:drawOrder>1</gx:drawOrder>
                        <coordinates>2.184214909375,47.575969039405,972.62770407833</coordinates>
                    </Point>
                </Placemark>
                
                <Placemark>
                    <name>13:42:24 - 102 kts - 3183 ft</name>
                    <visibility>0</visibility>
                    <description>latitude: 47.580528
longitude: 2.185338
altitude: 970 m / 3183 ft
elevation: 135 m / 443 ft
course: 9°
speed: 102 kts
</description>
                    <LookAt>
                        <longitude>2.185338258272</longitude>
                        <latitude>47.580527982676</latitude>
                        <altitude>0</altitude>
                        <heading>0</heading>
                        <tilt>70</tilt>
                        <range>3000</range>
                        <gx:altitudeMode>relativeToSeaFloor</gx:altitudeMode>
                    </LookAt>
                    <styleUrl>#msn_ylw-pushpin0</styleUrl>
                    <Point>
                        <extrude>1</extrude>
                        <altitudeMode>absolute</altitudeMode>
                        <gx:drawOrder>1</gx:drawOrder>
                        <coordinates>2.185338258272,47.580527982676,970.16056834999</coordinates>
                    </Point>
                </Placemark>
                
                <Placemark>
                    <name>13:42:34 - 102 kts - 3164 ft</name>
                    <visibility>0</visibility>
                    <description>latitude: 47.585243
longitude: 2.186106
altitude: 965 m / 3164 ft
elevation: 141 m / 463 ft
course: 5°
speed: 102 kts
</description>
                    <LookAt>
                        <longitude>2.1861063565616</longitude>
                        <latitude>47.585242823977</latitude>
                        <altitude>0</altitude>
                        <heading>0</heading>
                        <tilt>70</tilt>
                        <range>3000</range>
                        <gx:altitudeMode>relativeToSeaFloor</gx:altitudeMode>
                    </LookAt>
                    <styleUrl>#msn_ylw-pushpin0</styleUrl>
                    <Point>
                        <extrude>1</extrude>
                        <altitudeMode>absolute</altitudeMode>
                        <gx:drawOrder>1</gx:drawOrder>
                        <coordinates>2.1861063565616,47.585242823977,964.52861542534</coordinates>
                    </Point>
                </Placemark>
                
                <Placemark>
                    <name>13:42:44 - 100 kts - 3188 ft</name>
                    <visibility>0</visibility>
                    <description>latitude: 47.589877
longitude: 2.186724
altitude: 972 m / 3188 ft
elevation: 139 m / 456 ft
course: 5°
speed: 100 kts
</description>
                    <LookAt>
                        <longitude>2.1867237082132</longitude>
                        <latitude>47.589876526809</latitude>
                        <altitude>0</altitude>
                        <heading>0</heading>
                        <tilt>70</tilt>
                        <range>3000</range>
                        <gx:altitudeMode>relativeToSeaFloor</gx:altitudeMode>
                    </LookAt>
                    <styleUrl>#msn_ylw-pushpin0</styleUrl>
                    <Point>
                        <extrude>1</extrude>
                        <altitudeMode>absolute</altitudeMode>
                        <gx:drawOrder>1</gx:drawOrder>
                        <coordinates>2.1867237082132,47.589876526809,971.72754936665</coordinates>
                    </Point>
                </Placemark>
                
                <Placemark>
                    <name>13:42:54 - 106 kts - 3189 ft</name>
                    <visibility>0</visibility>
                    <description>latitude: 47.594617
longitude: 2.187382
altitude: 972 m / 3189 ft
elevation: 136 m / 446 ft
course: 5°
speed: 106 kts
</description>
                    <LookAt>
                        <longitude>2.1873822057997</longitude>
                        <latitude>47.594617154251</latitude>
                        <altitude>0</altitude>
                        <heading>0</heading>
                        <tilt>70</tilt>
                        <range>3000</range>
                        <gx:altitudeMode>relativeToSeaFloor</gx:altitudeMode>
                    </LookAt>
                    <styleUrl>#msn_ylw-pushpin0</styleUrl>
                    <Point>
                        <extrude>1</extrude>
                        <altitudeMode>absolute</altitudeMode>
                        <gx:drawOrder>1</gx:drawOrder>
                        <coordinates>2.1873822057997,47.594617154251,972.07734734844</coordinates>
                    </Point>
                </Placemark>
                
                <Placemark>
                    <name>13:43:03 - 110 kts - 3164 ft</name>
                    <visibility>0</visibility>
                    <description>latitude: 47.599131
longitude: 2.187799
altitude: 964 m / 3164 ft
elevation: 132 m / 433 ft
course: 3°
speed: 110 kts
</description>
                    <LookAt>
                        <longitude>2.18779869008</longitude>
                        <latitude>47.599130876776</latitude>
                        <altitude>0</altitude>
                        <heading>0</heading>
                        <tilt>70</tilt>
                        <range>3000</range>
                        <gx:altitudeMode>relativeToSeaFloor</gx:altitudeMode>
                    </LookAt>
                    <styleUrl>#msn_ylw-pushpin0</styleUrl>
                    <Point>
                        <extrude>1</extrude>
                        <altitudeMode>absolute</altitudeMode>
                        <gx:drawOrder>1</gx:drawOrder>
                        <coordinates>2.18779869008,47.599130876776,964.24321020301</coordinates>
                    </Point>
                </Placemark>
                
                <Placemark>
                    <name>13:43:12 - 109 kts - 3160 ft</name>
                    <visibility>0</visibility>
                    <description>latitude: 47.603669
longitude: 2.188285
altitude: 963 m / 3160 ft
elevation: 131 m / 430 ft
course: 5°
speed: 109 kts
</description>
                    <LookAt>
                        <longitude>2.1882851485625</longitude>
                        <latitude>47.603668772941</latitude>
                        <altitude>0</altitude>
                        <heading>0</heading>
                        <tilt>70</tilt>
                        <range>3000</range>
                        <gx:altitudeMode>relativeToSeaFloor</gx:altitudeMode>
                    </LookAt>
                    <styleUrl>#msn_ylw-pushpin0</styleUrl>
                    <Point>
                        <extrude>1</extrude>
                        <altitudeMode>absolute</altitudeMode>
                        <gx:drawOrder>1</gx:drawOrder>
                        <coordinates>2.1882851485625,47.603668772941,963.09595188405</coordinates>
                    </Point>
                </Placemark>
                
                <Placemark>
                    <name>13:43:22 - 106 kts - 3167 ft</name>
                    <visibility>0</visibility>
                    <description>latitude: 47.608602
longitude: 2.188936
altitude: 965 m / 3167 ft
elevation: 123 m / 404 ft
course: 6°
speed: 106 kts
</description>
                    <LookAt>
                        <longitude>2.1889362003275</longitude>
                        <latitude>47.608602359427</latitude>
                        <altitude>0</altitude>
                        <heading>0</heading>
                        <tilt>70</tilt>
                        <range>3000</range>
                        <gx:altitudeMode>relativeToSeaFloor</gx:altitudeMode>
                    </LookAt>
                    <styleUrl>#msn_ylw-pushpin0</styleUrl>
                    <Point>
                        <extrude>1</extrude>
                        <altitudeMode>absolute</altitudeMode>
                        <gx:drawOrder>1</gx:drawOrder>
                        <coordinates>2.1889362003275,47.608602359427,965.44701621588</coordinates>
                    </Point>
                </Placemark>
                
                <Placemark>
                    <name>13:43:32 - 107 kts - 3178 ft</name>
                    <visibility>0</visibility>
                    <description>latitude: 47.613456
longitude: 2.189742
altitude: 969 m / 3178 ft
elevation: 132 m / 433 ft
course: 8°
speed: 107 kts
</description>
                    <LookAt>
                        <longitude>2.1897417467854</longitude>
                        <latitude>47.613456143737</latitude>
                        <altitude>0</altitude>
                        <heading>0</heading>
                        <tilt>70</tilt>
                        <range>3000</range>
                        <gx:altitudeMode>relativeToSeaFloor</gx:altitudeMode>
                    </LookAt>
                    <styleUrl>#msn_ylw-pushpin0</styleUrl>
                    <Point>
                        <extrude>1</extrude>
                        <altitudeMode>absolute</altitudeMode>
                        <gx:drawOrder>1</gx:drawOrder>
                        <coordinates>2.1897417467854,47.613456143737,968.62164929789</coordinates>
                    </Point>
                </Placemark>
                
                <Placemark>
                    <name>13:43:42 - 107 kts - 3160 ft</name>
                    <visibility>0</visibility>
                    <description>latitude: 47.618407
longitude: 2.190391
altitude: 963 m / 3160 ft
elevation: 135 m / 443 ft
course: 5°
speed: 107 kts
</description>
                    <LookAt>
                        <longitude>2.1903907939065</longitude>
                        <latitude>47.618407011569</latitude>
                        <altitude>0</altitude>
                        <heading>0</heading>
                        <tilt>70</tilt>
                        <range>3000</range>
                        <gx:altitudeMode>relativeToSeaFloor</gx:altitudeMode>
                    </LookAt>
                    <styleUrl>#msn_ylw-pushpin0</styleUrl>
                    <Point>
                        <extrude>1</extrude>
                        <altitudeMode>absolute</altitudeMode>
                        <gx:drawOrder>1</gx:drawOrder>
                        <coordinates>2.1903907939065,47.618407011569,963.29227362387</coordinates>
                    </Point>
                </Placemark>
                
                <Placemark>
                    <name>13:43:52 - 107 kts - 3173 ft</name>
                    <visibility>0</visibility>
                    <description>latitude: 47.623320
longitude: 2.191134
altitude: 967 m / 3173 ft
elevation: 131 m / 430 ft
course: 5°
speed: 107 kts
</description>
                    <LookAt>
                        <longitude>2.1911342176951</longitude>
                        <latitude>47.623319933924</latitude>
                        <altitude>0</altitude>
                        <heading>0</heading>
                        <tilt>70</tilt>
                        <range>3000</range>
                        <gx:altitudeMode>relativeToSeaFloor</gx:altitudeMode>
                    </LookAt>
                    <styleUrl>#msn_ylw-pushpin0</styleUrl>
                    <Point>
                        <extrude>1</extrude>
                        <altitudeMode>absolute</altitudeMode>
                        <gx:drawOrder>1</gx:drawOrder>
                        <coordinates>2.1911342176951,47.623319933924,967.00612138957</coordinates>
                    </Point>
                </Placemark>
                
                <Placemark>
                    <name>13:44:02 - 106 kts - 3163 ft</name>
                    <visibility>0</visibility>
                    <description>latitude: 47.628238
longitude: 2.191953
altitude: 964 m / 3163 ft
elevation: 148 m / 486 ft
course: 6°
speed: 106 kts
</description>
                    <LookAt>
                        <longitude>2.1919532233857</longitude>
                        <latitude>47.62823837412</latitude>
                        <altitude>0</altitude>
                        <heading>0</heading>
                        <tilt>70</tilt>
                        <range>3000</range>
                        <gx:altitudeMode>relativeToSeaFloor</gx:altitudeMode>
                    </LookAt>
                    <styleUrl>#msn_ylw-pushpin0</styleUrl>
                    <Point>
                        <extrude>1</extrude>
                        <altitudeMode>absolute</altitudeMode>
                        <gx:drawOrder>1</gx:drawOrder>
                        <coordinates>2.1919532233857,47.62823837412,964.12725845911</coordinates>
                    </Point>
                </Placemark>
                
                <Placemark>
                    <name>13:44:12 - 103 kts - 3170 ft</name>
                    <visibility>0</visibility>
                    <description>latitude: 47.633039
longitude: 2.192753
altitude: 966 m / 3170 ft
elevation: 153 m / 502 ft
course: 5°
speed: 103 kts
</description>
                    <LookAt>
                        <longitude>2.1927530125373</longitude>
                        <latitude>47.633038748074</latitude>
                        <altitude>0</altitude>
                        <heading>0</heading>
                        <tilt>70</tilt>
                        <range>3000</range>
                        <gx:altitudeMode>relativeToSeaFloor</gx:altitudeMode>
                    </LookAt>
                    <styleUrl>#msn_ylw-pushpin0</styleUrl>
                    <Point>
                        <extrude>1</extrude>
                        <altitudeMode>absolute</altitudeMode>
                        <gx:drawOrder>1</gx:drawOrder>
                        <coordinates>2.1927530125373,47.633038748074,966.15315556154</coordinates>
                    </Point>
                </Placemark>
                
                <Placemark>
                    <name>13:44:22 - 104 kts - 3180 ft</name>
                    <visibility>0</visibility>
                    <description>latitude: 47.637788
longitude: 2.193318
altitude: 969 m / 3180 ft
elevation: 149 m / 489 ft
course: 5°
speed: 104 kts
</description>
                    <LookAt>
                        <longitude>2.1933176699389</longitude>
                        <latitude>47.63778835472</latitude>
                        <altitude>0</altitude>
                        <heading>0</heading>
                        <tilt>70</tilt>
                        <range>3000</range>
                        <gx:altitudeMode>relativeToSeaFloor</gx:altitudeMode>
                    </LookAt>
                    <styleUrl>#msn_ylw-pushpin0</styleUrl>
                    <Point>
                        <extrude>1</extrude>
                        <altitudeMode>absolute</altitudeMode>
                        <gx:drawOrder>1</gx:drawOrder>
                        <coordinates>2.1933176699389,47.63778835472,969.32987261657</coordinates>
                    </Point>
                </Placemark>
                
                <Placemark>
                    <name>13:44:32 - 108 kts - 3178 ft</name>
                    <visibility>0</visibility>
                    <description>latitude: 47.642669
longitude: 2.193924
altitude: 969 m / 3178 ft
elevation: 149 m / 489 ft
course: 6°
speed: 108 kts
</description>
                    <LookAt>
                        <longitude>2.1939240632481</longitude>
                        <latitude>47.642668960012</latitude>
                        <altitude>0</altitude>
                        <heading>0</heading>
                        <tilt>70</tilt>
                        <range>3000</range>
                        <gx:altitudeMode>relativeToSeaFloor</gx:altitudeMode>
                    </LookAt>
                    <styleUrl>#msn_ylw-pushpin0</styleUrl>
                    <Point>
                        <extrude>1</extrude>
                        <altitudeMode>absolute</altitudeMode>
                        <gx:drawOrder>1</gx:drawOrder>
                        <coordinates>2.1939240632481,47.642668960012,968.54677523859</coordinates>
                    </Point>
                </Placemark>
                
                <Placemark>
                    <name>13:44:41 - 112 kts - 3170 ft</name>
                    <visibility>0</visibility>
                    <description>latitude: 47.647265
longitude: 2.194548
altitude: 966 m / 3170 ft
elevation: 149 m / 489 ft
course: 6°
speed: 112 kts
</description>
                    <LookAt>
                        <longitude>2.1945477595997</longitude>
                        <latitude>47.647264503262</latitude>
                        <altitude>0</altitude>
                        <heading>0</heading>
                        <tilt>70</tilt>
                        <range>3000</range>
                        <gx:altitudeMode>relativeToSeaFloor</gx:altitudeMode>
                    </LookAt>
                    <styleUrl>#msn_ylw-pushpin0</styleUrl>
                    <Point>
                        <extrude>1</extrude>
                        <altitudeMode>absolute</altitudeMode>
                        <gx:drawOrder>1</gx:drawOrder>
                        <coordinates>2.1945477595997,47.647264503262,966.27094725147</coordinates>
                    </Point>
                </Placemark>
                
                <Placemark>
                    <name>13:44:50 - 113 kts - 3151 ft</name>
                    <visibility>0</visibility>
                    <description>latitude: 47.651962
longitude: 2.195204
altitude: 960 m / 3151 ft
elevation: 150 m / 492 ft
course: 5°
speed: 113 kts
</description>
                    <LookAt>
                        <longitude>2.1952036883821</longitude>
                        <latitude>47.651961872816</latitude>
                        <altitude>0</altitude>
                        <heading>0</heading>
                        <tilt>70</tilt>
                        <range>3000</range>
                        <gx:altitudeMode>relativeToSeaFloor</gx:altitudeMode>
                    </LookAt>
                    <styleUrl>#msn_ylw-pushpin0</styleUrl>
                    <Point>
                        <extrude>1</extrude>
                        <altitudeMode>absolute</altitudeMode>
                        <gx:drawOrder>1</gx:drawOrder>
                        <coordinates>2.1952036883821,47.651961872816,960.49398387782</coordinates>
                    </Point>
                </Placemark>
                
                <Placemark>
                    <name>13:44:59 - 110 kts - 3169 ft</name>
                    <visibility>0</visibility>
                    <description>latitude: 47.656586
longitude: 2.195838
altitude: 966 m / 3169 ft
elevation: 149 m / 489 ft
course: 5°
speed: 110 kts
</description>
                    <LookAt>
                        <longitude>2.1958382296833</longitude>
                        <latitude>47.656585943422</latitude>
                        <altitude>0</altitude>
                        <heading>0</heading>
                        <tilt>70</tilt>
                        <range>3000</range>
                        <gx:altitudeMode>relativeToSeaFloor</gx:altitudeMode>
                    </LookAt>
                    <styleUrl>#msn_ylw-pushpin0</styleUrl>
                    <Point>
                        <extrude>1</extrude>
                        <altitudeMode>absolute</altitudeMode>
                        <gx:drawOrder>1</gx:drawOrder>
                        <coordinates>2.1958382296833,47.656585943422,965.82860369142</coordinates>
                    </Point>
                </Placemark>
                
                <Placemark>
                    <name>13:45:08 - 112 kts - 3168 ft</name>
                    <visibility>0</visibility>
                    <description>latitude: 47.661165
longitude: 2.196441
altitude: 966 m / 3168 ft
elevation: 149 m / 489 ft
course: 5°
speed: 112 kts
</description>
                    <LookAt>
                        <longitude>2.1964412099567</longitude>
                        <latitude>47.661165178093</latitude>
                        <altitude>0</altitude>
                        <heading>0</heading>
                        <tilt>70</tilt>
                        <range>3000</range>
                        <gx:altitudeMode>relativeToSeaFloor</gx:altitudeMode>
                    </LookAt>
                    <styleUrl>#msn_ylw-pushpin0</styleUrl>
                    <Point>
                        <extrude>1</extrude>
                        <altitudeMode>absolute</altitudeMode>
                        <gx:drawOrder>1</gx:drawOrder>
                        <coordinates>2.1964412099567,47.661165178093,965.74610450584</coordinates>
                    </Point>
                </Placemark>
                
                <Placemark>
                    <name>13:45:17 - 110 kts - 3165 ft</name>
                    <visibility>0</visibility>
                    <description>latitude: 47.665782
longitude: 2.197111
altitude: 965 m / 3165 ft
elevation: 148 m / 486 ft
course: 5°
speed: 110 kts
</description>
                    <LookAt>
                        <longitude>2.1971107846343</longitude>
                        <latitude>47.665782309174</latitude>
                        <altitude>0</altitude>
                        <heading>0</heading>
                        <tilt>70</tilt>
                        <range>3000</range>
                        <gx:altitudeMode>relativeToSeaFloor</gx:altitudeMode>
                    </LookAt>
                    <styleUrl>#msn_ylw-pushpin0</styleUrl>
                    <Point>
                        <extrude>1</extrude>
                        <altitudeMode>absolute</altitudeMode>
                        <gx:drawOrder>1</gx:drawOrder>
                        <coordinates>2.1971107846343,47.665782309174,964.61819497962</coordinates>
                    </Point>
                </Placemark>
                
                <Placemark>
                    <name>13:45:26 - 111 kts - 3165 ft</name>
                    <visibility>0</visibility>
                    <description>latitude: 47.670364
longitude: 2.197792
altitude: 965 m / 3165 ft
elevation: 142 m / 466 ft
course: 5°
speed: 111 kts
</description>
                    <LookAt>
                        <longitude>2.1977921429032</longitude>
                        <latitude>47.67036413719</latitude>
                        <altitude>0</altitude>
                        <heading>0</heading>
                        <tilt>70</tilt>
                        <range>3000</range>
                        <gx:altitudeMode>relativeToSeaFloor</gx:altitudeMode>
                    </LookAt>
                    <styleUrl>#msn_ylw-pushpin0</styleUrl>
                    <Point>
                        <extrude>1</extrude>
                        <altitudeMode>absolute</altitudeMode>
                        <gx:drawOrder>1</gx:drawOrder>
                        <coordinates>2.1977921429032,47.67036413719,964.61738032755</coordinates>
                    </Point>
                </Placemark>
                
                <Placemark>
                    <name>13:45:35 - 112 kts - 3169 ft</name>
                    <visibility>0</visibility>
                    <description>latitude: 47.674971
longitude: 2.198520
altitude: 966 m / 3169 ft
elevation: 142 m / 466 ft
course: 6°
speed: 112 kts
</description>
                    <LookAt>
                        <longitude>2.1985203615446</longitude>
                        <latitude>47.674971306419</latitude>
                        <altitude>0</altitude>
                        <heading>0</heading>
                        <tilt>70</tilt>
                        <range>3000</range>
                        <gx:altitudeMode>relativeToSeaFloor</gx:altitudeMode>
                    </LookAt>
                    <styleUrl>#msn_ylw-pushpin0</styleUrl>
                    <Point>
                        <extrude>1</extrude>
                        <altitudeMode>absolute</altitudeMode>
                        <gx:drawOrder>1</gx:drawOrder>
                        <coordinates>2.1985203615446,47.674971306419,965.77598076127</coordinates>
                    </Point>
                </Placemark>
                
                <Placemark>
                    <name>13:45:44 - 114 kts - 3159 ft</name>
                    <visibility>0</visibility>
                    <description>latitude: 47.679646
longitude: 2.199315
altitude: 963 m / 3159 ft
elevation: 132 m / 433 ft
course: 6°
speed: 114 kts
</description>
                    <LookAt>
                        <longitude>2.1993154440188</longitude>
                        <latitude>47.679645603983</latitude>
                        <altitude>0</altitude>
                        <heading>0</heading>
                        <tilt>70</tilt>
                        <range>3000</range>
                        <gx:altitudeMode>relativeToSeaFloor</gx:altitudeMode>
                    </LookAt>
                    <styleUrl>#msn_ylw-pushpin0</styleUrl>
                    <Point>
                        <extrude>1</extrude>
                        <altitudeMode>absolute</altitudeMode>
                        <gx:drawOrder>1</gx:drawOrder>
                        <coordinates>2.1993154440188,47.679645603983,962.79898294993</coordinates>
                    </Point>
                </Placemark>
                
                <Placemark>
                    <name>13:45:53 - 112 kts - 3162 ft</name>
                    <visibility>0</visibility>
                    <description>latitude: 47.684330
longitude: 2.200004
altitude: 964 m / 3162 ft
elevation: 138 m / 453 ft
course: 4°
speed: 112 kts
</description>
                    <LookAt>
                        <longitude>2.2000040158841</longitude>
                        <latitude>47.684330063004</latitude>
                        <altitude>0</altitude>
                        <heading>0</heading>
                        <tilt>70</tilt>
                        <range>3000</range>
                        <gx:altitudeMode>relativeToSeaFloor</gx:altitudeMode>
                    </LookAt>
                    <styleUrl>#msn_ylw-pushpin0</styleUrl>
                    <Point>
                        <extrude>1</extrude>
                        <altitudeMode>absolute</altitudeMode>
                        <gx:drawOrder>1</gx:drawOrder>
                        <coordinates>2.2000040158841,47.684330063004,963.6450321041</coordinates>
                    </Point>
                </Placemark>
                
                <Placemark>
                    <name>13:46:02 - 112 kts - 3171 ft</name>
                    <visibility>0</visibility>
                    <description>latitude: 47.688966
longitude: 2.200572
altitude: 967 m / 3171 ft
elevation: 131 m / 430 ft
course: 4°
speed: 112 kts
</description>
                    <LookAt>
                        <longitude>2.2005715230658</longitude>
                        <latitude>47.688965999094</latitude>
                        <altitude>0</altitude>
                        <heading>0</heading>
                        <tilt>70</tilt>
                        <range>3000</range>
                        <gx:altitudeMode>relativeToSeaFloor</gx:altitudeMode>
                    </LookAt>
                    <styleUrl>#msn_ylw-pushpin0</styleUrl>
                    <Point>
                        <extrude>1</extrude>
                        <altitudeMode>absolute</altitudeMode>
                        <gx:drawOrder>1</gx:drawOrder>
                        <coordinates>2.2005715230658,47.688965999094,966.53215380386</coordinates>
                    </Point>
                </Placemark>
                
                <Placemark>
                    <name>13:46:11 - 113 kts - 3158 ft</name>
                    <visibility>0</visibility>
                    <description>latitude: 47.693667
longitude: 2.201099
altitude: 963 m / 3158 ft
elevation: 134 m / 440 ft
course: 5°
speed: 113 kts
</description>
                    <LookAt>
                        <longitude>2.2010988063765</longitude>
                        <latitude>47.693666881946</latitude>
                        <altitude>0</altitude>
                        <heading>0</heading>
                        <tilt>70</tilt>
                        <range>3000</range>
                        <gx:altitudeMode>relativeToSeaFloor</gx:altitudeMode>
                    </LookAt>
                    <styleUrl>#msn_ylw-pushpin0</styleUrl>
                    <Point>
                        <extrude>1</extrude>
                        <altitudeMode>absolute</altitudeMode>
                        <gx:drawOrder>1</gx:drawOrder>
                        <coordinates>2.2010988063765,47.693666881946,962.58501156978</coordinates>
                    </Point>
                </Placemark>
                
                <Placemark>
                    <name>13:46:20 - 112 kts - 3172 ft</name>
                    <visibility>0</visibility>
                    <description>latitude: 47.698312
longitude: 2.201794
altitude: 967 m / 3172 ft
elevation: 131 m / 430 ft
course: 6°
speed: 112 kts
</description>
                    <LookAt>
                        <longitude>2.2017944100474</longitude>
                        <latitude>47.698312350572</latitude>
                        <altitude>0</altitude>
                        <heading>0</heading>
                        <tilt>70</tilt>
                        <range>3000</range>
                        <gx:altitudeMode>relativeToSeaFloor</gx:altitudeMode>
                    </LookAt>
                    <styleUrl>#msn_ylw-pushpin0</styleUrl>
                    <Point>
                        <extrude>1</extrude>
                        <altitudeMode>absolute</altitudeMode>
                        <gx:drawOrder>1</gx:drawOrder>
                        <coordinates>2.2017944100474,47.698312350572,966.8218220165</coordinates>
                    </Point>
                </Placemark>
                
                <Placemark>
                    <name>13:46:29 - 112 kts - 3163 ft</name>
                    <visibility>0</visibility>
                    <description>latitude: 47.702969
longitude: 2.202379
altitude: 964 m / 3163 ft
elevation: 138 m / 453 ft
course: 4°
speed: 112 kts
</description>
                    <LookAt>
                        <longitude>2.2023789095385</longitude>
                        <latitude>47.702968876737</latitude>
                        <altitude>0</altitude>
                        <heading>0</heading>
                        <tilt>70</tilt>
                        <range>3000</range>
                        <gx:altitudeMode>relativeToSeaFloor</gx:altitudeMode>
                    </LookAt>
                    <styleUrl>#msn_ylw-pushpin0</styleUrl>
                    <Point>
                        <extrude>1</extrude>
                        <altitudeMode>absolute</altitudeMode>
                        <gx:drawOrder>1</gx:drawOrder>
                        <coordinates>2.2023789095385,47.702968876737,963.96208591387</coordinates>
                    </Point>
                </Placemark>
                
                <Placemark>
                    <name>13:46:38 - 113 kts - 3164 ft</name>
                    <visibility>0</visibility>
                    <description>latitude: 47.707638
longitude: 2.202588
altitude: 965 m / 3164 ft
elevation: 124 m / 407 ft
course: 1°
speed: 113 kts
</description>
                    <LookAt>
                        <longitude>2.2025880453451</longitude>
                        <latitude>47.707638438111</latitude>
                        <altitude>0</altitude>
                        <heading>0</heading>
                        <tilt>70</tilt>
                        <range>3000</range>
                        <gx:altitudeMode>relativeToSeaFloor</gx:altitudeMode>
                    </LookAt>
                    <styleUrl>#msn_ylw-pushpin0</styleUrl>
                    <Point>
                        <extrude>1</extrude>
                        <altitudeMode>absolute</altitudeMode>
                        <gx:drawOrder>1</gx:drawOrder>
                        <coordinates>2.2025880453451,47.707638438111,964.52921595052</coordinates>
                    </Point>
                </Placemark>
                
                <Placemark>
                    <name>13:46:47 - 111 kts - 3161 ft</name>
                    <visibility>0</visibility>
                    <description>latitude: 47.712316
longitude: 2.202689
altitude: 963 m / 3161 ft
elevation: 131 m / 430 ft
course: 1°
speed: 111 kts
</description>
                    <LookAt>
                        <longitude>2.2026891742184</longitude>
                        <latitude>47.712316249823</latitude>
                        <altitude>0</altitude>
                        <heading>0</heading>
                        <tilt>70</tilt>
                        <range>3000</range>
                        <gx:altitudeMode>relativeToSeaFloor</gx:altitudeMode>
                    </LookAt>
                    <styleUrl>#msn_ylw-pushpin0</styleUrl>
                    <Point>
                        <extrude>1</extrude>
                        <altitudeMode>absolute</altitudeMode>
                        <gx:drawOrder>1</gx:drawOrder>
                        <coordinates>2.2026891742184,47.712316249823,963.45594984107</coordinates>
                    </Point>
                </Placemark>
                
                <Placemark>
                    <name>13:46:52 - 110 kts - 3171 ft</name>
                    <visibility>0</visibility>
                    <description>latitude: 47.714868
longitude: 2.202709
altitude: 966 m / 3171 ft
elevation: 135 m / 443 ft
course: 360°
speed: 110 kts
</description>
                    <LookAt>
                        <longitude>2.2027085217188</longitude>
                        <latitude>47.714867860404</latitude>
                        <altitude>0</altitude>
                        <heading>0</heading>
                        <tilt>70</tilt>
                        <range>3000</range>
                        <gx:altitudeMode>relativeToSeaFloor</gx:altitudeMode>
                    </LookAt>
                    <styleUrl>#msn_ylw-pushpin0</styleUrl>
                    <Point>
                        <extrude>1</extrude>
                        <altitudeMode>absolute</altitudeMode>
                        <gx:drawOrder>1</gx:drawOrder>
                        <coordinates>2.2027085217188,47.714867860404,966.44803087413</coordinates>
                    </Point>
                </Placemark>
                
                <Placemark>
                    <name>13:47:01 - 110 kts - 3173 ft</name>
                    <visibility>0</visibility>
                    <description>latitude: 47.719443
longitude: 2.202637
altitude: 967 m / 3173 ft
elevation: 131 m / 430 ft
course: 359°
speed: 110 kts
</description>
                    <LookAt>
                        <longitude>2.2026365559378</longitude>
                        <latitude>47.719442661784</latitude>
                        <altitude>0</altitude>
                        <heading>0</heading>
                        <tilt>70</tilt>
                        <range>3000</range>
                        <gx:altitudeMode>relativeToSeaFloor</gx:altitudeMode>
                    </LookAt>
                    <styleUrl>#msn_ylw-pushpin0</styleUrl>
                    <Point>
                        <extrude>1</extrude>
                        <altitudeMode>absolute</altitudeMode>
                        <gx:drawOrder>1</gx:drawOrder>
                        <coordinates>2.2026365559378,47.719442661784,967.05965503305</coordinates>
                    </Point>
                </Placemark>
                
                <Placemark>
                    <name>13:47:08 - 111 kts - 3171 ft</name>
                    <visibility>0</visibility>
                    <description>latitude: 47.723031
longitude: 2.202635
altitude: 966 m / 3171 ft
elevation: 132 m / 433 ft
course: 0°
speed: 111 kts
</description>
                    <LookAt>
                        <longitude>2.2026345317296</longitude>
                        <latitude>47.723031032626</latitude>
                        <altitude>0</altitude>
                        <heading>0</heading>
                        <tilt>70</tilt>
                        <range>3000</range>
                        <gx:altitudeMode>relativeToSeaFloor</gx:altitudeMode>
                    </LookAt>
                    <styleUrl>#msn_ylw-pushpin0</styleUrl>
                    <Point>
                        <extrude>1</extrude>
                        <altitudeMode>absolute</altitudeMode>
                        <gx:drawOrder>1</gx:drawOrder>
                        <coordinates>2.2026345317296,47.723031032626,966.43879285734</coordinates>
                    </Point>
                </Placemark>
                
                <Placemark>
                    <name>13:47:17 - 112 kts - 3176 ft</name>
                    <visibility>0</visibility>
                    <description>latitude: 47.727692
longitude: 2.202701
altitude: 968 m / 3176 ft
elevation: 136 m / 446 ft
course: 360°
speed: 112 kts
</description>
                    <LookAt>
                        <longitude>2.2027013159882</longitude>
                        <latitude>47.727691970928</latitude>
                        <altitude>0</altitude>
                        <heading>0</heading>
                        <tilt>70</tilt>
                        <range>3000</range>
                        <gx:altitudeMode>relativeToSeaFloor</gx:altitudeMode>
                    </LookAt>
                    <styleUrl>#msn_ylw-pushpin0</styleUrl>
                    <Point>
                        <extrude>1</extrude>
                        <altitudeMode>absolute</altitudeMode>
                        <gx:drawOrder>1</gx:drawOrder>
                        <coordinates>2.2027013159882,47.727691970928,967.89523769263</coordinates>
                    </Point>
                </Placemark>
                
                <Placemark>
                    <name>13:47:19 - 113 kts - 3177 ft</name>
                    <visibility>0</visibility>
                    <description>latitude: 47.728735
longitude: 2.202736
altitude: 968 m / 3177 ft
elevation: 136 m / 446 ft
course: 0°
speed: 113 kts
</description>
                    <LookAt>
                        <longitude>2.2027356611206</longitude>
                        <latitude>47.728734836236</latitude>
                        <altitude>0</altitude>
                        <heading>0</heading>
                        <tilt>70</tilt>
                        <range>3000</range>
                        <gx:altitudeMode>relativeToSeaFloor</gx:altitudeMode>
                    </LookAt>
                    <styleUrl>#msn_ylw-pushpin0</styleUrl>
                    <Point>
                        <extrude>1</extrude>
                        <altitudeMode>absolute</altitudeMode>
                        <gx:drawOrder>1</gx:drawOrder>
                        <coordinates>2.2027356611206,47.728734836236,968.42474513687</coordinates>
                    </Point>
                </Placemark>
                
                <Placemark>
                    <name>13:47:28 - 117 kts - 3167 ft</name>
                    <visibility>0</visibility>
                    <description>latitude: 47.733510
longitude: 2.203094
altitude: 965 m / 3167 ft
elevation: 141 m / 463 ft
course: 3°
speed: 117 kts
</description>
                    <LookAt>
                        <longitude>2.203094166754</longitude>
                        <latitude>47.733510075478</latitude>
                        <altitude>0</altitude>
                        <heading>0</heading>
                        <tilt>70</tilt>
                        <range>3000</range>
                        <gx:altitudeMode>relativeToSeaFloor</gx:altitudeMode>
                    </LookAt>
                    <styleUrl>#msn_ylw-pushpin0</styleUrl>
                    <Point>
                        <extrude>1</extrude>
                        <altitudeMode>absolute</altitudeMode>
                        <gx:drawOrder>1</gx:drawOrder>
                        <coordinates>2.203094166754,47.733510075478,965.1758535672</coordinates>
                    </Point>
                </Placemark>
                
                <Placemark>
                    <name>13:47:37 - 117 kts - 3149 ft</name>
                    <visibility>0</visibility>
                    <description>latitude: 47.738384
longitude: 2.203643
altitude: 960 m / 3149 ft
elevation: 148 m / 486 ft
course: 5°
speed: 117 kts
</description>
                    <LookAt>
                        <longitude>2.203643497559</longitude>
                        <latitude>47.738384451931</latitude>
                        <altitude>0</altitude>
                        <heading>0</heading>
                        <tilt>70</tilt>
                        <range>3000</range>
                        <gx:altitudeMode>relativeToSeaFloor</gx:altitudeMode>
                    </LookAt>
                    <styleUrl>#msn_ylw-pushpin0</styleUrl>
                    <Point>
                        <extrude>1</extrude>
                        <altitudeMode>absolute</altitudeMode>
                        <gx:drawOrder>1</gx:drawOrder>
                        <coordinates>2.203643497559,47.738384451931,959.68199347891</coordinates>
                    </Point>
                </Placemark>
                
                <Placemark>
                    <name>13:47:46 - 114 kts - 3156 ft</name>
                    <visibility>0</visibility>
                    <description>latitude: 47.743171
longitude: 2.204320
altitude: 962 m / 3156 ft
elevation: 145 m / 476 ft
course: 6°
speed: 114 kts
</description>
                    <LookAt>
                        <longitude>2.2043204104697</longitude>
                        <latitude>47.743170504903</latitude>
                        <altitude>0</altitude>
                        <heading>0</heading>
                        <tilt>70</tilt>
                        <range>3000</range>
                        <gx:altitudeMode>relativeToSeaFloor</gx:altitudeMode>
                    </LookAt>
                    <styleUrl>#msn_ylw-pushpin0</styleUrl>
                    <Point>
                        <extrude>1</extrude>
                        <altitudeMode>absolute</altitudeMode>
                        <gx:drawOrder>1</gx:drawOrder>
                        <coordinates>2.2043204104697,47.743170504903,961.96321686637</coordinates>
                    </Point>
                </Placemark>
                
                <Placemark>
                    <name>13:47:55 - 112 kts - 3164 ft</name>
                    <visibility>0</visibility>
                    <description>latitude: 47.747831
longitude: 2.205040
altitude: 964 m / 3164 ft
elevation: 149 m / 489 ft
course: 6°
speed: 112 kts
</description>
                    <LookAt>
                        <longitude>2.2050400829415</longitude>
                        <latitude>47.747831473287</latitude>
                        <altitude>0</altitude>
                        <heading>0</heading>
                        <tilt>70</tilt>
                        <range>3000</range>
                        <gx:altitudeMode>relativeToSeaFloor</gx:altitudeMode>
                    </LookAt>
                    <styleUrl>#msn_ylw-pushpin0</styleUrl>
                    <Point>
                        <extrude>1</extrude>
                        <altitudeMode>absolute</altitudeMode>
                        <gx:drawOrder>1</gx:drawOrder>
                        <coordinates>2.2050400829415,47.747831473287,964.36513538845</coordinates>
                    </Point>
                </Placemark>
                
                <Placemark>
                    <name>13:48:04 - 112 kts - 3157 ft</name>
                    <visibility>0</visibility>
                    <description>latitude: 47.752479
longitude: 2.205758
altitude: 962 m / 3157 ft
elevation: 149 m / 489 ft
course: 8°
speed: 112 kts
</description>
                    <LookAt>
                        <longitude>2.2057578040355</longitude>
                        <latitude>47.752479161329</latitude>
                        <altitude>0</altitude>
                        <heading>0</heading>
                        <tilt>70</tilt>
                        <range>3000</range>
                        <gx:altitudeMode>relativeToSeaFloor</gx:altitudeMode>
                    </LookAt>
                    <styleUrl>#msn_ylw-pushpin0</styleUrl>
                    <Point>
                        <extrude>1</extrude>
                        <altitudeMode>absolute</altitudeMode>
                        <gx:drawOrder>1</gx:drawOrder>
                        <coordinates>2.2057578040355,47.752479161329,962.35562077537</coordinates>
                    </Point>
                </Placemark>
                
                <Placemark>
                    <name>13:48:13 - 111 kts - 3162 ft</name>
                    <visibility>0</visibility>
                    <description>latitude: 47.757083
longitude: 2.206384
altitude: 964 m / 3162 ft
elevation: 149 m / 489 ft
course: 7°
speed: 111 kts
</description>
                    <LookAt>
                        <longitude>2.2063842354193</longitude>
                        <latitude>47.757083033377</latitude>
                        <altitude>0</altitude>
                        <heading>0</heading>
                        <tilt>70</tilt>
                        <range>3000</range>
                        <gx:altitudeMode>relativeToSeaFloor</gx:altitudeMode>
                    </LookAt>
                    <styleUrl>#msn_ylw-pushpin0</styleUrl>
                    <Point>
                        <extrude>1</extrude>
                        <altitudeMode>absolute</altitudeMode>
                        <gx:drawOrder>1</gx:drawOrder>
                        <coordinates>2.2063842354193,47.757083033377,963.86746136844</coordinates>
                    </Point>
                </Placemark>
                
                <Placemark>
                    <name>13:48:22 - 110 kts - 3168 ft</name>
                    <visibility>0</visibility>
                    <description>latitude: 47.761658
longitude: 2.206968
altitude: 966 m / 3168 ft
elevation: 156 m / 512 ft
course: 7°
speed: 110 kts
</description>
                    <LookAt>
                        <longitude>2.206968028953</longitude>
                        <latitude>47.761658470573</latitude>
                        <altitude>0</altitude>
                        <heading>0</heading>
                        <tilt>70</tilt>
                        <range>3000</range>
                        <gx:altitudeMode>relativeToSeaFloor</gx:altitudeMode>
                    </LookAt>
                    <styleUrl>#msn_ylw-pushpin0</styleUrl>
                    <Point>
                        <extrude>1</extrude>
                        <altitudeMode>absolute</altitudeMode>
                        <gx:drawOrder>1</gx:drawOrder>
                        <coordinates>2.206968028953,47.761658470573,965.5320962742</coordinates>
                    </Point>
                </Placemark>
                
                <Placemark>
                    <name>13:48:31 - 111 kts - 3165 ft</name>
                    <visibility>0</visibility>
                    <description>latitude: 47.766257
longitude: 2.207612
altitude: 965 m / 3165 ft
elevation: 145 m / 476 ft
course: 6°
speed: 111 kts
</description>
                    <LookAt>
                        <longitude>2.2076116714378</longitude>
                        <latitude>47.766257207964</latitude>
                        <altitude>0</altitude>
                        <heading>0</heading>
                        <tilt>70</tilt>
                        <range>3000</range>
                        <gx:altitudeMode>relativeToSeaFloor</gx:altitudeMode>
                    </LookAt>
                    <styleUrl>#msn_ylw-pushpin0</styleUrl>
                    <Point>
                        <extrude>1</extrude>
                        <altitudeMode>absolute</altitudeMode>
                        <gx:drawOrder>1</gx:drawOrder>
                        <coordinates>2.2076116714378,47.766257207964,964.58240562119</coordinates>
                    </Point>
                </Placemark>
                
                <Placemark>
                    <name>13:48:40 - 111 kts - 3168 ft</name>
                    <visibility>0</visibility>
                    <description>latitude: 47.770870
longitude: 2.208176
altitude: 966 m / 3168 ft
elevation: 149 m / 489 ft
course: 4°
speed: 111 kts
</description>
                    <LookAt>
                        <longitude>2.2081762734874</longitude>
                        <latitude>47.770869644435</latitude>
                        <altitude>0</altitude>
                        <heading>0</heading>
                        <tilt>70</tilt>
                        <range>3000</range>
                        <gx:altitudeMode>relativeToSeaFloor</gx:altitudeMode>
                    </LookAt>
                    <styleUrl>#msn_ylw-pushpin0</styleUrl>
                    <Point>
                        <extrude>1</extrude>
                        <altitudeMode>absolute</altitudeMode>
                        <gx:drawOrder>1</gx:drawOrder>
                        <coordinates>2.2081762734874,47.770869644435,965.61329883523</coordinates>
                    </Point>
                </Placemark>
                
                <Placemark>
                    <name>13:48:49 - 112 kts - 3165 ft</name>
                    <visibility>0</visibility>
                    <description>latitude: 47.775512
longitude: 2.208474
altitude: 965 m / 3165 ft
elevation: 148 m / 486 ft
course: 2°
speed: 112 kts
</description>
                    <LookAt>
                        <longitude>2.2084738796577</longitude>
                        <latitude>47.775511896097</latitude>
                        <altitude>0</altitude>
                        <heading>0</heading>
                        <tilt>70</tilt>
                        <range>3000</range>
                        <gx:altitudeMode>relativeToSeaFloor</gx:altitudeMode>
                    </LookAt>
                    <styleUrl>#msn_ylw-pushpin0</styleUrl>
                    <Point>
                        <extrude>1</extrude>
                        <altitudeMode>absolute</altitudeMode>
                        <gx:drawOrder>1</gx:drawOrder>
                        <coordinates>2.2084738796577,47.775511896097,964.83608263358</coordinates>
                    </Point>
                </Placemark>
                
                <Placemark>
                    <name>13:48:58 - 112 kts - 3168 ft</name>
                    <visibility>0</visibility>
                    <description>latitude: 47.780158
longitude: 2.208601
altitude: 966 m / 3168 ft
elevation: 136 m / 446 ft
course: 1°
speed: 112 kts
</description>
                    <LookAt>
                        <longitude>2.2086013954884</longitude>
                        <latitude>47.780158112967</latitude>
                        <altitude>0</altitude>
                        <heading>0</heading>
                        <tilt>70</tilt>
                        <range>3000</range>
                        <gx:altitudeMode>relativeToSeaFloor</gx:altitudeMode>
                    </LookAt>
                    <styleUrl>#msn_ylw-pushpin0</styleUrl>
                    <Point>
                        <extrude>1</extrude>
                        <altitudeMode>absolute</altitudeMode>
                        <gx:drawOrder>1</gx:drawOrder>
                        <coordinates>2.2086013954884,47.780158112967,965.57069206331</coordinates>
                    </Point>
                </Placemark>
                
                <Placemark>
                    <name>13:49:07 - 113 kts - 3171 ft</name>
                    <visibility>0</visibility>
                    <description>latitude: 47.784826
longitude: 2.208659
altitude: 967 m / 3171 ft
elevation: 120 m / 394 ft
course: 360°
speed: 113 kts
</description>
                    <LookAt>
                        <longitude>2.2086586913387</longitude>
                        <latitude>47.784826263524</latitude>
                        <altitude>0</altitude>
                        <heading>0</heading>
                        <tilt>70</tilt>
                        <range>3000</range>
                        <gx:altitudeMode>relativeToSeaFloor</gx:altitudeMode>
                    </LookAt>
                    <styleUrl>#msn_ylw-pushpin0</styleUrl>
                    <Point>
                        <extrude>1</extrude>
                        <altitudeMode>absolute</altitudeMode>
                        <gx:drawOrder>1</gx:drawOrder>
                        <coordinates>2.2086586913387,47.784826263524,966.63643889688</coordinates>
                    </Point>
                </Placemark>
                
                <Placemark>
                    <name>13:49:12 - 114 kts - 3161 ft</name>
                    <visibility>0</visibility>
                    <description>latitude: 47.787452
longitude: 2.208650
altitude: 964 m / 3161 ft
elevation: 117 m / 384 ft
course: 0°
speed: 114 kts
</description>
                    <LookAt>
                        <longitude>2.2086500441027</longitude>
                        <latitude>47.787452257358</latitude>
                        <altitude>0</altitude>
                        <heading>0</heading>
                        <tilt>70</tilt>
                        <range>3000</range>
                        <gx:altitudeMode>relativeToSeaFloor</gx:altitudeMode>
                    </LookAt>
                    <styleUrl>#msn_ylw-pushpin0</styleUrl>
                    <Point>
                        <extrude>1</extrude>
                        <altitudeMode>absolute</altitudeMode>
                        <gx:drawOrder>1</gx:drawOrder>
                        <coordinates>2.2086500441027,47.787452257358,963.51692862064</coordinates>
                    </Point>
                </Placemark>
                
                <Placemark>
                    <name>13:49:21 - 112 kts - 3156 ft</name>
                    <visibility>0</visibility>
                    <description>latitude: 47.792160
longitude: 2.208745
altitude: 962 m / 3156 ft
elevation: 110 m / 361 ft
course: 1°
speed: 112 kts
</description>
                    <LookAt>
                        <longitude>2.2087449471555</longitude>
                        <latitude>47.792159918789</latitude>
                        <altitude>0</altitude>
                        <heading>0</heading>
                        <tilt>70</tilt>
                        <range>3000</range>
                        <gx:altitudeMode>relativeToSeaFloor</gx:altitudeMode>
                    </LookAt>
                    <styleUrl>#msn_ylw-pushpin0</styleUrl>
                    <Point>
                        <extrude>1</extrude>
                        <altitudeMode>absolute</altitudeMode>
                        <gx:drawOrder>1</gx:drawOrder>
                        <coordinates>2.2087449471555,47.792159918789,961.85710621439</coordinates>
                    </Point>
                </Placemark>
                
                <Placemark>
                    <name>13:49:30 - 109 kts - 3179 ft</name>
                    <visibility>0</visibility>
                    <description>latitude: 47.796723
longitude: 2.208836
altitude: 969 m / 3179 ft
elevation: 110 m / 361 ft
course: 0°
speed: 109 kts
</description>
                    <LookAt>
                        <longitude>2.2088355383516</longitude>
                        <latitude>47.796722956075</latitude>
                        <altitude>0</altitude>
                        <heading>0</heading>
                        <tilt>70</tilt>
                        <range>3000</range>
                        <gx:altitudeMode>relativeToSeaFloor</gx:altitudeMode>
                    </LookAt>
                    <styleUrl>#msn_ylw-pushpin0</styleUrl>
                    <Point>
                        <extrude>1</extrude>
                        <altitudeMode>absolute</altitudeMode>
                        <gx:drawOrder>1</gx:drawOrder>
                        <coordinates>2.2088355383516,47.796722956075,968.87557559274</coordinates>
                    </Point>
                </Placemark>
                
                <Placemark>
                    <name>13:49:39 - 112 kts - 3170 ft</name>
                    <visibility>0</visibility>
                    <description>latitude: 47.801333
longitude: 2.208878
altitude: 966 m / 3170 ft
elevation: 106 m / 348 ft
course: 0°
speed: 112 kts
</description>
                    <LookAt>
                        <longitude>2.2088783739291</longitude>
                        <latitude>47.801332805616</latitude>
                        <altitude>0</altitude>
                        <heading>0</heading>
                        <tilt>70</tilt>
                        <range>3000</range>
                        <gx:altitudeMode>relativeToSeaFloor</gx:altitudeMode>
                    </LookAt>
                    <styleUrl>#msn_ylw-pushpin0</styleUrl>
                    <Point>
                        <extrude>1</extrude>
                        <altitudeMode>absolute</altitudeMode>
                        <gx:drawOrder>1</gx:drawOrder>
                        <coordinates>2.2088783739291,47.801332805616,966.34631242882</coordinates>
                    </Point>
                </Placemark>
                
                <Placemark>
                    <name>13:49:48 - 112 kts - 3164 ft</name>
                    <visibility>0</visibility>
                    <description>latitude: 47.806023
longitude: 2.208970
altitude: 964 m / 3164 ft
elevation: 106 m / 348 ft
course: 1°
speed: 112 kts
</description>
                    <LookAt>
                        <longitude>2.2089695567584</longitude>
                        <latitude>47.806022895261</latitude>
                        <altitude>0</altitude>
                        <heading>0</heading>
                        <tilt>70</tilt>
                        <range>3000</range>
                        <gx:altitudeMode>relativeToSeaFloor</gx:altitudeMode>
                    </LookAt>
                    <styleUrl>#msn_ylw-pushpin0</styleUrl>
                    <Point>
                        <extrude>1</extrude>
                        <altitudeMode>absolute</altitudeMode>
                        <gx:drawOrder>1</gx:drawOrder>
                        <coordinates>2.2089695567584,47.806022895261,964.26218057424</coordinates>
                    </Point>
                </Placemark>
                
                <Placemark>
                    <name>13:49:57 - 110 kts - 3170 ft</name>
                    <visibility>0</visibility>
                    <description>latitude: 47.810642
longitude: 2.209148
altitude: 966 m / 3170 ft
elevation: 103 m / 338 ft
course: 2°
speed: 110 kts
</description>
                    <LookAt>
                        <longitude>2.2091482800284</longitude>
                        <latitude>47.810642426984</latitude>
                        <altitude>0</altitude>
                        <heading>0</heading>
                        <tilt>70</tilt>
                        <range>3000</range>
                        <gx:altitudeMode>relativeToSeaFloor</gx:altitudeMode>
                    </LookAt>
                    <styleUrl>#msn_ylw-pushpin0</styleUrl>
                    <Point>
                        <extrude>1</extrude>
                        <altitudeMode>absolute</altitudeMode>
                        <gx:drawOrder>1</gx:drawOrder>
                        <coordinates>2.2091482800284,47.810642426984,966.31991587579</coordinates>
                    </Point>
                </Placemark>
                
                <Placemark>
                    <name>13:50:06 - 112 kts - 3175 ft</name>
                    <visibility>0</visibility>
                    <description>latitude: 47.815243
longitude: 2.209273
altitude: 968 m / 3175 ft
elevation: 103 m / 338 ft
course: 0°
speed: 112 kts
</description>
                    <LookAt>
                        <longitude>2.2092730013654</longitude>
                        <latitude>47.815242786446</latitude>
                        <altitude>0</altitude>
                        <heading>0</heading>
                        <tilt>70</tilt>
                        <range>3000</range>
                        <gx:altitudeMode>relativeToSeaFloor</gx:altitudeMode>
                    </LookAt>
                    <styleUrl>#msn_ylw-pushpin0</styleUrl>
                    <Point>
                        <extrude>1</extrude>
                        <altitudeMode>absolute</altitudeMode>
                        <gx:drawOrder>1</gx:drawOrder>
                        <coordinates>2.2092730013654,47.815242786446,967.66476732213</coordinates>
                    </Point>
                </Placemark>
                
                <Placemark>
                    <name>13:50:15 - 112 kts - 3157 ft</name>
                    <visibility>0</visibility>
                    <description>latitude: 47.819934
longitude: 2.209313
altitude: 962 m / 3157 ft
elevation: 106 m / 348 ft
course: 0°
speed: 112 kts
</description>
                    <LookAt>
                        <longitude>2.209313357342</longitude>
                        <latitude>47.819933710149</latitude>
                        <altitude>0</altitude>
                        <heading>0</heading>
                        <tilt>70</tilt>
                        <range>3000</range>
                        <gx:altitudeMode>relativeToSeaFloor</gx:altitudeMode>
                    </LookAt>
                    <styleUrl>#msn_ylw-pushpin0</styleUrl>
                    <Point>
                        <extrude>1</extrude>
                        <altitudeMode>absolute</altitudeMode>
                        <gx:drawOrder>1</gx:drawOrder>
                        <coordinates>2.209313357342,47.819933710149,962.1942349514</coordinates>
                    </Point>
                </Placemark>
                
                <Placemark>
                    <name>13:50:24 - 109 kts - 3167 ft</name>
                    <visibility>0</visibility>
                    <description>latitude: 47.824519
longitude: 2.209359
altitude: 965 m / 3167 ft
elevation: 104 m / 341 ft
course: 0°
speed: 109 kts
</description>
                    <LookAt>
                        <longitude>2.2093593205486</longitude>
                        <latitude>47.824518993961</latitude>
                        <altitude>0</altitude>
                        <heading>0</heading>
                        <tilt>70</tilt>
                        <range>3000</range>
                        <gx:altitudeMode>relativeToSeaFloor</gx:altitudeMode>
                    </LookAt>
                    <styleUrl>#msn_ylw-pushpin0</styleUrl>
                    <Point>
                        <extrude>1</extrude>
                        <altitudeMode>absolute</altitudeMode>
                        <gx:drawOrder>1</gx:drawOrder>
                        <coordinates>2.2093593205486,47.824518993961,965.32979700901</coordinates>
                    </Point>
                </Placemark>
                
                <Placemark>
                    <name>13:50:32 - 109 kts - 3180 ft</name>
                    <visibility>0</visibility>
                    <description>latitude: 47.828524
longitude: 2.209379
altitude: 969 m / 3180 ft
elevation: 103 m / 338 ft
course: 360°
speed: 109 kts
</description>
                    <LookAt>
                        <longitude>2.2093793189239</longitude>
                        <latitude>47.828524197857</latitude>
                        <altitude>0</altitude>
                        <heading>0</heading>
                        <tilt>70</tilt>
                        <range>3000</range>
                        <gx:altitudeMode>relativeToSeaFloor</gx:altitudeMode>
                    </LookAt>
                    <styleUrl>#msn_ylw-pushpin0</styleUrl>
                    <Point>
                        <extrude>1</extrude>
                        <altitudeMode>absolute</altitudeMode>
                        <gx:drawOrder>1</gx:drawOrder>
                        <coordinates>2.2093793189239,47.828524197857,969.30134147778</coordinates>
                    </Point>
                </Placemark>
                
                <Placemark>
                    <name>13:50:39 - 111 kts - 3169 ft</name>
                    <visibility>0</visibility>
                    <description>latitude: 47.832093
longitude: 2.209375
altitude: 966 m / 3169 ft
elevation: 103 m / 338 ft
course: 0°
speed: 111 kts
</description>
                    <LookAt>
                        <longitude>2.2093748908891</longitude>
                        <latitude>47.83209260644</latitude>
                        <altitude>0</altitude>
                        <heading>0</heading>
                        <tilt>70</tilt>
                        <range>3000</range>
                        <gx:altitudeMode>relativeToSeaFloor</gx:altitudeMode>
                    </LookAt>
                    <styleUrl>#msn_ylw-pushpin0</styleUrl>
                    <Point>
                        <extrude>1</extrude>
                        <altitudeMode>absolute</altitudeMode>
                        <gx:drawOrder>1</gx:drawOrder>
                        <coordinates>2.2093748908891,47.83209260644,965.81942252815</coordinates>
                    </Point>
                </Placemark>
                
                <Placemark>
                    <name>13:50:48 - 111 kts - 3164 ft</name>
                    <visibility>0</visibility>
                    <description>latitude: 47.836740
longitude: 2.209462
altitude: 964 m / 3164 ft
elevation: 103 m / 338 ft
course: 1°
speed: 111 kts
</description>
                    <LookAt>
                        <longitude>2.2094624014988</longitude>
                        <latitude>47.836740333561</latitude>
                        <altitude>0</altitude>
                        <heading>0</heading>
                        <tilt>70</tilt>
                        <range>3000</range>
                        <gx:altitudeMode>relativeToSeaFloor</gx:altitudeMode>
                    </LookAt>
                    <styleUrl>#msn_ylw-pushpin0</styleUrl>
                    <Point>
                        <extrude>1</extrude>
                        <altitudeMode>absolute</altitudeMode>
                        <gx:drawOrder>1</gx:drawOrder>
                        <coordinates>2.2094624014988,47.836740333561,964.46738699451</coordinates>
                    </Point>
                </Placemark>
                
                <Placemark>
                    <name>13:50:57 - 111 kts - 3159 ft</name>
                    <visibility>0</visibility>
                    <description>latitude: 47.841371
longitude: 2.209519
altitude: 963 m / 3159 ft
elevation: 104 m / 341 ft
course: 0°
speed: 111 kts
</description>
                    <LookAt>
                        <longitude>2.2095187185472</longitude>
                        <latitude>47.841371012209</latitude>
                        <altitude>0</altitude>
                        <heading>0</heading>
                        <tilt>70</tilt>
                        <range>3000</range>
                        <gx:altitudeMode>relativeToSeaFloor</gx:altitudeMode>
                    </LookAt>
                    <styleUrl>#msn_ylw-pushpin0</styleUrl>
                    <Point>
                        <extrude>1</extrude>
                        <altitudeMode>absolute</altitudeMode>
                        <gx:drawOrder>1</gx:drawOrder>
                        <coordinates>2.2095187185472,47.841371012209,962.81518500019</coordinates>
                    </Point>
                </Placemark>
                
                <Placemark>
                    <name>13:51:06 - 109 kts - 3174 ft</name>
                    <visibility>0</visibility>
                    <description>latitude: 47.845926
longitude: 2.209614
altitude: 967 m / 3174 ft
elevation: 106 m / 348 ft
course: 1°
speed: 109 kts
</description>
                    <LookAt>
                        <longitude>2.2096141155539</longitude>
                        <latitude>47.845925638937</latitude>
                        <altitude>0</altitude>
                        <heading>0</heading>
                        <tilt>70</tilt>
                        <range>3000</range>
                        <gx:altitudeMode>relativeToSeaFloor</gx:altitudeMode>
                    </LookAt>
                    <styleUrl>#msn_ylw-pushpin0</styleUrl>
                    <Point>
                        <extrude>1</extrude>
                        <altitudeMode>absolute</altitudeMode>
                        <gx:drawOrder>1</gx:drawOrder>
                        <coordinates>2.2096141155539,47.845925638937,967.43222197238</coordinates>
                    </Point>
                </Placemark>
                
                <Placemark>
                    <name>13:51:10 - 109 kts - 3177 ft</name>
                    <visibility>0</visibility>
                    <description>latitude: 47.847944
longitude: 2.209645
altitude: 968 m / 3177 ft
elevation: 103 m / 338 ft
course: 360°
speed: 109 kts
</description>
                    <LookAt>
                        <longitude>2.2096447818298</longitude>
                        <latitude>47.847943878833</latitude>
                        <altitude>0</altitude>
                        <heading>0</heading>
                        <tilt>70</tilt>
                        <range>3000</range>
                        <gx:altitudeMode>relativeToSeaFloor</gx:altitudeMode>
                    </LookAt>
                    <styleUrl>#msn_ylw-pushpin0</styleUrl>
                    <Point>
                        <extrude>1</extrude>
                        <altitudeMode>absolute</altitudeMode>
                        <gx:drawOrder>1</gx:drawOrder>
                        <coordinates>2.2096447818298,47.847943878833,968.24123383593</coordinates>
                    </Point>
                </Placemark>
                
                <Placemark>
                    <name>13:51:15 - 110 kts - 3171 ft</name>
                    <visibility>0</visibility>
                    <description>latitude: 47.850489
longitude: 2.209667
altitude: 967 m / 3171 ft
elevation: 103 m / 338 ft
course: 0°
speed: 110 kts
</description>
                    <LookAt>
                        <longitude>2.2096667897526</longitude>
                        <latitude>47.850488635883</latitude>
                        <altitude>0</altitude>
                        <heading>0</heading>
                        <tilt>70</tilt>
                        <range>3000</range>
                        <gx:altitudeMode>relativeToSeaFloor</gx:altitudeMode>
                    </LookAt>
                    <styleUrl>#msn_ylw-pushpin0</styleUrl>
                    <Point>
                        <extrude>1</extrude>
                        <altitudeMode>absolute</altitudeMode>
                        <gx:drawOrder>1</gx:drawOrder>
                        <coordinates>2.2096667897526,47.850488635883,966.53345742542</coordinates>
                    </Point>
                </Placemark>
                
                <Placemark>
                    <name>13:51:18 - 111 kts - 3169 ft</name>
                    <visibility>0</visibility>
                    <description>latitude: 47.852027
longitude: 2.209669
altitude: 966 m / 3169 ft
elevation: 106 m / 348 ft
course: 360°
speed: 111 kts
</description>
                    <LookAt>
                        <longitude>2.2096689120189</longitude>
                        <latitude>47.852026615395</latitude>
                        <altitude>0</altitude>
                        <heading>0</heading>
                        <tilt>70</tilt>
                        <range>3000</range>
                        <gx:altitudeMode>relativeToSeaFloor</gx:altitudeMode>
                    </LookAt>
                    <styleUrl>#msn_ylw-pushpin0</styleUrl>
                    <Point>
                        <extrude>1</extrude>
                        <altitudeMode>absolute</altitudeMode>
                        <gx:drawOrder>1</gx:drawOrder>
                        <coordinates>2.2096689120189,47.852026615395,965.8199291043</coordinates>
                    </Point>
                </Placemark>
                
                <Placemark>
                    <name>13:51:27 - 112 kts - 3163 ft</name>
                    <visibility>0</visibility>
                    <description>latitude: 47.856669
longitude: 2.209660
altitude: 964 m / 3163 ft
elevation: 93 m / 305 ft
course: 359°
speed: 112 kts
</description>
                    <LookAt>
                        <longitude>2.2096601697126</longitude>
                        <latitude>47.85666916863</latitude>
                        <altitude>0</altitude>
                        <heading>0</heading>
                        <tilt>70</tilt>
                        <range>3000</range>
                        <gx:altitudeMode>relativeToSeaFloor</gx:altitudeMode>
                    </LookAt>
                    <styleUrl>#msn_ylw-pushpin0</styleUrl>
                    <Point>
                        <extrude>1</extrude>
                        <altitudeMode>absolute</altitudeMode>
                        <gx:drawOrder>1</gx:drawOrder>
                        <coordinates>2.2096601697126,47.85666916863,964.05321281403</coordinates>
                    </Point>
                </Placemark>
                
                <Placemark>
                    <name>13:51:36 - 111 kts - 3161 ft</name>
                    <visibility>0</visibility>
                    <description>latitude: 47.861311
longitude: 2.209647
altitude: 963 m / 3161 ft
elevation: 103 m / 338 ft
course: 359°
speed: 111 kts
</description>
                    <LookAt>
                        <longitude>2.2096470549805</longitude>
                        <latitude>47.861310898659</latitude>
                        <altitude>0</altitude>
                        <heading>0</heading>
                        <tilt>70</tilt>
                        <range>3000</range>
                        <gx:altitudeMode>relativeToSeaFloor</gx:altitudeMode>
                    </LookAt>
                    <styleUrl>#msn_ylw-pushpin0</styleUrl>
                    <Point>
                        <extrude>1</extrude>
                        <altitudeMode>absolute</altitudeMode>
                        <gx:drawOrder>1</gx:drawOrder>
                        <coordinates>2.2096470549805,47.861310898659,963.36077085137</coordinates>
                    </Point>
                </Placemark>
                
                <Placemark>
                    <name>13:51:38 - 111 kts - 3163 ft</name>
                    <visibility>0</visibility>
                    <description>latitude: 47.862335
longitude: 2.209661
altitude: 964 m / 3163 ft
elevation: 103 m / 338 ft
course: 0°
speed: 111 kts
</description>
                    <LookAt>
                        <longitude>2.2096610055761</longitude>
                        <latitude>47.862335429252</latitude>
                        <altitude>0</altitude>
                        <heading>0</heading>
                        <tilt>70</tilt>
                        <range>3000</range>
                        <gx:altitudeMode>relativeToSeaFloor</gx:altitudeMode>
                    </LookAt>
                    <styleUrl>#msn_ylw-pushpin0</styleUrl>
                    <Point>
                        <extrude>1</extrude>
                        <altitudeMode>absolute</altitudeMode>
                        <gx:drawOrder>1</gx:drawOrder>
                        <coordinates>2.2096610055761,47.862335429252,964.02038641274</coordinates>
                    </Point>
                </Placemark>
                
                <Placemark>
                    <name>13:51:47 - 112 kts - 3170 ft</name>
                    <visibility>0</visibility>
                    <description>latitude: 47.866960
longitude: 2.209759
altitude: 966 m / 3170 ft
elevation: 117 m / 384 ft
course: 1°
speed: 112 kts
</description>
                    <LookAt>
                        <longitude>2.2097588349368</longitude>
                        <latitude>47.866959561269</latitude>
                        <altitude>0</altitude>
                        <heading>0</heading>
                        <tilt>70</tilt>
                        <range>3000</range>
                        <gx:altitudeMode>relativeToSeaFloor</gx:altitudeMode>
                    </LookAt>
                    <styleUrl>#msn_ylw-pushpin0</styleUrl>
                    <Point>
                        <extrude>1</extrude>
                        <altitudeMode>absolute</altitudeMode>
                        <gx:drawOrder>1</gx:drawOrder>
                        <coordinates>2.2097588349368,47.866959561269,966.21301145293</coordinates>
                    </Point>
                </Placemark>
                
                <Placemark>
                    <name>13:51:56 - 113 kts - 3164 ft</name>
                    <visibility>0</visibility>
                    <description>latitude: 47.871664
longitude: 2.209860
altitude: 964 m / 3164 ft
elevation: 121 m / 397 ft
course: 360°
speed: 113 kts
</description>
                    <LookAt>
                        <longitude>2.2098600168089</longitude>
                        <latitude>47.871663716373</latitude>
                        <altitude>0</altitude>
                        <heading>0</heading>
                        <tilt>70</tilt>
                        <range>3000</range>
                        <gx:altitudeMode>relativeToSeaFloor</gx:altitudeMode>
                    </LookAt>
                    <styleUrl>#msn_ylw-pushpin0</styleUrl>
                    <Point>
                        <extrude>1</extrude>
                        <altitudeMode>absolute</altitudeMode>
                        <gx:drawOrder>1</gx:drawOrder>
                        <coordinates>2.2098600168089,47.871663716373,964.42982309312</coordinates>
                    </Point>
                </Placemark>
                
                <Placemark>
                    <name>13:52:02 - 113 kts - 3160 ft</name>
                    <visibility>0</visibility>
                    <description>latitude: 47.874807
longitude: 2.209871
altitude: 963 m / 3160 ft
elevation: 117 m / 384 ft
course: 0°
speed: 113 kts
</description>
                    <LookAt>
                        <longitude>2.2098714485513</longitude>
                        <latitude>47.874806551494</latitude>
                        <altitude>0</altitude>
                        <heading>0</heading>
                        <tilt>70</tilt>
                        <range>3000</range>
                        <gx:altitudeMode>relativeToSeaFloor</gx:altitudeMode>
                    </LookAt>
                    <styleUrl>#msn_ylw-pushpin0</styleUrl>
                    <Point>
                        <extrude>1</extrude>
                        <altitudeMode>absolute</altitudeMode>
                        <gx:drawOrder>1</gx:drawOrder>
                        <coordinates>2.2098714485513,47.874806551494,963.18116649054</coordinates>
                    </Point>
                </Placemark>
                
                <Placemark>
                    <name>13:52:11 - 112 kts - 3165 ft</name>
                    <visibility>0</visibility>
                    <description>latitude: 47.879501
longitude: 2.209920
altitude: 965 m / 3165 ft
elevation: 113 m / 371 ft
course: 1°
speed: 112 kts
</description>
                    <LookAt>
                        <longitude>2.2099199782528</longitude>
                        <latitude>47.879501038101</latitude>
                        <altitude>0</altitude>
                        <heading>0</heading>
                        <tilt>70</tilt>
                        <range>3000</range>
                        <gx:altitudeMode>relativeToSeaFloor</gx:altitudeMode>
                    </LookAt>
                    <styleUrl>#msn_ylw-pushpin0</styleUrl>
                    <Point>
                        <extrude>1</extrude>
                        <altitudeMode>absolute</altitudeMode>
                        <gx:drawOrder>1</gx:drawOrder>
                        <coordinates>2.2099199782528,47.879501038101,964.60487092007</coordinates>
                    </Point>
                </Placemark>
                
                <Placemark>
                    <name>13:52:20 - 111 kts - 3165 ft</name>
                    <visibility>0</visibility>
                    <description>latitude: 47.884153
longitude: 2.209973
altitude: 965 m / 3165 ft
elevation: 120 m / 394 ft
course: 1°
speed: 111 kts
</description>
                    <LookAt>
                        <longitude>2.2099727476966</longitude>
                        <latitude>47.884152850359</latitude>
                        <altitude>0</altitude>
                        <heading>0</heading>
                        <tilt>70</tilt>
                        <range>3000</range>
                        <gx:altitudeMode>relativeToSeaFloor</gx:altitudeMode>
                    </LookAt>
                    <styleUrl>#msn_ylw-pushpin0</styleUrl>
                    <Point>
                        <extrude>1</extrude>
                        <altitudeMode>absolute</altitudeMode>
                        <gx:drawOrder>1</gx:drawOrder>
                        <coordinates>2.2099727476966,47.884152850359,964.68581338786</coordinates>
                    </Point>
                </Placemark>
                
                <Placemark>
                    <name>13:52:29 - 112 kts - 3163 ft</name>
                    <visibility>0</visibility>
                    <description>latitude: 47.888801
longitude: 2.210016
altitude: 964 m / 3163 ft
elevation: 121 m / 397 ft
course: 0°
speed: 112 kts
</description>
                    <LookAt>
                        <longitude>2.2100156874021</longitude>
                        <latitude>47.888800950841</latitude>
                        <altitude>0</altitude>
                        <heading>0</heading>
                        <tilt>70</tilt>
                        <range>3000</range>
                        <gx:altitudeMode>relativeToSeaFloor</gx:altitudeMode>
                    </LookAt>
                    <styleUrl>#msn_ylw-pushpin0</styleUrl>
                    <Point>
                        <extrude>1</extrude>
                        <altitudeMode>absolute</altitudeMode>
                        <gx:drawOrder>1</gx:drawOrder>
                        <coordinates>2.2100156874021,47.888800950841,963.9914345555</coordinates>
                    </Point>
                </Placemark>
                
                <Placemark>
                    <name>13:52:33 - 112 kts - 3165 ft</name>
                    <visibility>0</visibility>
                    <description>latitude: 47.890868
longitude: 2.210005
altitude: 965 m / 3165 ft
elevation: 120 m / 394 ft
course: 360°
speed: 112 kts
</description>
                    <LookAt>
                        <longitude>2.2100047887693</longitude>
                        <latitude>47.890867742644</latitude>
                        <altitude>0</altitude>
                        <heading>0</heading>
                        <tilt>70</tilt>
                        <range>3000</range>
                        <gx:altitudeMode>relativeToSeaFloor</gx:altitudeMode>
                    </LookAt>
                    <styleUrl>#msn_ylw-pushpin0</styleUrl>
                    <Point>
                        <extrude>1</extrude>
                        <altitudeMode>absolute</altitudeMode>
                        <gx:drawOrder>1</gx:drawOrder>
                        <coordinates>2.2100047887693,47.890867742644,964.74897748791</coordinates>
                    </Point>
                </Placemark>
                
                <Placemark>
                    <name>13:52:42 - 113 kts - 3170 ft</name>
                    <visibility>0</visibility>
                    <description>latitude: 47.895539
longitude: 2.209977
altitude: 966 m / 3170 ft
elevation: 117 m / 384 ft
course: 360°
speed: 113 kts
</description>
                    <LookAt>
                        <longitude>2.2099768495672</longitude>
                        <latitude>47.895539224806</latitude>
                        <altitude>0</altitude>
                        <heading>0</heading>
                        <tilt>70</tilt>
                        <range>3000</range>
                        <gx:altitudeMode>relativeToSeaFloor</gx:altitudeMode>
                    </LookAt>
                    <styleUrl>#msn_ylw-pushpin0</styleUrl>
                    <Point>
                        <extrude>1</extrude>
                        <altitudeMode>absolute</altitudeMode>
                        <gx:drawOrder>1</gx:drawOrder>
                        <coordinates>2.2099768495672,47.895539224806,966.08503593598</coordinates>
                    </Point>
                </Placemark>
                
                <Placemark>
                    <name>13:52:51 - 116 kts - 3152 ft</name>
                    <visibility>0</visibility>
                    <description>latitude: 47.900339
longitude: 2.210011
altitude: 961 m / 3152 ft
elevation: 127 m / 417 ft
course: 360°
speed: 116 kts
</description>
                    <LookAt>
                        <longitude>2.2100108393406</longitude>
                        <latitude>47.900339485119</latitude>
                        <altitude>0</altitude>
                        <heading>0</heading>
                        <tilt>70</tilt>
                        <range>3000</range>
                        <gx:altitudeMode>relativeToSeaFloor</gx:altitudeMode>
                    </LookAt>
                    <styleUrl>#msn_ylw-pushpin0</styleUrl>
                    <Point>
                        <extrude>1</extrude>
                        <altitudeMode>absolute</altitudeMode>
                        <gx:drawOrder>1</gx:drawOrder>
                        <coordinates>2.2100108393406,47.900339485119,960.61279649474</coordinates>
                    </Point>
                </Placemark>
                
                <Placemark>
                    <name>13:52:58 - 114 kts - 3157 ft</name>
                    <visibility>0</visibility>
                    <description>latitude: 47.904069
longitude: 2.210096
altitude: 962 m / 3157 ft
elevation: 130 m / 427 ft
course: 0°
speed: 114 kts
</description>
                    <LookAt>
                        <longitude>2.2100958319767</longitude>
                        <latitude>47.904068622239</latitude>
                        <altitude>0</altitude>
                        <heading>0</heading>
                        <tilt>70</tilt>
                        <range>3000</range>
                        <gx:altitudeMode>relativeToSeaFloor</gx:altitudeMode>
                    </LookAt>
                    <styleUrl>#msn_ylw-pushpin0</styleUrl>
                    <Point>
                        <extrude>1</extrude>
                        <altitudeMode>absolute</altitudeMode>
                        <gx:drawOrder>1</gx:drawOrder>
                        <coordinates>2.2100958319767,47.904068622239,962.1622844385</coordinates>
                    </Point>
                </Placemark>
                
                <Placemark>
                    <name>13:53:07 - 114 kts - 3164 ft</name>
                    <visibility>0</visibility>
                    <description>latitude: 47.908784
longitude: 2.210271
altitude: 964 m / 3164 ft
elevation: 128 m / 420 ft
course: 1°
speed: 114 kts
</description>
                    <LookAt>
                        <longitude>2.2102713597196</longitude>
                        <latitude>47.908784306592</latitude>
                        <altitude>0</altitude>
                        <heading>0</heading>
                        <tilt>70</tilt>
                        <range>3000</range>
                        <gx:altitudeMode>relativeToSeaFloor</gx:altitudeMode>
                    </LookAt>
                    <styleUrl>#msn_ylw-pushpin0</styleUrl>
                    <Point>
                        <extrude>1</extrude>
                        <altitudeMode>absolute</altitudeMode>
                        <gx:drawOrder>1</gx:drawOrder>
                        <coordinates>2.2102713597196,47.908784306592,964.30044153426</coordinates>
                    </Point>
                </Placemark>
                
                <Placemark>
                    <name>13:53:10 - 114 kts - 3163 ft</name>
                    <visibility>0</visibility>
                    <description>latitude: 47.910364
longitude: 2.210291
altitude: 964 m / 3163 ft
elevation: 131 m / 430 ft
course: 360°
speed: 114 kts
</description>
                    <LookAt>
                        <longitude>2.2102910135461</longitude>
                        <latitude>47.910363802005</latitude>
                        <altitude>0</altitude>
                        <heading>0</heading>
                        <tilt>70</tilt>
                        <range>3000</range>
                        <gx:altitudeMode>relativeToSeaFloor</gx:altitudeMode>
                    </LookAt>
                    <styleUrl>#msn_ylw-pushpin0</styleUrl>
                    <Point>
                        <extrude>1</extrude>
                        <altitudeMode>absolute</altitudeMode>
                        <gx:drawOrder>1</gx:drawOrder>
                        <coordinates>2.2102910135461,47.910363802005,964.19349132385</coordinates>
                    </Point>
                </Placemark>
                
                <Placemark>
                    <name>13:53:14 - 114 kts - 3164 ft</name>
                    <visibility>0</visibility>
                    <description>latitude: 47.912479
longitude: 2.210323
altitude: 964 m / 3164 ft
elevation: 131 m / 430 ft
course: 0°
speed: 114 kts
</description>
                    <LookAt>
                        <longitude>2.2103228068207</longitude>
                        <latitude>47.912479483624</latitude>
                        <altitude>0</altitude>
                        <heading>0</heading>
                        <tilt>70</tilt>
                        <range>3000</range>
                        <gx:altitudeMode>relativeToSeaFloor</gx:altitudeMode>
                    </LookAt>
                    <styleUrl>#msn_ylw-pushpin0</styleUrl>
                    <Point>
                        <extrude>1</extrude>
                        <altitudeMode>absolute</altitudeMode>
                        <gx:drawOrder>1</gx:drawOrder>
                        <coordinates>2.2103228068207,47.912479483624,964.414883513</coordinates>
                    </Point>
                </Placemark>
                
                <Placemark>
                    <name>13:53:15 - 114 kts - 3166 ft</name>
                    <visibility>0</visibility>
                    <description>latitude: 47.913009
longitude: 2.210326
altitude: 965 m / 3166 ft
elevation: 131 m / 430 ft
course: 360°
speed: 114 kts
</description>
                    <LookAt>
                        <longitude>2.2103260347093</longitude>
                        <latitude>47.913008968601</latitude>
                        <altitude>0</altitude>
                        <heading>0</heading>
                        <tilt>70</tilt>
                        <range>3000</range>
                        <gx:altitudeMode>relativeToSeaFloor</gx:altitudeMode>
                    </LookAt>
                    <styleUrl>#msn_ylw-pushpin0</styleUrl>
                    <Point>
                        <extrude>1</extrude>
                        <altitudeMode>absolute</altitudeMode>
                        <gx:drawOrder>1</gx:drawOrder>
                        <coordinates>2.2103260347093,47.913008968601,964.86533816438</coordinates>
                    </Point>
                </Placemark>
                
                <Placemark>
                    <name>13:53:16 - 114 kts - 3168 ft</name>
                    <visibility>0</visibility>
                    <description>latitude: 47.913539
longitude: 2.210343
altitude: 966 m / 3168 ft
elevation: 131 m / 430 ft
course: 0°
speed: 114 kts
</description>
                    <LookAt>
                        <longitude>2.2103433638056</longitude>
                        <latitude>47.913538727088</latitude>
                        <altitude>0</altitude>
                        <heading>0</heading>
                        <tilt>70</tilt>
                        <range>3000</range>
                        <gx:altitudeMode>relativeToSeaFloor</gx:altitudeMode>
                    </LookAt>
                    <styleUrl>#msn_ylw-pushpin0</styleUrl>
                    <Point>
                        <extrude>1</extrude>
                        <altitudeMode>absolute</altitudeMode>
                        <gx:drawOrder>1</gx:drawOrder>
                        <coordinates>2.2103433638056,47.913538727088,965.73663185816</coordinates>
                    </Point>
                </Placemark>
                
                <Placemark>
                    <name>13:53:20 - 115 kts - 3172 ft</name>
                    <visibility>0</visibility>
                    <description>latitude: 47.915664
longitude: 2.210381
altitude: 967 m / 3172 ft
elevation: 130 m / 427 ft
course: 360°
speed: 115 kts
</description>
                    <LookAt>
                        <longitude>2.2103807362581</longitude>
                        <latitude>47.915663872711</latitude>
                        <altitude>0</altitude>
                        <heading>0</heading>
                        <tilt>70</tilt>
                        <range>3000</range>
                        <gx:altitudeMode>relativeToSeaFloor</gx:altitudeMode>
                    </LookAt>
                    <styleUrl>#msn_ylw-pushpin0</styleUrl>
                    <Point>
                        <extrude>1</extrude>
                        <altitudeMode>absolute</altitudeMode>
                        <gx:drawOrder>1</gx:drawOrder>
                        <coordinates>2.2103807362581,47.915663872711,966.95850222092</coordinates>
                    </Point>
                </Placemark>
                
                <Placemark>
                    <name>13:53:22 - 116 kts - 3174 ft</name>
                    <visibility>0</visibility>
                    <description>latitude: 47.916731
longitude: 2.210408
altitude: 967 m / 3174 ft
elevation: 124 m / 407 ft
course: 1°
speed: 116 kts
</description>
                    <LookAt>
                        <longitude>2.2104082642599</longitude>
                        <latitude>47.916730671979</latitude>
                        <altitude>0</altitude>
                        <heading>0</heading>
                        <tilt>70</tilt>
                        <range>3000</range>
                        <gx:altitudeMode>relativeToSeaFloor</gx:altitudeMode>
                    </LookAt>
                    <styleUrl>#msn_ylw-pushpin0</styleUrl>
                    <Point>
                        <extrude>1</extrude>
                        <altitudeMode>absolute</altitudeMode>
                        <gx:drawOrder>1</gx:drawOrder>
                        <coordinates>2.2104082642599,47.916730671979,967.45367934648</coordinates>
                    </Point>
                </Placemark>
                
                <Placemark>
                    <name>13:53:31 - 117 kts - 3145 ft</name>
                    <visibility>0</visibility>
                    <description>latitude: 47.921592
longitude: 2.210508
altitude: 959 m / 3145 ft
elevation: 128 m / 420 ft
course: 0°
speed: 117 kts
</description>
                    <LookAt>
                        <longitude>2.2105080844429</longitude>
                        <latitude>47.921591894993</latitude>
                        <altitude>0</altitude>
                        <heading>0</heading>
                        <tilt>70</tilt>
                        <range>3000</range>
                        <gx:altitudeMode>relativeToSeaFloor</gx:altitudeMode>
                    </LookAt>
                    <styleUrl>#msn_ylw-pushpin0</styleUrl>
                    <Point>
                        <extrude>1</extrude>
                        <altitudeMode>absolute</altitudeMode>
                        <gx:drawOrder>1</gx:drawOrder>
                        <coordinates>2.2105080844429,47.921591894993,958.72291589342</coordinates>
                    </Point>
                </Placemark>
                
                <Placemark>
                    <name>13:53:40 - 113 kts - 3167 ft</name>
                    <visibility>0</visibility>
                    <description>latitude: 47.926349
longitude: 2.210530
altitude: 965 m / 3167 ft
elevation: 113 m / 371 ft
course: 0°
speed: 113 kts
</description>
                    <LookAt>
                        <longitude>2.2105301815417</longitude>
                        <latitude>47.926348836169</latitude>
                        <altitude>0</altitude>
                        <heading>0</heading>
                        <tilt>70</tilt>
                        <range>3000</range>
                        <gx:altitudeMode>relativeToSeaFloor</gx:altitudeMode>
                    </LookAt>
                    <styleUrl>#msn_ylw-pushpin0</styleUrl>
                    <Point>
                        <extrude>1</extrude>
                        <altitudeMode>absolute</altitudeMode>
                        <gx:drawOrder>1</gx:drawOrder>
                        <coordinates>2.2105301815417,47.926348836169,965.16757263802</coordinates>
                    </Point>
                </Placemark>
                
                <Placemark>
                    <name>13:53:41 - 113 kts - 3169 ft</name>
                    <visibility>0</visibility>
                    <description>latitude: 47.926869
longitude: 2.210527
altitude: 966 m / 3169 ft
elevation: 113 m / 371 ft
course: 360°
speed: 113 kts
</description>
                    <LookAt>
                        <longitude>2.2105271830454</longitude>
                        <latitude>47.926869433104</latitude>
                        <altitude>0</altitude>
                        <heading>0</heading>
                        <tilt>70</tilt>
                        <range>3000</range>
                        <gx:altitudeMode>relativeToSeaFloor</gx:altitudeMode>
                    </LookAt>
                    <styleUrl>#msn_ylw-pushpin0</styleUrl>
                    <Point>
                        <extrude>1</extrude>
                        <altitudeMode>absolute</altitudeMode>
                        <gx:drawOrder>1</gx:drawOrder>
                        <coordinates>2.2105271830454,47.926869433104,965.81856783945</coordinates>
                    </Point>
                </Placemark>
                
                <Placemark>
                    <name>13:53:42 - 113 kts - 3170 ft</name>
                    <visibility>0</visibility>
                    <description>latitude: 47.927391
longitude: 2.210530
altitude: 966 m / 3170 ft
elevation: 113 m / 371 ft
course: 0°
speed: 113 kts
</description>
                    <LookAt>
                        <longitude>2.2105296191547</longitude>
                        <latitude>47.927390509537</latitude>
                        <altitude>0</altitude>
                        <heading>0</heading>
                        <tilt>70</tilt>
                        <range>3000</range>
                        <gx:altitudeMode>relativeToSeaFloor</gx:altitudeMode>
                    </LookAt>
                    <styleUrl>#msn_ylw-pushpin0</styleUrl>
                    <Point>
                        <extrude>1</extrude>
                        <altitudeMode>absolute</altitudeMode>
                        <gx:drawOrder>1</gx:drawOrder>
                        <coordinates>2.2105296191547,47.927390509537,966.09713937715</coordinates>
                    </Point>
                </Placemark>
                
                <Placemark>
                    <name>13:53:43 - 113 kts - 3170 ft</name>
                    <visibility>0</visibility>
                    <description>latitude: 47.927912
longitude: 2.210517
altitude: 966 m / 3170 ft
elevation: 111 m / 364 ft
course: 360°
speed: 113 kts
</description>
                    <LookAt>
                        <longitude>2.2105166956129</longitude>
                        <latitude>47.927911659108</latitude>
                        <altitude>0</altitude>
                        <heading>0</heading>
                        <tilt>70</tilt>
                        <range>3000</range>
                        <gx:altitudeMode>relativeToSeaFloor</gx:altitudeMode>
                    </LookAt>
                    <styleUrl>#msn_ylw-pushpin0</styleUrl>
                    <Point>
                        <extrude>1</extrude>
                        <altitudeMode>absolute</altitudeMode>
                        <gx:drawOrder>1</gx:drawOrder>
                        <coordinates>2.2105166956129,47.927911659108,966.19781133905</coordinates>
                    </Point>
                </Placemark>
                
                <Placemark>
                    <name>13:53:47 - 114 kts - 3161 ft</name>
                    <visibility>0</visibility>
                    <description>latitude: 47.930005
longitude: 2.210507
altitude: 963 m / 3161 ft
elevation: 109 m / 358 ft
course: 0°
speed: 114 kts
</description>
                    <LookAt>
                        <longitude>2.2105065455568</longitude>
                        <latitude>47.930004818254</latitude>
                        <altitude>0</altitude>
                        <heading>0</heading>
                        <tilt>70</tilt>
                        <range>3000</range>
                        <gx:altitudeMode>relativeToSeaFloor</gx:altitudeMode>
                    </LookAt>
                    <styleUrl>#msn_ylw-pushpin0</styleUrl>
                    <Point>
                        <extrude>1</extrude>
                        <altitudeMode>absolute</altitudeMode>
                        <gx:drawOrder>1</gx:drawOrder>
                        <coordinates>2.2105065455568,47.930004818254,963.44840801228</coordinates>
                    </Point>
                </Placemark>
                
                <Placemark>
                    <name>13:53:56 - 113 kts - 3142 ft</name>
                    <visibility>0</visibility>
                    <description>latitude: 47.934748
longitude: 2.210601
altitude: 958 m / 3142 ft
elevation: 114 m / 374 ft
course: 1°
speed: 113 kts
</description>
                    <LookAt>
                        <longitude>2.2106006903724</longitude>
                        <latitude>47.934747786632</latitude>
                        <altitude>0</altitude>
                        <heading>0</heading>
                        <tilt>70</tilt>
                        <range>3000</range>
                        <gx:altitudeMode>relativeToSeaFloor</gx:altitudeMode>
                    </LookAt>
                    <styleUrl>#msn_ylw-pushpin0</styleUrl>
                    <Point>
                        <extrude>1</extrude>
                        <altitudeMode>absolute</altitudeMode>
                        <gx:drawOrder>1</gx:drawOrder>
                        <coordinates>2.2106006903724,47.934747786632,957.65054062195</coordinates>
                    </Point>
                </Placemark>
                
                <Placemark>
                    <name>13:54:04 - 108 kts - 3168 ft</name>
                    <visibility>0</visibility>
                    <description>latitude: 47.938800
longitude: 2.210644
altitude: 966 m / 3168 ft
elevation: 117 m / 384 ft
course: 360°
speed: 108 kts
</description>
                    <LookAt>
                        <longitude>2.2106443774552</longitude>
                        <latitude>47.938799960722</latitude>
                        <altitude>0</altitude>
                        <heading>0</heading>
                        <tilt>70</tilt>
                        <range>3000</range>
                        <gx:altitudeMode>relativeToSeaFloor</gx:altitudeMode>
                    </LookAt>
                    <styleUrl>#msn_ylw-pushpin0</styleUrl>
                    <Point>
                        <extrude>1</extrude>
                        <altitudeMode>absolute</altitudeMode>
                        <gx:drawOrder>1</gx:drawOrder>
                        <coordinates>2.2106443774552,47.938799960722,965.72872911766</coordinates>
                    </Point>
                </Placemark>
                
                <Placemark>
                    <name>13:54:13 - 109 kts - 3168 ft</name>
                    <visibility>0</visibility>
                    <description>latitude: 47.943298
longitude: 2.210610
altitude: 966 m / 3168 ft
elevation: 121 m / 397 ft
course: 0°
speed: 109 kts
</description>
                    <LookAt>
                        <longitude>2.2106099632367</longitude>
                        <latitude>47.943297504562</latitude>
                        <altitude>0</altitude>
                        <heading>0</heading>
                        <tilt>70</tilt>
                        <range>3000</range>
                        <gx:altitudeMode>relativeToSeaFloor</gx:altitudeMode>
                    </LookAt>
                    <styleUrl>#msn_ylw-pushpin0</styleUrl>
                    <Point>
                        <extrude>1</extrude>
                        <altitudeMode>absolute</altitudeMode>
                        <gx:drawOrder>1</gx:drawOrder>
                        <coordinates>2.2106099632367,47.943297504562,965.7477490278</coordinates>
                    </Point>
                </Placemark>
                
                <Placemark>
                    <name>13:54:22 - 109 kts - 3160 ft</name>
                    <visibility>0</visibility>
                    <description>latitude: 47.947853
longitude: 2.210671
altitude: 963 m / 3160 ft
elevation: 128 m / 420 ft
course: 1°
speed: 109 kts
</description>
                    <LookAt>
                        <longitude>2.2106705708052</longitude>
                        <latitude>47.94785275119</latitude>
                        <altitude>0</altitude>
                        <heading>0</heading>
                        <tilt>70</tilt>
                        <range>3000</range>
                        <gx:altitudeMode>relativeToSeaFloor</gx:altitudeMode>
                    </LookAt>
                    <styleUrl>#msn_ylw-pushpin0</styleUrl>
                    <Point>
                        <extrude>1</extrude>
                        <altitudeMode>absolute</altitudeMode>
                        <gx:drawOrder>1</gx:drawOrder>
                        <coordinates>2.2106705708052,47.94785275119,963.14490058832</coordinates>
                    </Point>
                </Placemark>
                
                <Placemark>
                    <name>13:54:31 - 108 kts - 3166 ft</name>
                    <visibility>0</visibility>
                    <description>latitude: 47.952363
longitude: 2.210749
altitude: 965 m / 3166 ft
elevation: 131 m / 430 ft
course: 1°
speed: 108 kts
</description>
                    <LookAt>
                        <longitude>2.2107487600086</longitude>
                        <latitude>47.952362824497</latitude>
                        <altitude>0</altitude>
                        <heading>0</heading>
                        <tilt>70</tilt>
                        <range>3000</range>
                        <gx:altitudeMode>relativeToSeaFloor</gx:altitudeMode>
                    </LookAt>
                    <styleUrl>#msn_ylw-pushpin0</styleUrl>
                    <Point>
                        <extrude>1</extrude>
                        <altitudeMode>absolute</altitudeMode>
                        <gx:drawOrder>1</gx:drawOrder>
                        <coordinates>2.2107487600086,47.952362824497,965.03977317642</coordinates>
                    </Point>
                </Placemark>
                
                <Placemark>
                    <name>13:54:41 - 107 kts - 3168 ft</name>
                    <visibility>0</visibility>
                    <description>latitude: 47.957352
longitude: 2.210815
altitude: 966 m / 3168 ft
elevation: 132 m / 433 ft
course: 360°
speed: 107 kts
</description>
                    <LookAt>
                        <longitude>2.210814827783</longitude>
                        <latitude>47.957352407089</latitude>
                        <altitude>0</altitude>
                        <heading>0</heading>
                        <tilt>70</tilt>
                        <range>3000</range>
                        <gx:altitudeMode>relativeToSeaFloor</gx:altitudeMode>
                    </LookAt>
                    <styleUrl>#msn_ylw-pushpin0</styleUrl>
                    <Point>
                        <extrude>1</extrude>
                        <altitudeMode>absolute</altitudeMode>
                        <gx:drawOrder>1</gx:drawOrder>
                        <coordinates>2.210814827783,47.957352407089,965.63414044771</coordinates>
                    </Point>
                </Placemark>
                
                <Placemark>
                    <name>13:54:43 - 107 kts - 3172 ft</name>
                    <visibility>0</visibility>
                    <description>latitude: 47.958342
longitude: 2.210813
altitude: 967 m / 3172 ft
elevation: 134 m / 440 ft
course: 0°
speed: 107 kts
</description>
                    <LookAt>
                        <longitude>2.2108128212306</longitude>
                        <latitude>47.958341956031</latitude>
                        <altitude>0</altitude>
                        <heading>0</heading>
                        <tilt>70</tilt>
                        <range>3000</range>
                        <gx:altitudeMode>relativeToSeaFloor</gx:altitudeMode>
                    </LookAt>
                    <styleUrl>#msn_ylw-pushpin0</styleUrl>
                    <Point>
                        <extrude>1</extrude>
                        <altitudeMode>absolute</altitudeMode>
                        <gx:drawOrder>1</gx:drawOrder>
                        <coordinates>2.2108128212306,47.958341956031,966.93544007</coordinates>
                    </Point>
                </Placemark>
                
                <Placemark>
                    <name>13:54:44 - 107 kts - 3175 ft</name>
                    <visibility>0</visibility>
                    <description>latitude: 47.958837
longitude: 2.210804
altitude: 968 m / 3175 ft
elevation: 134 m / 440 ft
course: 360°
speed: 107 kts
</description>
                    <LookAt>
                        <longitude>2.2108043653076</longitude>
                        <latitude>47.958836583936</latitude>
                        <altitude>0</altitude>
                        <heading>0</heading>
                        <tilt>70</tilt>
                        <range>3000</range>
                        <gx:altitudeMode>relativeToSeaFloor</gx:altitudeMode>
                    </LookAt>
                    <styleUrl>#msn_ylw-pushpin0</styleUrl>
                    <Point>
                        <extrude>1</extrude>
                        <altitudeMode>absolute</altitudeMode>
                        <gx:drawOrder>1</gx:drawOrder>
                        <coordinates>2.2108043653076,47.958836583936,967.81752771232</coordinates>
                    </Point>
                </Placemark>
                
                <Placemark>
                    <name>13:54:46 - 107 kts - 3177 ft</name>
                    <visibility>0</visibility>
                    <description>latitude: 47.959831
longitude: 2.210808
altitude: 968 m / 3177 ft
elevation: 134 m / 440 ft
course: 0°
speed: 107 kts
</description>
                    <LookAt>
                        <longitude>2.2108080316076</longitude>
                        <latitude>47.959830728122</latitude>
                        <altitude>0</altitude>
                        <heading>0</heading>
                        <tilt>70</tilt>
                        <range>3000</range>
                        <gx:altitudeMode>relativeToSeaFloor</gx:altitudeMode>
                    </LookAt>
                    <styleUrl>#msn_ylw-pushpin0</styleUrl>
                    <Point>
                        <extrude>1</extrude>
                        <altitudeMode>absolute</altitudeMode>
                        <gx:drawOrder>1</gx:drawOrder>
                        <coordinates>2.2108080316076,47.959830728122,968.3956197286</coordinates>
                    </Point>
                </Placemark>
                
                <Placemark>
                    <name>13:54:54 - 110 kts - 3166 ft</name>
                    <visibility>0</visibility>
                    <description>latitude: 47.964357
longitude: 2.210868
altitude: 965 m / 3166 ft
elevation: 128 m / 420 ft
course: 1°
speed: 110 kts
</description>
                    <LookAt>
                        <longitude>2.210867602175</longitude>
                        <latitude>47.9643571969</latitude>
                        <altitude>0</altitude>
                        <heading>0</heading>
                        <tilt>70</tilt>
                        <range>3000</range>
                        <gx:altitudeMode>relativeToSeaFloor</gx:altitudeMode>
                    </LookAt>
                    <styleUrl>#msn_ylw-pushpin0</styleUrl>
                    <Point>
                        <extrude>1</extrude>
                        <altitudeMode>absolute</altitudeMode>
                        <gx:drawOrder>1</gx:drawOrder>
                        <coordinates>2.210867602175,47.9643571969,964.95418605674</coordinates>
                    </Point>
                </Placemark>
                
                <Placemark>
                    <name>13:55:03 - 111 kts - 3177 ft</name>
                    <visibility>0</visibility>
                    <description>latitude: 47.968931
longitude: 2.210976
altitude: 968 m / 3177 ft
elevation: 117 m / 384 ft
course: 1°
speed: 111 kts
</description>
                    <LookAt>
                        <longitude>2.2109759339719</longitude>
                        <latitude>47.968930898314</latitude>
                        <altitude>0</altitude>
                        <heading>0</heading>
                        <tilt>70</tilt>
                        <range>3000</range>
                        <gx:altitudeMode>relativeToSeaFloor</gx:altitudeMode>
                    </LookAt>
                    <styleUrl>#msn_ylw-pushpin0</styleUrl>
                    <Point>
                        <extrude>1</extrude>
                        <altitudeMode>absolute</altitudeMode>
                        <gx:drawOrder>1</gx:drawOrder>
                        <coordinates>2.2109759339719,47.968930898314,968.47759527061</coordinates>
                    </Point>
                </Placemark>
                
                <Placemark>
                    <name>13:55:13 - 113 kts - 3174 ft</name>
                    <visibility>0</visibility>
                    <description>latitude: 47.973589
longitude: 2.211123
altitude: 967 m / 3174 ft
elevation: 118 m / 387 ft
course: 1°
speed: 113 kts
</description>
                    <LookAt>
                        <longitude>2.2111229737324</longitude>
                        <latitude>47.973589297601</latitude>
                        <altitude>0</altitude>
                        <heading>0</heading>
                        <tilt>70</tilt>
                        <range>3000</range>
                        <gx:altitudeMode>relativeToSeaFloor</gx:altitudeMode>
                    </LookAt>
                    <styleUrl>#msn_ylw-pushpin0</styleUrl>
                    <Point>
                        <extrude>1</extrude>
                        <altitudeMode>absolute</altitudeMode>
                        <gx:drawOrder>1</gx:drawOrder>
                        <coordinates>2.2111229737324,47.973589297601,967.47591783013</coordinates>
                    </Point>
                </Placemark>
                
                <Placemark>
                    <name>13:55:22 - 114 kts - 3173 ft</name>
                    <visibility>0</visibility>
                    <description>latitude: 47.978320
longitude: 2.211253
altitude: 967 m / 3173 ft
elevation: 117 m / 384 ft
course: 1°
speed: 114 kts
</description>
                    <LookAt>
                        <longitude>2.2112533565131</longitude>
                        <latitude>47.978320259324</latitude>
                        <altitude>0</altitude>
                        <heading>0</heading>
                        <tilt>70</tilt>
                        <range>3000</range>
                        <gx:altitudeMode>relativeToSeaFloor</gx:altitudeMode>
                    </LookAt>
                    <styleUrl>#msn_ylw-pushpin0</styleUrl>
                    <Point>
                        <extrude>1</extrude>
                        <altitudeMode>absolute</altitudeMode>
                        <gx:drawOrder>1</gx:drawOrder>
                        <coordinates>2.2112533565131,47.978320259324,967.21655346267</coordinates>
                    </Point>
                </Placemark>
                
                <Placemark>
                    <name>13:55:31 - 115 kts - 3164 ft</name>
                    <visibility>0</visibility>
                    <description>latitude: 47.983084
longitude: 2.211343
altitude: 964 m / 3164 ft
elevation: 113 m / 371 ft
course: 1°
speed: 115 kts
</description>
                    <LookAt>
                        <longitude>2.2113433763146</longitude>
                        <latitude>47.983084090855</latitude>
                        <altitude>0</altitude>
                        <heading>0</heading>
                        <tilt>70</tilt>
                        <range>3000</range>
                        <gx:altitudeMode>relativeToSeaFloor</gx:altitudeMode>
                    </LookAt>
                    <styleUrl>#msn_ylw-pushpin0</styleUrl>
                    <Point>
                        <extrude>1</extrude>
                        <altitudeMode>absolute</altitudeMode>
                        <gx:drawOrder>1</gx:drawOrder>
                        <coordinates>2.2113433763146,47.983084090855,964.25185525324</coordinates>
                    </Point>
                </Placemark>
                
                <Placemark>
                    <name>13:55:40 - 113 kts - 3167 ft</name>
                    <visibility>0</visibility>
                    <description>latitude: 47.987826
longitude: 2.211416
altitude: 965 m / 3167 ft
elevation: 111 m / 364 ft
course: 0°
speed: 113 kts
</description>
                    <LookAt>
                        <longitude>2.2114159159312</longitude>
                        <latitude>47.987826185034</latitude>
                        <altitude>0</altitude>
                        <heading>0</heading>
                        <tilt>70</tilt>
                        <range>3000</range>
                        <gx:altitudeMode>relativeToSeaFloor</gx:altitudeMode>
                    </LookAt>
                    <styleUrl>#msn_ylw-pushpin0</styleUrl>
                    <Point>
                        <extrude>1</extrude>
                        <altitudeMode>absolute</altitudeMode>
                        <gx:drawOrder>1</gx:drawOrder>
                        <coordinates>2.2114159159312,47.987826185034,965.2202059906</coordinates>
                    </Point>
                </Placemark>
                
                <Placemark>
                    <name>13:55:46 - 113 kts - 3166 ft</name>
                    <visibility>0</visibility>
                    <description>latitude: 47.990962
longitude: 2.211431
altitude: 965 m / 3166 ft
elevation: 117 m / 384 ft
course: 360°
speed: 113 kts
</description>
                    <LookAt>
                        <longitude>2.2114312360573</longitude>
                        <latitude>47.990961531135</latitude>
                        <altitude>0</altitude>
                        <heading>0</heading>
                        <tilt>70</tilt>
                        <range>3000</range>
                        <gx:altitudeMode>relativeToSeaFloor</gx:altitudeMode>
                    </LookAt>
                    <styleUrl>#msn_ylw-pushpin0</styleUrl>
                    <Point>
                        <extrude>1</extrude>
                        <altitudeMode>absolute</altitudeMode>
                        <gx:drawOrder>1</gx:drawOrder>
                        <coordinates>2.2114312360573,47.990961531135,964.943257696</coordinates>
                    </Point>
                </Placemark>
                
                <Placemark>
                    <name>13:55:47 - 112 kts - 3167 ft</name>
                    <visibility>0</visibility>
                    <description>latitude: 47.991480
longitude: 2.211435
altitude: 965 m / 3167 ft
elevation: 117 m / 384 ft
course: 0°
speed: 112 kts
</description>
                    <LookAt>
                        <longitude>2.2114346308424</longitude>
                        <latitude>47.991479986219</latitude>
                        <altitude>0</altitude>
                        <heading>0</heading>
                        <tilt>70</tilt>
                        <range>3000</range>
                        <gx:altitudeMode>relativeToSeaFloor</gx:altitudeMode>
                    </LookAt>
                    <styleUrl>#msn_ylw-pushpin0</styleUrl>
                    <Point>
                        <extrude>1</extrude>
                        <altitudeMode>absolute</altitudeMode>
                        <gx:drawOrder>1</gx:drawOrder>
                        <coordinates>2.2114346308424,47.991479986219,965.23048365954</coordinates>
                    </Point>
                </Placemark>
                
                <Placemark>
                    <name>13:55:49 - 112 kts - 3169 ft</name>
                    <visibility>0</visibility>
                    <description>latitude: 47.992517
longitude: 2.211419
altitude: 966 m / 3169 ft
elevation: 120 m / 394 ft
course: 360°
speed: 112 kts
</description>
                    <LookAt>
                        <longitude>2.2114193780296</longitude>
                        <latitude>47.992516556108</latitude>
                        <altitude>0</altitude>
                        <heading>0</heading>
                        <tilt>70</tilt>
                        <range>3000</range>
                        <gx:altitudeMode>relativeToSeaFloor</gx:altitudeMode>
                    </LookAt>
                    <styleUrl>#msn_ylw-pushpin0</styleUrl>
                    <Point>
                        <extrude>1</extrude>
                        <altitudeMode>absolute</altitudeMode>
                        <gx:drawOrder>1</gx:drawOrder>
                        <coordinates>2.2114193780296,47.992516556108,965.92976151593</coordinates>
                    </Point>
                </Placemark>
                
                <Placemark>
                    <name>13:55:56 - 112 kts - 3168 ft</name>
                    <visibility>0</visibility>
                    <description>latitude: 47.996135
longitude: 2.211402
altitude: 965 m / 3168 ft
elevation: 118 m / 387 ft
course: 0°
speed: 112 kts
</description>
                    <LookAt>
                        <longitude>2.2114017366583</longitude>
                        <latitude>47.996134956677</latitude>
                        <altitude>0</altitude>
                        <heading>0</heading>
                        <tilt>70</tilt>
                        <range>3000</range>
                        <gx:altitudeMode>relativeToSeaFloor</gx:altitudeMode>
                    </LookAt>
                    <styleUrl>#msn_ylw-pushpin0</styleUrl>
                    <Point>
                        <extrude>1</extrude>
                        <altitudeMode>absolute</altitudeMode>
                        <gx:drawOrder>1</gx:drawOrder>
                        <coordinates>2.2114017366583,47.996134956677,965.48314249795</coordinates>
                    </Point>
                </Placemark>
                
                <Placemark>
                    <name>13:55:57 - 112 kts - 3167 ft</name>
                    <visibility>0</visibility>
                    <description>latitude: 47.996653
longitude: 2.211398
altitude: 965 m / 3167 ft
elevation: 118 m / 387 ft
course: 360°
speed: 112 kts
</description>
                    <LookAt>
                        <longitude>2.2113978882582</longitude>
                        <latitude>47.996653150356</latitude>
                        <altitude>0</altitude>
                        <heading>0</heading>
                        <tilt>70</tilt>
                        <range>3000</range>
                        <gx:altitudeMode>relativeToSeaFloor</gx:altitudeMode>
                    </LookAt>
                    <styleUrl>#msn_ylw-pushpin0</styleUrl>
                    <Point>
                        <extrude>1</extrude>
                        <altitudeMode>absolute</altitudeMode>
                        <gx:drawOrder>1</gx:drawOrder>
                        <coordinates>2.2113978882582,47.996653150356,965.28431754</coordinates>
                    </Point>
                </Placemark>
                
                <Placemark>
                    <name>13:55:58 - 112 kts - 3166 ft</name>
                    <visibility>0</visibility>
                    <description>latitude: 47.997169
longitude: 2.211400
altitude: 965 m / 3166 ft
elevation: 118 m / 387 ft
course: 0°
speed: 112 kts
</description>
                    <LookAt>
                        <longitude>2.2113996011007</longitude>
                        <latitude>47.997169120235</latitude>
                        <altitude>0</altitude>
                        <heading>0</heading>
                        <tilt>70</tilt>
                        <range>3000</range>
                        <gx:altitudeMode>relativeToSeaFloor</gx:altitudeMode>
                    </LookAt>
                    <styleUrl>#msn_ylw-pushpin0</styleUrl>
                    <Point>
                        <extrude>1</extrude>
                        <altitudeMode>absolute</altitudeMode>
                        <gx:drawOrder>1</gx:drawOrder>
                        <coordinates>2.2113996011007,47.997169120235,964.86080774479</coordinates>
                    </Point>
                </Placemark>
                
                <Placemark>
                    <name>13:56:07 - 112 kts - 3157 ft</name>
                    <visibility>0</visibility>
                    <description>latitude: 48.001848
longitude: 2.211417
altitude: 962 m / 3157 ft
elevation: 138 m / 453 ft
course: 0°
speed: 112 kts
</description>
                    <LookAt>
                        <longitude>2.2114172918369</longitude>
                        <latitude>48.001847965107</latitude>
                        <altitude>0</altitude>
                        <heading>0</heading>
                        <tilt>70</tilt>
                        <range>3000</range>
                        <gx:altitudeMode>relativeToSeaFloor</gx:altitudeMode>
                    </LookAt>
                    <styleUrl>#msn_ylw-pushpin0</styleUrl>
                    <Point>
                        <extrude>1</extrude>
                        <altitudeMode>absolute</altitudeMode>
                        <gx:drawOrder>1</gx:drawOrder>
                        <coordinates>2.2114172918369,48.001847965107,962.16857236251</coordinates>
                    </Point>
                </Placemark>
                
                <Placemark>
                    <name>13:56:12 - 110 kts - 3165 ft</name>
                    <visibility>0</visibility>
                    <description>latitude: 48.004417
longitude: 2.211420
altitude: 965 m / 3165 ft
elevation: 142 m / 466 ft
course: 360°
speed: 110 kts
</description>
                    <LookAt>
                        <longitude>2.2114195415998</longitude>
                        <latitude>48.004416791857</latitude>
                        <altitude>0</altitude>
                        <heading>0</heading>
                        <tilt>70</tilt>
                        <range>3000</range>
                        <gx:altitudeMode>relativeToSeaFloor</gx:altitudeMode>
                    </LookAt>
                    <styleUrl>#msn_ylw-pushpin0</styleUrl>
                    <Point>
                        <extrude>1</extrude>
                        <altitudeMode>absolute</altitudeMode>
                        <gx:drawOrder>1</gx:drawOrder>
                        <coordinates>2.2114195415998,48.004416791857,964.76811032463</coordinates>
                    </Point>
                </Placemark>
                
                <Placemark>
                    <name>13:56:21 - 109 kts - 3180 ft</name>
                    <visibility>0</visibility>
                    <description>latitude: 48.008979
longitude: 2.211339
altitude: 969 m / 3180 ft
elevation: 143 m / 469 ft
course: 359°
speed: 109 kts
</description>
                    <LookAt>
                        <longitude>2.2113394088039</longitude>
                        <latitude>48.008979418769</latitude>
                        <altitude>0</altitude>
                        <heading>0</heading>
                        <tilt>70</tilt>
                        <range>3000</range>
                        <gx:altitudeMode>relativeToSeaFloor</gx:altitudeMode>
                    </LookAt>
                    <styleUrl>#msn_ylw-pushpin0</styleUrl>
                    <Point>
                        <extrude>1</extrude>
                        <altitudeMode>absolute</altitudeMode>
                        <gx:drawOrder>1</gx:drawOrder>
                        <coordinates>2.2113394088039,48.008979418769,969.33789856266</coordinates>
                    </Point>
                </Placemark>
                
                <Placemark>
                    <name>13:56:30 - 113 kts - 3170 ft</name>
                    <visibility>0</visibility>
                    <description>latitude: 48.013620
longitude: 2.211265
altitude: 966 m / 3170 ft
elevation: 134 m / 440 ft
course: 360°
speed: 113 kts
</description>
                    <LookAt>
                        <longitude>2.2112646469236</longitude>
                        <latitude>48.013620383579</latitude>
                        <altitude>0</altitude>
                        <heading>0</heading>
                        <tilt>70</tilt>
                        <range>3000</range>
                        <gx:altitudeMode>relativeToSeaFloor</gx:altitudeMode>
                    </LookAt>
                    <styleUrl>#msn_ylw-pushpin0</styleUrl>
                    <Point>
                        <extrude>1</extrude>
                        <altitudeMode>absolute</altitudeMode>
                        <gx:drawOrder>1</gx:drawOrder>
                        <coordinates>2.2112646469236,48.013620383579,966.20079658087</coordinates>
                    </Point>
                </Placemark>
                
                <Placemark>
                    <name>13:56:32 - 114 kts - 3170 ft</name>
                    <visibility>0</visibility>
                    <description>latitude: 48.014676
longitude: 2.211266
altitude: 966 m / 3170 ft
elevation: 136 m / 446 ft
course: 0°
speed: 114 kts
</description>
                    <LookAt>
                        <longitude>2.2112657762286</longitude>
                        <latitude>48.014675726896</latitude>
                        <altitude>0</altitude>
                        <heading>0</heading>
                        <tilt>70</tilt>
                        <range>3000</range>
                        <gx:altitudeMode>relativeToSeaFloor</gx:altitudeMode>
                    </LookAt>
                    <styleUrl>#msn_ylw-pushpin0</styleUrl>
                    <Point>
                        <extrude>1</extrude>
                        <altitudeMode>absolute</altitudeMode>
                        <gx:drawOrder>1</gx:drawOrder>
                        <coordinates>2.2112657762286,48.014675726896,966.2239293186</coordinates>
                    </Point>
                </Placemark>
                
                <Placemark>
                    <name>13:56:41 - 117 kts - 3169 ft</name>
                    <visibility>0</visibility>
                    <description>latitude: 48.019480
longitude: 2.211386
altitude: 966 m / 3169 ft
elevation: 138 m / 453 ft
course: 2°
speed: 117 kts
</description>
                    <LookAt>
                        <longitude>2.2113861711918</longitude>
                        <latitude>48.019479929368</latitude>
                        <altitude>0</altitude>
                        <heading>0</heading>
                        <tilt>70</tilt>
                        <range>3000</range>
                        <gx:altitudeMode>relativeToSeaFloor</gx:altitudeMode>
                    </LookAt>
                    <styleUrl>#msn_ylw-pushpin0</styleUrl>
                    <Point>
                        <extrude>1</extrude>
                        <altitudeMode>absolute</altitudeMode>
                        <gx:drawOrder>1</gx:drawOrder>
                        <coordinates>2.2113861711918,48.019479929368,965.94973656256</coordinates>
                    </Point>
                </Placemark>
                
                <Placemark>
                    <name>13:56:50 - 116 kts - 3156 ft</name>
                    <visibility>0</visibility>
                    <description>latitude: 48.024341
longitude: 2.211671
altitude: 962 m / 3156 ft
elevation: 148 m / 486 ft
course: 2°
speed: 116 kts
</description>
                    <LookAt>
                        <longitude>2.2116711282344</longitude>
                        <latitude>48.024340941391</latitude>
                        <altitude>0</altitude>
                        <heading>0</heading>
                        <tilt>70</tilt>
                        <range>3000</range>
                        <gx:altitudeMode>relativeToSeaFloor</gx:altitudeMode>
                    </LookAt>
                    <styleUrl>#msn_ylw-pushpin0</styleUrl>
                    <Point>
                        <extrude>1</extrude>
                        <altitudeMode>absolute</altitudeMode>
                        <gx:drawOrder>1</gx:drawOrder>
                        <coordinates>2.2116711282344,48.024340941391,961.85424289294</coordinates>
                    </Point>
                </Placemark>
                
                <Placemark>
                    <name>13:56:57 - 116 kts - 3159 ft</name>
                    <visibility>0</visibility>
                    <description>latitude: 48.028064
longitude: 2.212187
altitude: 963 m / 3159 ft
elevation: 155 m / 509 ft
course: 8°
speed: 116 kts
</description>
                    <LookAt>
                        <longitude>2.2121873029172</longitude>
                        <latitude>48.02806382115</latitude>
                        <altitude>0</altitude>
                        <heading>0</heading>
                        <tilt>70</tilt>
                        <range>3000</range>
                        <gx:altitudeMode>relativeToSeaFloor</gx:altitudeMode>
                    </LookAt>
                    <styleUrl>#msn_ylw-pushpin0</styleUrl>
                    <Point>
                        <extrude>1</extrude>
                        <altitudeMode>absolute</altitudeMode>
                        <gx:drawOrder>1</gx:drawOrder>
                        <coordinates>2.2121873029172,48.02806382115,962.95257933997</coordinates>
                    </Point>
                </Placemark>
                
                <Placemark>
                    <name>13:57:05 - 113 kts - 3160 ft</name>
                    <visibility>0</visibility>
                    <description>latitude: 48.032765
longitude: 2.213563
altitude: 963 m / 3160 ft
elevation: 149 m / 489 ft
course: 10°
speed: 113 kts
</description>
                    <LookAt>
                        <longitude>2.2135634431274</longitude>
                        <latitude>48.032765243194</latitude>
                        <altitude>0</altitude>
                        <heading>0</heading>
                        <tilt>70</tilt>
                        <range>3000</range>
                        <gx:altitudeMode>relativeToSeaFloor</gx:altitudeMode>
                    </LookAt>
                    <styleUrl>#msn_ylw-pushpin0</styleUrl>
                    <Point>
                        <extrude>1</extrude>
                        <altitudeMode>absolute</altitudeMode>
                        <gx:drawOrder>1</gx:drawOrder>
                        <coordinates>2.2135634431274,48.032765243194,963.26344381087</coordinates>
                    </Point>
                </Placemark>
                
                <Placemark>
                    <name>13:57:09 - 111 kts - 3171 ft</name>
                    <visibility>0</visibility>
                    <description>latitude: 48.034814
longitude: 2.213917
altitude: 966 m / 3171 ft
elevation: 149 m / 489 ft
course: 5°
speed: 111 kts
</description>
                    <LookAt>
                        <longitude>2.2139173224615</longitude>
                        <latitude>48.034813935109</latitude>
                        <altitude>0</altitude>
                        <heading>0</heading>
                        <tilt>70</tilt>
                        <range>3000</range>
                        <gx:altitudeMode>relativeToSeaFloor</gx:altitudeMode>
                    </LookAt>
                    <styleUrl>#msn_ylw-pushpin0</styleUrl>
                    <Point>
                        <extrude>1</extrude>
                        <altitudeMode>absolute</altitudeMode>
                        <gx:drawOrder>1</gx:drawOrder>
                        <coordinates>2.2139173224615,48.034813935109,966.40606771782</coordinates>
                    </Point>
                </Placemark>
                
                <Placemark>
                    <name>13:57:13 - 110 kts - 3172 ft</name>
                    <visibility>0</visibility>
                    <description>latitude: 48.036848
longitude: 2.213955
altitude: 967 m / 3172 ft
elevation: 156 m / 512 ft
course: 359°
speed: 110 kts
</description>
                    <LookAt>
                        <longitude>2.2139545057381</longitude>
                        <latitude>48.036848122783</latitude>
                        <altitude>0</altitude>
                        <heading>0</heading>
                        <tilt>70</tilt>
                        <range>3000</range>
                        <gx:altitudeMode>relativeToSeaFloor</gx:altitudeMode>
                    </LookAt>
                    <styleUrl>#msn_ylw-pushpin0</styleUrl>
                    <Point>
                        <extrude>1</extrude>
                        <altitudeMode>absolute</altitudeMode>
                        <gx:drawOrder>1</gx:drawOrder>
                        <coordinates>2.2139545057381,48.036848122783,966.87613074668</coordinates>
                    </Point>
                </Placemark>
                
                <Placemark>
                    <name>13:57:19 - 109 kts - 3170 ft</name>
                    <visibility>0</visibility>
                    <description>latitude: 48.039373
longitude: 2.213623
altitude: 966 m / 3170 ft
elevation: 163 m / 535 ft
course: 353°
speed: 109 kts
</description>
                    <LookAt>
                        <longitude>2.2136227210189</longitude>
                        <latitude>48.039373342665</latitude>
                        <altitude>0</altitude>
                        <heading>0</heading>
                        <tilt>70</tilt>
                        <range>3000</range>
                        <gx:altitudeMode>relativeToSeaFloor</gx:altitudeMode>
                    </LookAt>
                    <styleUrl>#msn_ylw-pushpin0</styleUrl>
                    <Point>
                        <extrude>1</extrude>
                        <altitudeMode>absolute</altitudeMode>
                        <gx:drawOrder>1</gx:drawOrder>
                        <coordinates>2.2136227210189,48.039373342665,966.31081569474</coordinates>
                    </Point>
                </Placemark>
                
                <Placemark>
                    <name>13:57:28 - 108 kts - 3172 ft</name>
                    <visibility>0</visibility>
                    <description>latitude: 48.043850
longitude: 2.212528
altitude: 967 m / 3172 ft
elevation: 149 m / 489 ft
course: 350°
speed: 108 kts
</description>
                    <LookAt>
                        <longitude>2.2125281385071</longitude>
                        <latitude>48.043849563824</latitude>
                        <altitude>0</altitude>
                        <heading>0</heading>
                        <tilt>70</tilt>
                        <range>3000</range>
                        <gx:altitudeMode>relativeToSeaFloor</gx:altitudeMode>
                    </LookAt>
                    <styleUrl>#msn_ylw-pushpin0</styleUrl>
                    <Point>
                        <extrude>1</extrude>
                        <altitudeMode>absolute</altitudeMode>
                        <gx:drawOrder>1</gx:drawOrder>
                        <coordinates>2.2125281385071,48.043849563824,966.70825470705</coordinates>
                    </Point>
                </Placemark>
                
                <Placemark>
                    <name>13:57:38 - 107 kts - 3177 ft</name>
                    <visibility>0</visibility>
                    <description>latitude: 48.048764
longitude: 2.211293
altitude: 968 m / 3177 ft
elevation: 138 m / 453 ft
course: 350°
speed: 107 kts
</description>
                    <LookAt>
                        <longitude>2.2112925497875</longitude>
                        <latitude>48.048764490024</latitude>
                        <altitude>0</altitude>
                        <heading>0</heading>
                        <tilt>70</tilt>
                        <range>3000</range>
                        <gx:altitudeMode>relativeToSeaFloor</gx:altitudeMode>
                    </LookAt>
                    <styleUrl>#msn_ylw-pushpin0</styleUrl>
                    <Point>
                        <extrude>1</extrude>
                        <altitudeMode>absolute</altitudeMode>
                        <gx:drawOrder>1</gx:drawOrder>
                        <coordinates>2.2112925497875,48.048764490024,968.42373946216</coordinates>
                    </Point>
                </Placemark>
                
                <Placemark>
                    <name>13:57:48 - 108 kts - 3176 ft</name>
                    <visibility>0</visibility>
                    <description>latitude: 48.053641
longitude: 2.209761
altitude: 968 m / 3176 ft
elevation: 132 m / 433 ft
course: 347°
speed: 108 kts
</description>
                    <LookAt>
                        <longitude>2.2097610736874</longitude>
                        <latitude>48.053641195097</latitude>
                        <altitude>0</altitude>
                        <heading>0</heading>
                        <tilt>70</tilt>
                        <range>3000</range>
                        <gx:altitudeMode>relativeToSeaFloor</gx:altitudeMode>
                    </LookAt>
                    <styleUrl>#msn_ylw-pushpin0</styleUrl>
                    <Point>
                        <extrude>1</extrude>
                        <altitudeMode>absolute</altitudeMode>
                        <gx:drawOrder>1</gx:drawOrder>
                        <coordinates>2.2097610736874,48.053641195097,968.12948102783</coordinates>
                    </Point>
                </Placemark>
                
                <Placemark>
                    <name>13:57:57 - 109 kts - 3177 ft</name>
                    <visibility>0</visibility>
                    <description>latitude: 48.058026
longitude: 2.208123
altitude: 968 m / 3177 ft
elevation: 136 m / 446 ft
course: 345°
speed: 109 kts
</description>
                    <LookAt>
                        <longitude>2.2081226024001</longitude>
                        <latitude>48.058026388373</latitude>
                        <altitude>0</altitude>
                        <heading>0</heading>
                        <tilt>70</tilt>
                        <range>3000</range>
                        <gx:altitudeMode>relativeToSeaFloor</gx:altitudeMode>
                    </LookAt>
                    <styleUrl>#msn_ylw-pushpin0</styleUrl>
                    <Point>
                        <extrude>1</extrude>
                        <altitudeMode>absolute</altitudeMode>
                        <gx:drawOrder>1</gx:drawOrder>
                        <coordinates>2.2081226024001,48.058026388373,968.40283916239</coordinates>
                    </Point>
                </Placemark>
                
                <Placemark>
                    <name>13:58:06 - 110 kts - 3180 ft</name>
                    <visibility>0</visibility>
                    <description>latitude: 48.062379
longitude: 2.206251
altitude: 969 m / 3180 ft
elevation: 123 m / 404 ft
course: 343°
speed: 110 kts
</description>
                    <LookAt>
                        <longitude>2.2062508919102</longitude>
                        <latitude>48.062378866435</latitude>
                        <altitude>0</altitude>
                        <heading>0</heading>
                        <tilt>70</tilt>
                        <range>3000</range>
                        <gx:altitudeMode>relativeToSeaFloor</gx:altitudeMode>
                    </LookAt>
                    <styleUrl>#msn_ylw-pushpin0</styleUrl>
                    <Point>
                        <extrude>1</extrude>
                        <altitudeMode>absolute</altitudeMode>
                        <gx:drawOrder>1</gx:drawOrder>
                        <coordinates>2.2062508919102,48.062378866435,969.37374212872</coordinates>
                    </Point>
                </Placemark>
                
                <Placemark>
                    <name>13:58:15 - 111 kts - 3173 ft</name>
                    <visibility>0</visibility>
                    <description>latitude: 48.066786
longitude: 2.204197
altitude: 967 m / 3173 ft
elevation: 117 m / 384 ft
course: 343°
speed: 111 kts
</description>
                    <LookAt>
                        <longitude>2.2041969105285</longitude>
                        <latitude>48.066786040721</latitude>
                        <altitude>0</altitude>
                        <heading>0</heading>
                        <tilt>70</tilt>
                        <range>3000</range>
                        <gx:altitudeMode>relativeToSeaFloor</gx:altitudeMode>
                    </LookAt>
                    <styleUrl>#msn_ylw-pushpin0</styleUrl>
                    <Point>
                        <extrude>1</extrude>
                        <altitudeMode>absolute</altitudeMode>
                        <gx:drawOrder>1</gx:drawOrder>
                        <coordinates>2.2041969105285,48.066786040721,967.03702394105</coordinates>
                    </Point>
                </Placemark>
                
                <Placemark>
                    <name>13:58:24 - 111 kts - 3169 ft</name>
                    <visibility>0</visibility>
                    <description>latitude: 48.071212
longitude: 2.202180
altitude: 966 m / 3169 ft
elevation: 117 m / 384 ft
course: 343°
speed: 111 kts
</description>
                    <LookAt>
                        <longitude>2.2021796479877</longitude>
                        <latitude>48.071211856515</latitude>
                        <altitude>0</altitude>
                        <heading>0</heading>
                        <tilt>70</tilt>
                        <range>3000</range>
                        <gx:altitudeMode>relativeToSeaFloor</gx:altitudeMode>
                    </LookAt>
                    <styleUrl>#msn_ylw-pushpin0</styleUrl>
                    <Point>
                        <extrude>1</extrude>
                        <altitudeMode>absolute</altitudeMode>
                        <gx:drawOrder>1</gx:drawOrder>
                        <coordinates>2.2021796479877,48.071211856515,965.96718700416</coordinates>
                    </Point>
                </Placemark>
                
                <Placemark>
                    <name>13:58:33 - 110 kts - 3172 ft</name>
                    <visibility>0</visibility>
                    <description>latitude: 48.075568
longitude: 2.200008
altitude: 967 m / 3172 ft
elevation: 125 m / 410 ft
course: 341°
speed: 110 kts
</description>
                    <LookAt>
                        <longitude>2.2000084037765</longitude>
                        <latitude>48.075568210459</latitude>
                        <altitude>0</altitude>
                        <heading>0</heading>
                        <tilt>70</tilt>
                        <range>3000</range>
                        <gx:altitudeMode>relativeToSeaFloor</gx:altitudeMode>
                    </LookAt>
                    <styleUrl>#msn_ylw-pushpin0</styleUrl>
                    <Point>
                        <extrude>1</extrude>
                        <altitudeMode>absolute</altitudeMode>
                        <gx:drawOrder>1</gx:drawOrder>
                        <coordinates>2.2000084037765,48.075568210459,966.68960483186</coordinates>
                    </Point>
                </Placemark>
                
                <Placemark>
                    <name>13:58:42 - 110 kts - 3164 ft</name>
                    <visibility>0</visibility>
                    <description>latitude: 48.079900
longitude: 2.197697
altitude: 964 m / 3164 ft
elevation: 124 m / 407 ft
course: 340°
speed: 110 kts
</description>
                    <LookAt>
                        <longitude>2.1976973803557</longitude>
                        <latitude>48.07990028162</latitude>
                        <altitude>0</altitude>
                        <heading>0</heading>
                        <tilt>70</tilt>
                        <range>3000</range>
                        <gx:altitudeMode>relativeToSeaFloor</gx:altitudeMode>
                    </LookAt>
                    <styleUrl>#msn_ylw-pushpin0</styleUrl>
                    <Point>
                        <extrude>1</extrude>
                        <altitudeMode>absolute</altitudeMode>
                        <gx:drawOrder>1</gx:drawOrder>
                        <coordinates>2.1976973803557,48.07990028162,964.35919536464</coordinates>
                    </Point>
                </Placemark>
                
                <Placemark>
                    <name>13:58:51 - 109 kts - 3168 ft</name>
                    <visibility>0</visibility>
                    <description>latitude: 48.084200
longitude: 2.195390
altitude: 966 m / 3168 ft
elevation: 124 m / 407 ft
course: 340°
speed: 109 kts
</description>
                    <LookAt>
                        <longitude>2.1953898573553</longitude>
                        <latitude>48.084200441454</latitude>
                        <altitude>0</altitude>
                        <heading>0</heading>
                        <tilt>70</tilt>
                        <range>3000</range>
                        <gx:altitudeMode>relativeToSeaFloor</gx:altitudeMode>
                    </LookAt>
                    <styleUrl>#msn_ylw-pushpin0</styleUrl>
                    <Point>
                        <extrude>1</extrude>
                        <altitudeMode>absolute</altitudeMode>
                        <gx:drawOrder>1</gx:drawOrder>
                        <coordinates>2.1953898573553,48.084200441454,965.67200965062</coordinates>
                    </Point>
                </Placemark>
                
                <Placemark>
                    <name>13:59:00 - 110 kts - 3168 ft</name>
                    <visibility>0</visibility>
                    <description>latitude: 48.088483
longitude: 2.193083
altitude: 966 m / 3168 ft
elevation: 121 m / 397 ft
course: 340°
speed: 110 kts
</description>
                    <LookAt>
                        <longitude>2.1930826554965</longitude>
                        <latitude>48.088483090031</latitude>
                        <altitude>0</altitude>
                        <heading>0</heading>
                        <tilt>70</tilt>
                        <range>3000</range>
                        <gx:altitudeMode>relativeToSeaFloor</gx:altitudeMode>
                    </LookAt>
                    <styleUrl>#msn_ylw-pushpin0</styleUrl>
                    <Point>
                        <extrude>1</extrude>
                        <altitudeMode>absolute</altitudeMode>
                        <gx:drawOrder>1</gx:drawOrder>
                        <coordinates>2.1930826554965,48.088483090031,965.75667672697</coordinates>
                    </Point>
                </Placemark>
                
                <Placemark>
                    <name>13:59:09 - 110 kts - 3161 ft</name>
                    <visibility>0</visibility>
                    <description>latitude: 48.092812
longitude: 2.190809
altitude: 964 m / 3161 ft
elevation: 113 m / 371 ft
course: 341°
speed: 110 kts
</description>
                    <LookAt>
                        <longitude>2.1908090069217</longitude>
                        <latitude>48.092812101545</latitude>
                        <altitude>0</altitude>
                        <heading>0</heading>
                        <tilt>70</tilt>
                        <range>3000</range>
                        <gx:altitudeMode>relativeToSeaFloor</gx:altitudeMode>
                    </LookAt>
                    <styleUrl>#msn_ylw-pushpin0</styleUrl>
                    <Point>
                        <extrude>1</extrude>
                        <altitudeMode>absolute</altitudeMode>
                        <gx:drawOrder>1</gx:drawOrder>
                        <coordinates>2.1908090069217,48.092812101545,963.55942351185</coordinates>
                    </Point>
                </Placemark>
                
                <Placemark>
                    <name>13:59:17 - 108 kts - 3173 ft</name>
                    <visibility>0</visibility>
                    <description>latitude: 48.097074
longitude: 2.188506
altitude: 967 m / 3173 ft
elevation: 113 m / 371 ft
course: 340°
speed: 108 kts
</description>
                    <LookAt>
                        <longitude>2.1885063030715</longitude>
                        <latitude>48.097074103154</latitude>
                        <altitude>0</altitude>
                        <heading>0</heading>
                        <tilt>70</tilt>
                        <range>3000</range>
                        <gx:altitudeMode>relativeToSeaFloor</gx:altitudeMode>
                    </LookAt>
                    <styleUrl>#msn_ylw-pushpin0</styleUrl>
                    <Point>
                        <extrude>1</extrude>
                        <altitudeMode>absolute</altitudeMode>
                        <gx:drawOrder>1</gx:drawOrder>
                        <coordinates>2.1885063030715,48.097074103154,967.27458824217</coordinates>
                    </Point>
                </Placemark>
                
                <Placemark>
                    <name>13:59:27 - 110 kts - 3179 ft</name>
                    <visibility>0</visibility>
                    <description>latitude: 48.101319
longitude: 2.186137
altitude: 969 m / 3179 ft
elevation: 111 m / 364 ft
course: 340°
speed: 110 kts
</description>
                    <LookAt>
                        <longitude>2.186136843641</longitude>
                        <latitude>48.101318797633</latitude>
                        <altitude>0</altitude>
                        <heading>0</heading>
                        <tilt>70</tilt>
                        <range>3000</range>
                        <gx:altitudeMode>relativeToSeaFloor</gx:altitudeMode>
                    </LookAt>
                    <styleUrl>#msn_ylw-pushpin0</styleUrl>
                    <Point>
                        <extrude>1</extrude>
                        <altitudeMode>absolute</altitudeMode>
                        <gx:drawOrder>1</gx:drawOrder>
                        <coordinates>2.186136843641,48.101318797633,968.91444023978</coordinates>
                    </Point>
                </Placemark>
                
                <Placemark>
                    <name>13:59:36 - 113 kts - 3164 ft</name>
                    <visibility>0</visibility>
                    <description>latitude: 48.105688
longitude: 2.183797
altitude: 964 m / 3164 ft
elevation: 111 m / 364 ft
course: 341°
speed: 113 kts
</description>
                    <LookAt>
                        <longitude>2.1837972093896</longitude>
                        <latitude>48.105687794291</latitude>
                        <altitude>0</altitude>
                        <heading>0</heading>
                        <tilt>70</tilt>
                        <range>3000</range>
                        <gx:altitudeMode>relativeToSeaFloor</gx:altitudeMode>
                    </LookAt>
                    <styleUrl>#msn_ylw-pushpin0</styleUrl>
                    <Point>
                        <extrude>1</extrude>
                        <altitudeMode>absolute</altitudeMode>
                        <gx:drawOrder>1</gx:drawOrder>
                        <coordinates>2.1837972093896,48.105687794291,964.46611560322</coordinates>
                    </Point>
                </Placemark>
                
                <Placemark>
                    <name>13:59:45 - 112 kts - 3160 ft</name>
                    <visibility>0</visibility>
                    <description>latitude: 48.110145
longitude: 2.181574
altitude: 963 m / 3160 ft
elevation: 110 m / 361 ft
course: 342°
speed: 112 kts
</description>
                    <LookAt>
                        <longitude>2.1815744240312</longitude>
                        <latitude>48.11014549986</latitude>
                        <altitude>0</altitude>
                        <heading>0</heading>
                        <tilt>70</tilt>
                        <range>3000</range>
                        <gx:altitudeMode>relativeToSeaFloor</gx:altitudeMode>
                    </LookAt>
                    <styleUrl>#msn_ylw-pushpin0</styleUrl>
                    <Point>
                        <extrude>1</extrude>
                        <altitudeMode>absolute</altitudeMode>
                        <gx:drawOrder>1</gx:drawOrder>
                        <coordinates>2.1815744240312,48.11014549986,963.05397149175</coordinates>
                    </Point>
                </Placemark>
                
                <Placemark>
                    <name>13:59:54 - 110 kts - 3168 ft</name>
                    <visibility>0</visibility>
                    <description>latitude: 48.114510
longitude: 2.179356
altitude: 966 m / 3168 ft
elevation: 109 m / 358 ft
course: 341°
speed: 110 kts
</description>
                    <LookAt>
                        <longitude>2.1793561814948</longitude>
                        <latitude>48.114509767554</latitude>
                        <altitude>0</altitude>
                        <heading>0</heading>
                        <tilt>70</tilt>
                        <range>3000</range>
                        <gx:altitudeMode>relativeToSeaFloor</gx:altitudeMode>
                    </LookAt>
                    <styleUrl>#msn_ylw-pushpin0</styleUrl>
                    <Point>
                        <extrude>1</extrude>
                        <altitudeMode>absolute</altitudeMode>
                        <gx:drawOrder>1</gx:drawOrder>
                        <coordinates>2.1793561814948,48.114509767554,965.54631642718</coordinates>
                    </Point>
                </Placemark>
                
                <Placemark>
                    <name>14:00:03 - 110 kts - 3161 ft</name>
                    <visibility>0</visibility>
                    <description>latitude: 48.118844
longitude: 2.177136
altitude: 964 m / 3161 ft
elevation: 109 m / 358 ft
course: 341°
speed: 110 kts
</description>
                    <LookAt>
                        <longitude>2.1771363843908</longitude>
                        <latitude>48.118843686178</latitude>
                        <altitude>0</altitude>
                        <heading>0</heading>
                        <tilt>70</tilt>
                        <range>3000</range>
                        <gx:altitudeMode>relativeToSeaFloor</gx:altitudeMode>
                    </LookAt>
                    <styleUrl>#msn_ylw-pushpin0</styleUrl>
                    <Point>
                        <extrude>1</extrude>
                        <altitudeMode>absolute</altitudeMode>
                        <gx:drawOrder>1</gx:drawOrder>
                        <coordinates>2.1771363843908,48.118843686178,963.52090775222</coordinates>
                    </Point>
                </Placemark>
                
                <Placemark>
                    <name>14:00:12 - 108 kts - 3169 ft</name>
                    <visibility>0</visibility>
                    <description>latitude: 48.123135
longitude: 2.174951
altitude: 966 m / 3169 ft
elevation: 106 m / 348 ft
course: 341°
speed: 108 kts
</description>
                    <LookAt>
                        <longitude>2.1749507275464</longitude>
                        <latitude>48.123135441116</latitude>
                        <altitude>0</altitude>
                        <heading>0</heading>
                        <tilt>70</tilt>
                        <range>3000</range>
                        <gx:altitudeMode>relativeToSeaFloor</gx:altitudeMode>
                    </LookAt>
                    <styleUrl>#msn_ylw-pushpin0</styleUrl>
                    <Point>
                        <extrude>1</extrude>
                        <altitudeMode>absolute</altitudeMode>
                        <gx:drawOrder>1</gx:drawOrder>
                        <coordinates>2.1749507275464,48.123135441116,965.943292059</coordinates>
                    </Point>
                </Placemark>
                
                <Placemark>
                    <name>14:00:22 - 108 kts - 3165 ft</name>
                    <visibility>0</visibility>
                    <description>latitude: 48.127843
longitude: 2.172463
altitude: 965 m / 3165 ft
elevation: 110 m / 361 ft
course: 340°
speed: 108 kts
</description>
                    <LookAt>
                        <longitude>2.1724631785824</longitude>
                        <latitude>48.127843232017</latitude>
                        <altitude>0</altitude>
                        <heading>0</heading>
                        <tilt>70</tilt>
                        <range>3000</range>
                        <gx:altitudeMode>relativeToSeaFloor</gx:altitudeMode>
                    </LookAt>
                    <styleUrl>#msn_ylw-pushpin0</styleUrl>
                    <Point>
                        <extrude>1</extrude>
                        <altitudeMode>absolute</altitudeMode>
                        <gx:drawOrder>1</gx:drawOrder>
                        <coordinates>2.1724631785824,48.127843232017,964.73161051609</coordinates>
                    </Point>
                </Placemark>
                
                <Placemark>
                    <name>14:00:32 - 109 kts - 3164 ft</name>
                    <visibility>0</visibility>
                    <description>latitude: 48.132544
longitude: 2.169919
altitude: 964 m / 3164 ft
elevation: 114 m / 374 ft
course: 340°
speed: 109 kts
</description>
                    <LookAt>
                        <longitude>2.1699193935006</longitude>
                        <latitude>48.132543641268</latitude>
                        <altitude>0</altitude>
                        <heading>0</heading>
                        <tilt>70</tilt>
                        <range>3000</range>
                        <gx:altitudeMode>relativeToSeaFloor</gx:altitudeMode>
                    </LookAt>
                    <styleUrl>#msn_ylw-pushpin0</styleUrl>
                    <Point>
                        <extrude>1</extrude>
                        <altitudeMode>absolute</altitudeMode>
                        <gx:drawOrder>1</gx:drawOrder>
                        <coordinates>2.1699193935006,48.132543641268,964.42966727447</coordinates>
                    </Point>
                </Placemark>
                
                <Placemark>
                    <name>14:00:41 - 108 kts - 3153 ft</name>
                    <visibility>0</visibility>
                    <description>latitude: 48.136832
longitude: 2.167683
altitude: 961 m / 3153 ft
elevation: 113 m / 371 ft
course: 341°
speed: 108 kts
</description>
                    <LookAt>
                        <longitude>2.167682591759</longitude>
                        <latitude>48.136832282305</latitude>
                        <altitude>0</altitude>
                        <heading>0</heading>
                        <tilt>70</tilt>
                        <range>3000</range>
                        <gx:altitudeMode>relativeToSeaFloor</gx:altitudeMode>
                    </LookAt>
                    <styleUrl>#msn_ylw-pushpin0</styleUrl>
                    <Point>
                        <extrude>1</extrude>
                        <altitudeMode>absolute</altitudeMode>
                        <gx:drawOrder>1</gx:drawOrder>
                        <coordinates>2.167682591759,48.136832282305,961.0193844866</coordinates>
                    </Point>
                </Placemark>
                
                <Placemark>
                    <name>14:00:51 - 106 kts - 3162 ft</name>
                    <visibility>0</visibility>
                    <description>latitude: 48.141463
longitude: 2.165244
altitude: 964 m / 3162 ft
elevation: 114 m / 374 ft
course: 340°
speed: 106 kts
</description>
                    <LookAt>
                        <longitude>2.1652436993272</longitude>
                        <latitude>48.141463438259</latitude>
                        <altitude>0</altitude>
                        <heading>0</heading>
                        <tilt>70</tilt>
                        <range>3000</range>
                        <gx:altitudeMode>relativeToSeaFloor</gx:altitudeMode>
                    </LookAt>
                    <styleUrl>#msn_ylw-pushpin0</styleUrl>
                    <Point>
                        <extrude>1</extrude>
                        <altitudeMode>absolute</altitudeMode>
                        <gx:drawOrder>1</gx:drawOrder>
                        <coordinates>2.1652436993272,48.141463438259,963.75953004882</coordinates>
                    </Point>
                </Placemark>
                
                <Placemark>
                    <name>14:01:01 - 103 kts - 3171 ft</name>
                    <visibility>0</visibility>
                    <description>latitude: 48.145926
longitude: 2.162559
altitude: 966 m / 3171 ft
elevation: 113 m / 371 ft
course: 337°
speed: 103 kts
</description>
                    <LookAt>
                        <longitude>2.162558663076</longitude>
                        <latitude>48.145926195751</latitude>
                        <altitude>0</altitude>
                        <heading>0</heading>
                        <tilt>70</tilt>
                        <range>3000</range>
                        <gx:altitudeMode>relativeToSeaFloor</gx:altitudeMode>
                    </LookAt>
                    <styleUrl>#msn_ylw-pushpin0</styleUrl>
                    <Point>
                        <extrude>1</extrude>
                        <altitudeMode>absolute</altitudeMode>
                        <gx:drawOrder>1</gx:drawOrder>
                        <coordinates>2.162558663076,48.145926195751,966.38657365181</coordinates>
                    </Point>
                </Placemark>
                
                <Placemark>
                    <name>14:01:11 - 103 kts - 3170 ft</name>
                    <visibility>0</visibility>
                    <description>latitude: 48.150255
longitude: 2.159624
altitude: 966 m / 3170 ft
elevation: 113 m / 371 ft
course: 335°
speed: 103 kts
</description>
                    <LookAt>
                        <longitude>2.1596244521374</longitude>
                        <latitude>48.150255053979</latitude>
                        <altitude>0</altitude>
                        <heading>0</heading>
                        <tilt>70</tilt>
                        <range>3000</range>
                        <gx:altitudeMode>relativeToSeaFloor</gx:altitudeMode>
                    </LookAt>
                    <styleUrl>#msn_ylw-pushpin0</styleUrl>
                    <Point>
                        <extrude>1</extrude>
                        <altitudeMode>absolute</altitudeMode>
                        <gx:drawOrder>1</gx:drawOrder>
                        <coordinates>2.1596244521374,48.150255053979,966.32640786842</coordinates>
                    </Point>
                </Placemark>
                
                <Placemark>
                    <name>14:01:21 - 103 kts - 3163 ft</name>
                    <visibility>0</visibility>
                    <description>latitude: 48.154571
longitude: 2.156598
altitude: 964 m / 3163 ft
elevation: 110 m / 361 ft
course: 335°
speed: 103 kts
</description>
                    <LookAt>
                        <longitude>2.1565982193119</longitude>
                        <latitude>48.154571343157</latitude>
                        <altitude>0</altitude>
                        <heading>0</heading>
                        <tilt>70</tilt>
                        <range>3000</range>
                        <gx:altitudeMode>relativeToSeaFloor</gx:altitudeMode>
                    </LookAt>
                    <styleUrl>#msn_ylw-pushpin0</styleUrl>
                    <Point>
                        <extrude>1</extrude>
                        <altitudeMode>absolute</altitudeMode>
                        <gx:drawOrder>1</gx:drawOrder>
                        <coordinates>2.1565982193119,48.154571343157,964.21107728779</coordinates>
                    </Point>
                </Placemark>
                
                <Placemark>
                    <name>14:01:31 - 103 kts - 3176 ft</name>
                    <visibility>0</visibility>
                    <description>latitude: 48.158879
longitude: 2.153608
altitude: 968 m / 3176 ft
elevation: 110 m / 361 ft
course: 335°
speed: 103 kts
</description>
                    <LookAt>
                        <longitude>2.1536082761336</longitude>
                        <latitude>48.158879394495</latitude>
                        <altitude>0</altitude>
                        <heading>0</heading>
                        <tilt>70</tilt>
                        <range>3000</range>
                        <gx:altitudeMode>relativeToSeaFloor</gx:altitudeMode>
                    </LookAt>
                    <styleUrl>#msn_ylw-pushpin0</styleUrl>
                    <Point>
                        <extrude>1</extrude>
                        <altitudeMode>absolute</altitudeMode>
                        <gx:drawOrder>1</gx:drawOrder>
                        <coordinates>2.1536082761336,48.158879394495,967.91572744958</coordinates>
                    </Point>
                </Placemark>
                
                <Placemark>
                    <name>14:01:41 - 106 kts - 3170 ft</name>
                    <visibility>0</visibility>
                    <description>latitude: 48.163269
longitude: 2.150596
altitude: 966 m / 3170 ft
elevation: 113 m / 371 ft
course: 336°
speed: 106 kts
</description>
                    <LookAt>
                        <longitude>2.1505955448184</longitude>
                        <latitude>48.163269041445</latitude>
                        <altitude>0</altitude>
                        <heading>0</heading>
                        <tilt>70</tilt>
                        <range>3000</range>
                        <gx:altitudeMode>relativeToSeaFloor</gx:altitudeMode>
                    </LookAt>
                    <styleUrl>#msn_ylw-pushpin0</styleUrl>
                    <Point>
                        <extrude>1</extrude>
                        <altitudeMode>absolute</altitudeMode>
                        <gx:drawOrder>1</gx:drawOrder>
                        <coordinates>2.1505955448184,48.163269041445,966.34290271066</coordinates>
                    </Point>
                </Placemark>
                
                <Placemark>
                    <name>14:01:51 - 109 kts - 3168 ft</name>
                    <visibility>0</visibility>
                    <description>latitude: 48.167795
longitude: 2.147532
altitude: 966 m / 3168 ft
elevation: 113 m / 371 ft
course: 337°
speed: 109 kts
</description>
                    <LookAt>
                        <longitude>2.1475320599329</longitude>
                        <latitude>48.167795350834</latitude>
                        <altitude>0</altitude>
                        <heading>0</heading>
                        <tilt>70</tilt>
                        <range>3000</range>
                        <gx:altitudeMode>relativeToSeaFloor</gx:altitudeMode>
                    </LookAt>
                    <styleUrl>#msn_ylw-pushpin0</styleUrl>
                    <Point>
                        <extrude>1</extrude>
                        <altitudeMode>absolute</altitudeMode>
                        <gx:drawOrder>1</gx:drawOrder>
                        <coordinates>2.1475320599329,48.167795350834,965.5725165708</coordinates>
                    </Point>
                </Placemark>
                
                <Placemark>
                    <name>14:02:00 - 109 kts - 3166 ft</name>
                    <visibility>0</visibility>
                    <description>latitude: 48.171958
longitude: 2.144779
altitude: 965 m / 3166 ft
elevation: 110 m / 361 ft
course: 336°
speed: 109 kts
</description>
                    <LookAt>
                        <longitude>2.1447790936332</longitude>
                        <latitude>48.171957514495</latitude>
                        <altitude>0</altitude>
                        <heading>0</heading>
                        <tilt>70</tilt>
                        <range>3000</range>
                        <gx:altitudeMode>relativeToSeaFloor</gx:altitudeMode>
                    </LookAt>
                    <styleUrl>#msn_ylw-pushpin0</styleUrl>
                    <Point>
                        <extrude>1</extrude>
                        <altitudeMode>absolute</altitudeMode>
                        <gx:drawOrder>1</gx:drawOrder>
                        <coordinates>2.1447790936332,48.171957514495,965.13768977951</coordinates>
                    </Point>
                </Placemark>
                
                <Placemark>
                    <name>14:02:09 - 109 kts - 3163 ft</name>
                    <visibility>0</visibility>
                    <description>latitude: 48.176053
longitude: 2.141865
altitude: 964 m / 3163 ft
elevation: 117 m / 384 ft
course: 334°
speed: 109 kts
</description>
                    <LookAt>
                        <longitude>2.1418651514655</longitude>
                        <latitude>48.17605266338</latitude>
                        <altitude>0</altitude>
                        <heading>0</heading>
                        <tilt>70</tilt>
                        <range>3000</range>
                        <gx:altitudeMode>relativeToSeaFloor</gx:altitudeMode>
                    </LookAt>
                    <styleUrl>#msn_ylw-pushpin0</styleUrl>
                    <Point>
                        <extrude>1</extrude>
                        <altitudeMode>absolute</altitudeMode>
                        <gx:drawOrder>1</gx:drawOrder>
                        <coordinates>2.1418651514655,48.17605266338,964.0751445489</coordinates>
                    </Point>
                </Placemark>
                
                <Placemark>
                    <name>14:02:18 - 110 kts - 3159 ft</name>
                    <visibility>0</visibility>
                    <description>latitude: 48.180185
longitude: 2.138922
altitude: 963 m / 3159 ft
elevation: 116 m / 381 ft
course: 335°
speed: 110 kts
</description>
                    <LookAt>
                        <longitude>2.1389224692911</longitude>
                        <latitude>48.180185053616</latitude>
                        <altitude>0</altitude>
                        <heading>0</heading>
                        <tilt>70</tilt>
                        <range>3000</range>
                        <gx:altitudeMode>relativeToSeaFloor</gx:altitudeMode>
                    </LookAt>
                    <styleUrl>#msn_ylw-pushpin0</styleUrl>
                    <Point>
                        <extrude>1</extrude>
                        <altitudeMode>absolute</altitudeMode>
                        <gx:drawOrder>1</gx:drawOrder>
                        <coordinates>2.1389224692911,48.180185053616,962.90631227475</coordinates>
                    </Point>
                </Placemark>
                
                <Placemark>
                    <name>14:02:27 - 110 kts - 3161 ft</name>
                    <visibility>0</visibility>
                    <description>latitude: 48.184349
longitude: 2.136024
altitude: 964 m / 3161 ft
elevation: 116 m / 381 ft
course: 335°
speed: 110 kts
</description>
                    <LookAt>
                        <longitude>2.136023886884</longitude>
                        <latitude>48.184349185735</latitude>
                        <altitude>0</altitude>
                        <heading>0</heading>
                        <tilt>70</tilt>
                        <range>3000</range>
                        <gx:altitudeMode>relativeToSeaFloor</gx:altitudeMode>
                    </LookAt>
                    <styleUrl>#msn_ylw-pushpin0</styleUrl>
                    <Point>
                        <extrude>1</extrude>
                        <altitudeMode>absolute</altitudeMode>
                        <gx:drawOrder>1</gx:drawOrder>
                        <coordinates>2.136023886884,48.184349185735,963.57736594323</coordinates>
                    </Point>
                </Placemark>
                
                <Placemark>
                    <name>14:02:36 - 110 kts - 3159 ft</name>
                    <visibility>0</visibility>
                    <description>latitude: 48.188543
longitude: 2.133205
altitude: 963 m / 3159 ft
elevation: 117 m / 384 ft
course: 336°
speed: 110 kts
</description>
                    <LookAt>
                        <longitude>2.1332054639921</longitude>
                        <latitude>48.188543442803</latitude>
                        <altitude>0</altitude>
                        <heading>0</heading>
                        <tilt>70</tilt>
                        <range>3000</range>
                        <gx:altitudeMode>relativeToSeaFloor</gx:altitudeMode>
                    </LookAt>
                    <styleUrl>#msn_ylw-pushpin0</styleUrl>
                    <Point>
                        <extrude>1</extrude>
                        <altitudeMode>absolute</altitudeMode>
                        <gx:drawOrder>1</gx:drawOrder>
                        <coordinates>2.1332054639921,48.188543442803,962.80928606074</coordinates>
                    </Point>
                </Placemark>
                
                <Placemark>
                    <name>14:02:45 - 110 kts - 3159 ft</name>
                    <visibility>0</visibility>
                    <description>latitude: 48.192716
longitude: 2.130418
altitude: 963 m / 3159 ft
elevation: 123 m / 404 ft
course: 336°
speed: 110 kts
</description>
                    <LookAt>
                        <longitude>2.1304178519351</longitude>
                        <latitude>48.192716081521</latitude>
                        <altitude>0</altitude>
                        <heading>0</heading>
                        <tilt>70</tilt>
                        <range>3000</range>
                        <gx:altitudeMode>relativeToSeaFloor</gx:altitudeMode>
                    </LookAt>
                    <styleUrl>#msn_ylw-pushpin0</styleUrl>
                    <Point>
                        <extrude>1</extrude>
                        <altitudeMode>absolute</altitudeMode>
                        <gx:drawOrder>1</gx:drawOrder>
                        <coordinates>2.1304178519351,48.192716081521,962.7285746485</coordinates>
                    </Point>
                </Placemark>
                
                <Placemark>
                    <name>14:02:54 - 108 kts - 3149 ft</name>
                    <visibility>0</visibility>
                    <description>latitude: 48.196868
longitude: 2.127636
altitude: 960 m / 3149 ft
elevation: 124 m / 407 ft
course: 336°
speed: 108 kts
</description>
                    <LookAt>
                        <longitude>2.1276363419677</longitude>
                        <latitude>48.196867585649</latitude>
                        <altitude>0</altitude>
                        <heading>0</heading>
                        <tilt>70</tilt>
                        <range>3000</range>
                        <gx:altitudeMode>relativeToSeaFloor</gx:altitudeMode>
                    </LookAt>
                    <styleUrl>#msn_ylw-pushpin0</styleUrl>
                    <Point>
                        <extrude>1</extrude>
                        <altitudeMode>absolute</altitudeMode>
                        <gx:drawOrder>1</gx:drawOrder>
                        <coordinates>2.1276363419677,48.196867585649,959.81612775009</coordinates>
                    </Point>
                </Placemark>
                
                <Placemark>
                    <name>14:03:04 - 105 kts - 3168 ft</name>
                    <visibility>0</visibility>
                    <description>latitude: 48.201358
longitude: 2.124634
altitude: 966 m / 3168 ft
elevation: 117 m / 384 ft
course: 336°
speed: 105 kts
</description>
                    <LookAt>
                        <longitude>2.124633936743</longitude>
                        <latitude>48.201357738078</latitude>
                        <altitude>0</altitude>
                        <heading>0</heading>
                        <tilt>70</tilt>
                        <range>3000</range>
                        <gx:altitudeMode>relativeToSeaFloor</gx:altitudeMode>
                    </LookAt>
                    <styleUrl>#msn_ylw-pushpin0</styleUrl>
                    <Point>
                        <extrude>1</extrude>
                        <altitudeMode>absolute</altitudeMode>
                        <gx:drawOrder>1</gx:drawOrder>
                        <coordinates>2.124633936743,48.201357738078,965.72355023865</coordinates>
                    </Point>
                </Placemark>
                
                <Placemark>
                    <name>14:03:14 - 108 kts - 3159 ft</name>
                    <visibility>0</visibility>
                    <description>latitude: 48.205807
longitude: 2.121527
altitude: 963 m / 3159 ft
elevation: 120 m / 394 ft
course: 335°
speed: 108 kts
</description>
                    <LookAt>
                        <longitude>2.121526748582</longitude>
                        <latitude>48.205806829842</latitude>
                        <altitude>0</altitude>
                        <heading>0</heading>
                        <tilt>70</tilt>
                        <range>3000</range>
                        <gx:altitudeMode>relativeToSeaFloor</gx:altitudeMode>
                    </LookAt>
                    <styleUrl>#msn_ylw-pushpin0</styleUrl>
                    <Point>
                        <extrude>1</extrude>
                        <altitudeMode>absolute</altitudeMode>
                        <gx:drawOrder>1</gx:drawOrder>
                        <coordinates>2.121526748582,48.205806829842,962.96369801462</coordinates>
                    </Point>
                </Placemark>
                
                <Placemark>
                    <name>14:03:22 - 109 kts - 3159 ft</name>
                    <visibility>0</visibility>
                    <description>latitude: 48.209904
longitude: 2.118696
altitude: 963 m / 3159 ft
elevation: 118 m / 387 ft
course: 336°
speed: 109 kts
</description>
                    <LookAt>
                        <longitude>2.1186963526536</longitude>
                        <latitude>48.209903890183</latitude>
                        <altitude>0</altitude>
                        <heading>0</heading>
                        <tilt>70</tilt>
                        <range>3000</range>
                        <gx:altitudeMode>relativeToSeaFloor</gx:altitudeMode>
                    </LookAt>
                    <styleUrl>#msn_ylw-pushpin0</styleUrl>
                    <Point>
                        <extrude>1</extrude>
                        <altitudeMode>absolute</altitudeMode>
                        <gx:drawOrder>1</gx:drawOrder>
                        <coordinates>2.1186963526536,48.209903890183,962.78005598672</coordinates>
                    </Point>
                </Placemark>
                
                <Placemark>
                    <name>14:03:31 - 108 kts - 3167 ft</name>
                    <visibility>0</visibility>
                    <description>latitude: 48.214022
longitude: 2.115943
altitude: 965 m / 3167 ft
elevation: 118 m / 387 ft
course: 336°
speed: 108 kts
</description>
                    <LookAt>
                        <longitude>2.1159430583222</longitude>
                        <latitude>48.214021821851</latitude>
                        <altitude>0</altitude>
                        <heading>0</heading>
                        <tilt>70</tilt>
                        <range>3000</range>
                        <gx:altitudeMode>relativeToSeaFloor</gx:altitudeMode>
                    </LookAt>
                    <styleUrl>#msn_ylw-pushpin0</styleUrl>
                    <Point>
                        <extrude>1</extrude>
                        <altitudeMode>absolute</altitudeMode>
                        <gx:drawOrder>1</gx:drawOrder>
                        <coordinates>2.1159430583222,48.214021821851,965.26719954424</coordinates>
                    </Point>
                </Placemark>
                
                <Placemark>
                    <name>14:03:41 - 111 kts - 3164 ft</name>
                    <visibility>0</visibility>
                    <description>latitude: 48.218187
longitude: 2.113138
altitude: 964 m / 3164 ft
elevation: 117 m / 384 ft
course: 336°
speed: 111 kts
</description>
                    <LookAt>
                        <longitude>2.1131378748522</longitude>
                        <latitude>48.218187354436</latitude>
                        <altitude>0</altitude>
                        <heading>0</heading>
                        <tilt>70</tilt>
                        <range>3000</range>
                        <gx:altitudeMode>relativeToSeaFloor</gx:altitudeMode>
                    </LookAt>
                    <styleUrl>#msn_ylw-pushpin0</styleUrl>
                    <Point>
                        <extrude>1</extrude>
                        <altitudeMode>absolute</altitudeMode>
                        <gx:drawOrder>1</gx:drawOrder>
                        <coordinates>2.1131378748522,48.218187354436,964.36135712266</coordinates>
                    </Point>
                </Placemark>
                
                <Placemark>
                    <name>14:03:50 - 114 kts - 3155 ft</name>
                    <visibility>0</visibility>
                    <description>latitude: 48.222453
longitude: 2.110189
altitude: 962 m / 3155 ft
elevation: 121 m / 397 ft
course: 335°
speed: 114 kts
</description>
                    <LookAt>
                        <longitude>2.1101886492433</longitude>
                        <latitude>48.222453340839</latitude>
                        <altitude>0</altitude>
                        <heading>0</heading>
                        <tilt>70</tilt>
                        <range>3000</range>
                        <gx:altitudeMode>relativeToSeaFloor</gx:altitudeMode>
                    </LookAt>
                    <styleUrl>#msn_ylw-pushpin0</styleUrl>
                    <Point>
                        <extrude>1</extrude>
                        <altitudeMode>absolute</altitudeMode>
                        <gx:drawOrder>1</gx:drawOrder>
                        <coordinates>2.1101886492433,48.222453340839,961.55700842012</coordinates>
                    </Point>
                </Placemark>
                
                <Placemark>
                    <name>14:03:59 - 113 kts - 3152 ft</name>
                    <visibility>0</visibility>
                    <description>latitude: 48.226726
longitude: 2.107193
altitude: 961 m / 3152 ft
elevation: 130 m / 427 ft
course: 335°
speed: 113 kts
</description>
                    <LookAt>
                        <longitude>2.1071925193242</longitude>
                        <latitude>48.226725775608</latitude>
                        <altitude>0</altitude>
                        <heading>0</heading>
                        <tilt>70</tilt>
                        <range>3000</range>
                        <gx:altitudeMode>relativeToSeaFloor</gx:altitudeMode>
                    </LookAt>
                    <styleUrl>#msn_ylw-pushpin0</styleUrl>
                    <Point>
                        <extrude>1</extrude>
                        <altitudeMode>absolute</altitudeMode>
                        <gx:drawOrder>1</gx:drawOrder>
                        <coordinates>2.1071925193242,48.226725775608,960.81955196336</coordinates>
                    </Point>
                </Placemark>
                
                <Placemark>
                    <name>14:04:08 - 113 kts - 3155 ft</name>
                    <visibility>0</visibility>
                    <description>latitude: 48.230970
longitude: 2.104200
altitude: 962 m / 3155 ft
elevation: 128 m / 420 ft
course: 335°
speed: 113 kts
</description>
                    <LookAt>
                        <longitude>2.1042003866932</longitude>
                        <latitude>48.230970423608</latitude>
                        <altitude>0</altitude>
                        <heading>0</heading>
                        <tilt>70</tilt>
                        <range>3000</range>
                        <gx:altitudeMode>relativeToSeaFloor</gx:altitudeMode>
                    </LookAt>
                    <styleUrl>#msn_ylw-pushpin0</styleUrl>
                    <Point>
                        <extrude>1</extrude>
                        <altitudeMode>absolute</altitudeMode>
                        <gx:drawOrder>1</gx:drawOrder>
                        <coordinates>2.1042003866932,48.230970423608,961.71556507144</coordinates>
                    </Point>
                </Placemark>
                
                <Placemark>
                    <name>14:04:17 - 111 kts - 3154 ft</name>
                    <visibility>0</visibility>
                    <description>latitude: 48.235210
longitude: 2.101292
altitude: 961 m / 3154 ft
elevation: 124 m / 407 ft
course: 335°
speed: 111 kts
</description>
                    <LookAt>
                        <longitude>2.1012923863764</longitude>
                        <latitude>48.235209813086</latitude>
                        <altitude>0</altitude>
                        <heading>0</heading>
                        <tilt>70</tilt>
                        <range>3000</range>
                        <gx:altitudeMode>relativeToSeaFloor</gx:altitudeMode>
                    </LookAt>
                    <styleUrl>#msn_ylw-pushpin0</styleUrl>
                    <Point>
                        <extrude>1</extrude>
                        <altitudeMode>absolute</altitudeMode>
                        <gx:drawOrder>1</gx:drawOrder>
                        <coordinates>2.1012923863764,48.235209813086,961.19016597141</coordinates>
                    </Point>
                </Placemark>
                
                <Placemark>
                    <name>14:04:26 - 110 kts - 3163 ft</name>
                    <visibility>0</visibility>
                    <description>latitude: 48.239362
longitude: 2.098398
altitude: 964 m / 3163 ft
elevation: 123 m / 404 ft
course: 334°
speed: 110 kts
</description>
                    <LookAt>
                        <longitude>2.0983977952512</longitude>
                        <latitude>48.239362005677</latitude>
                        <altitude>0</altitude>
                        <heading>0</heading>
                        <tilt>70</tilt>
                        <range>3000</range>
                        <gx:altitudeMode>relativeToSeaFloor</gx:altitudeMode>
                    </LookAt>
                    <styleUrl>#msn_ylw-pushpin0</styleUrl>
                    <Point>
                        <extrude>1</extrude>
                        <altitudeMode>absolute</altitudeMode>
                        <gx:drawOrder>1</gx:drawOrder>
                        <coordinates>2.0983977952512,48.239362005677,963.94226921163</coordinates>
                    </Point>
                </Placemark>
                
                <Placemark>
                    <name>14:04:35 - 112 kts - 3158 ft</name>
                    <visibility>0</visibility>
                    <description>latitude: 48.243531
longitude: 2.095462
altitude: 963 m / 3158 ft
elevation: 121 m / 397 ft
course: 335°
speed: 112 kts
</description>
                    <LookAt>
                        <longitude>2.095461999246</longitude>
                        <latitude>48.243531220127</latitude>
                        <altitude>0</altitude>
                        <heading>0</heading>
                        <tilt>70</tilt>
                        <range>3000</range>
                        <gx:altitudeMode>relativeToSeaFloor</gx:altitudeMode>
                    </LookAt>
                    <styleUrl>#msn_ylw-pushpin0</styleUrl>
                    <Point>
                        <extrude>1</extrude>
                        <altitudeMode>absolute</altitudeMode>
                        <gx:drawOrder>1</gx:drawOrder>
                        <coordinates>2.095461999246,48.243531220127,962.50660387054</coordinates>
                    </Point>
                </Placemark>
                
                <Placemark>
                    <name>14:04:44 - 112 kts - 3152 ft</name>
                    <visibility>0</visibility>
                    <description>latitude: 48.247762
longitude: 2.092530
altitude: 961 m / 3152 ft
elevation: 127 m / 417 ft
course: 336°
speed: 112 kts
</description>
                    <LookAt>
                        <longitude>2.0925303478339</longitude>
                        <latitude>48.247762389134</latitude>
                        <altitude>0</altitude>
                        <heading>0</heading>
                        <tilt>70</tilt>
                        <range>3000</range>
                        <gx:altitudeMode>relativeToSeaFloor</gx:altitudeMode>
                    </LookAt>
                    <styleUrl>#msn_ylw-pushpin0</styleUrl>
                    <Point>
                        <extrude>1</extrude>
                        <altitudeMode>absolute</altitudeMode>
                        <gx:drawOrder>1</gx:drawOrder>
                        <coordinates>2.0925303478339,48.247762389134,960.6489886865</coordinates>
                    </Point>
                </Placemark>
                
                <Placemark>
                    <name>14:04:53 - 112 kts - 3154 ft</name>
                    <visibility>0</visibility>
                    <description>latitude: 48.251987
longitude: 2.089634
altitude: 961 m / 3154 ft
elevation: 124 m / 407 ft
course: 336°
speed: 112 kts
</description>
                    <LookAt>
                        <longitude>2.0896337144783</longitude>
                        <latitude>48.251987268862</latitude>
                        <altitude>0</altitude>
                        <heading>0</heading>
                        <tilt>70</tilt>
                        <range>3000</range>
                        <gx:altitudeMode>relativeToSeaFloor</gx:altitudeMode>
                    </LookAt>
                    <styleUrl>#msn_ylw-pushpin0</styleUrl>
                    <Point>
                        <extrude>1</extrude>
                        <altitudeMode>absolute</altitudeMode>
                        <gx:drawOrder>1</gx:drawOrder>
                        <coordinates>2.0896337144783,48.251987268862,961.36209548637</coordinates>
                    </Point>
                </Placemark>
                
                <Placemark>
                    <name>14:05:02 - 112 kts - 3144 ft</name>
                    <visibility>0</visibility>
                    <description>latitude: 48.256239
longitude: 2.086765
altitude: 958 m / 3144 ft
elevation: 130 m / 427 ft
course: 336°
speed: 112 kts
</description>
                    <LookAt>
                        <longitude>2.0867650908479</longitude>
                        <latitude>48.256238781441</latitude>
                        <altitude>0</altitude>
                        <heading>0</heading>
                        <tilt>70</tilt>
                        <range>3000</range>
                        <gx:altitudeMode>relativeToSeaFloor</gx:altitudeMode>
                    </LookAt>
                    <styleUrl>#msn_ylw-pushpin0</styleUrl>
                    <Point>
                        <extrude>1</extrude>
                        <altitudeMode>absolute</altitudeMode>
                        <gx:drawOrder>1</gx:drawOrder>
                        <coordinates>2.0867650908479,48.256238781441,958.30438365601</coordinates>
                    </Point>
                </Placemark>
                
                <Placemark>
                    <name>14:05:11 - 110 kts - 3154 ft</name>
                    <visibility>0</visibility>
                    <description>latitude: 48.260417
longitude: 2.083934
altitude: 961 m / 3154 ft
elevation: 128 m / 420 ft
course: 335°
speed: 110 kts
</description>
                    <LookAt>
                        <longitude>2.0839344730928</longitude>
                        <latitude>48.260416902428</latitude>
                        <altitude>0</altitude>
                        <heading>0</heading>
                        <tilt>70</tilt>
                        <range>3000</range>
                        <gx:altitudeMode>relativeToSeaFloor</gx:altitudeMode>
                    </LookAt>
                    <styleUrl>#msn_ylw-pushpin0</styleUrl>
                    <Point>
                        <extrude>1</extrude>
                        <altitudeMode>absolute</altitudeMode>
                        <gx:drawOrder>1</gx:drawOrder>
                        <coordinates>2.0839344730928,48.260416902428,961.3403974995</coordinates>
                    </Point>
                </Placemark>
                
                <Placemark>
                    <name>14:05:20 - 109 kts - 3150 ft</name>
                    <visibility>0</visibility>
                    <description>latitude: 48.264557
longitude: 2.081096
altitude: 960 m / 3150 ft
elevation: 121 m / 397 ft
course: 335°
speed: 109 kts
</description>
                    <LookAt>
                        <longitude>2.0810964481241</longitude>
                        <latitude>48.264557463475</latitude>
                        <altitude>0</altitude>
                        <heading>0</heading>
                        <tilt>70</tilt>
                        <range>3000</range>
                        <gx:altitudeMode>relativeToSeaFloor</gx:altitudeMode>
                    </LookAt>
                    <styleUrl>#msn_ylw-pushpin0</styleUrl>
                    <Point>
                        <extrude>1</extrude>
                        <altitudeMode>absolute</altitudeMode>
                        <gx:drawOrder>1</gx:drawOrder>
                        <coordinates>2.0810964481241,48.264557463475,960.02518466581</coordinates>
                    </Point>
                </Placemark>
                
                <Placemark>
                    <name>14:05:28 - 108 kts - 3149 ft</name>
                    <visibility>0</visibility>
                    <description>latitude: 48.268631
longitude: 2.078212
altitude: 960 m / 3149 ft
elevation: 111 m / 364 ft
course: 335°
speed: 108 kts
</description>
                    <LookAt>
                        <longitude>2.0782117652605</longitude>
                        <latitude>48.268630805291</latitude>
                        <altitude>0</altitude>
                        <heading>0</heading>
                        <tilt>70</tilt>
                        <range>3000</range>
                        <gx:altitudeMode>relativeToSeaFloor</gx:altitudeMode>
                    </LookAt>
                    <styleUrl>#msn_ylw-pushpin0</styleUrl>
                    <Point>
                        <extrude>1</extrude>
                        <altitudeMode>absolute</altitudeMode>
                        <gx:drawOrder>1</gx:drawOrder>
                        <coordinates>2.0782117652605,48.268630805291,959.81517297868</coordinates>
                    </Point>
                </Placemark>
                
                <Placemark>
                    <name>14:05:38 - 107 kts - 3154 ft</name>
                    <visibility>0</visibility>
                    <description>latitude: 48.273157
longitude: 2.075132
altitude: 961 m / 3154 ft
elevation: 123 m / 404 ft
course: 336°
speed: 107 kts
</description>
                    <LookAt>
                        <longitude>2.0751322075958</longitude>
                        <latitude>48.273156715288</latitude>
                        <altitude>0</altitude>
                        <heading>0</heading>
                        <tilt>70</tilt>
                        <range>3000</range>
                        <gx:altitudeMode>relativeToSeaFloor</gx:altitudeMode>
                    </LookAt>
                    <styleUrl>#msn_ylw-pushpin0</styleUrl>
                    <Point>
                        <extrude>1</extrude>
                        <altitudeMode>absolute</altitudeMode>
                        <gx:drawOrder>1</gx:drawOrder>
                        <coordinates>2.0751322075958,48.273156715288,961.28610284626</coordinates>
                    </Point>
                </Placemark>
                
                <Placemark>
                    <name>14:05:49 - 107 kts - 3166 ft</name>
                    <visibility>0</visibility>
                    <description>latitude: 48.277655
longitude: 2.072092
altitude: 965 m / 3166 ft
elevation: 131 m / 430 ft
course: 336°
speed: 107 kts
</description>
                    <LookAt>
                        <longitude>2.0720915734763</longitude>
                        <latitude>48.277654894101</latitude>
                        <altitude>0</altitude>
                        <heading>0</heading>
                        <tilt>70</tilt>
                        <range>3000</range>
                        <gx:altitudeMode>relativeToSeaFloor</gx:altitudeMode>
                    </LookAt>
                    <styleUrl>#msn_ylw-pushpin0</styleUrl>
                    <Point>
                        <extrude>1</extrude>
                        <altitudeMode>absolute</altitudeMode>
                        <gx:drawOrder>1</gx:drawOrder>
                        <coordinates>2.0720915734763,48.277654894101,965.09120151773</coordinates>
                    </Point>
                </Placemark>
                
                <Placemark>
                    <name>14:05:59 - 107 kts - 3146 ft</name>
                    <visibility>0</visibility>
                    <description>latitude: 48.282172
longitude: 2.068974
altitude: 959 m / 3146 ft
elevation: 132 m / 433 ft
course: 335°
speed: 107 kts
</description>
                    <LookAt>
                        <longitude>2.0689740721384</longitude>
                        <latitude>48.282172437151</latitude>
                        <altitude>0</altitude>
                        <heading>0</heading>
                        <tilt>70</tilt>
                        <range>3000</range>
                        <gx:altitudeMode>relativeToSeaFloor</gx:altitudeMode>
                    </LookAt>
                    <styleUrl>#msn_ylw-pushpin0</styleUrl>
                    <Point>
                        <extrude>1</extrude>
                        <altitudeMode>absolute</altitudeMode>
                        <gx:drawOrder>1</gx:drawOrder>
                        <coordinates>2.0689740721384,48.282172437151,958.7916038651</coordinates>
                    </Point>
                </Placemark>
                
                <Placemark>
                    <name>14:06:09 - 101 kts - 3146 ft</name>
                    <visibility>0</visibility>
                    <description>latitude: 48.286555
longitude: 2.065951
altitude: 959 m / 3146 ft
elevation: 130 m / 427 ft
course: 336°
speed: 101 kts
</description>
                    <LookAt>
                        <longitude>2.0659510635589</longitude>
                        <latitude>48.286555243214</latitude>
                        <altitude>0</altitude>
                        <heading>0</heading>
                        <tilt>70</tilt>
                        <range>3000</range>
                        <gx:altitudeMode>relativeToSeaFloor</gx:altitudeMode>
                    </LookAt>
                    <styleUrl>#msn_ylw-pushpin0</styleUrl>
                    <Point>
                        <extrude>1</extrude>
                        <altitudeMode>absolute</altitudeMode>
                        <gx:drawOrder>1</gx:drawOrder>
                        <coordinates>2.0659510635589,48.286555243214,958.78616932221</coordinates>
                    </Point>
                </Placemark>
                
                <Placemark>
                    <name>14:06:19 - 96 kts - 3167 ft</name>
                    <visibility>0</visibility>
                    <description>latitude: 48.290666
longitude: 2.063130
altitude: 965 m / 3167 ft
elevation: 114 m / 374 ft
course: 335°
speed: 96 kts
</description>
                    <LookAt>
                        <longitude>2.0631304809479</longitude>
                        <latitude>48.290666348774</latitude>
                        <altitude>0</altitude>
                        <heading>0</heading>
                        <tilt>70</tilt>
                        <range>3000</range>
                        <gx:altitudeMode>relativeToSeaFloor</gx:altitudeMode>
                    </LookAt>
                    <styleUrl>#msn_ylw-pushpin0</styleUrl>
                    <Point>
                        <extrude>1</extrude>
                        <altitudeMode>absolute</altitudeMode>
                        <gx:drawOrder>1</gx:drawOrder>
                        <coordinates>2.0631304809479,48.290666348774,965.28228057548</coordinates>
                    </Point>
                </Placemark>
                
                <Placemark>
                    <name>14:06:30 - 97 kts - 3168 ft</name>
                    <visibility>0</visibility>
                    <description>latitude: 48.295124
longitude: 2.060076
altitude: 966 m / 3168 ft
elevation: 135 m / 443 ft
course: 335°
speed: 97 kts
</description>
                    <LookAt>
                        <longitude>2.0600763885667</longitude>
                        <latitude>48.295124042065</latitude>
                        <altitude>0</altitude>
                        <heading>0</heading>
                        <tilt>70</tilt>
                        <range>3000</range>
                        <gx:altitudeMode>relativeToSeaFloor</gx:altitudeMode>
                    </LookAt>
                    <styleUrl>#msn_ylw-pushpin0</styleUrl>
                    <Point>
                        <extrude>1</extrude>
                        <altitudeMode>absolute</altitudeMode>
                        <gx:drawOrder>1</gx:drawOrder>
                        <coordinates>2.0600763885667,48.295124042065,965.73500059266</coordinates>
                    </Point>
                </Placemark>
                
                <Placemark>
                    <name>14:06:40 - 105 kts - 3096 ft</name>
                    <visibility>0</visibility>
                    <description>latitude: 48.299340
longitude: 2.057021
altitude: 944 m / 3096 ft
elevation: 138 m / 453 ft
course: 334°
speed: 105 kts
</description>
                    <LookAt>
                        <longitude>2.0570210072119</longitude>
                        <latitude>48.299340182604</latitude>
                        <altitude>0</altitude>
                        <heading>0</heading>
                        <tilt>70</tilt>
                        <range>3000</range>
                        <gx:altitudeMode>relativeToSeaFloor</gx:altitudeMode>
                    </LookAt>
                    <styleUrl>#msn_ylw-pushpin0</styleUrl>
                    <Point>
                        <extrude>1</extrude>
                        <altitudeMode>absolute</altitudeMode>
                        <gx:drawOrder>1</gx:drawOrder>
                        <coordinates>2.0570210072119,48.299340182604,943.70290021505</coordinates>
                    </Point>
                </Placemark>
                
                <Placemark>
                    <name>14:06:50 - 102 kts - 3096 ft</name>
                    <visibility>0</visibility>
                    <description>latitude: 48.303625
longitude: 2.053773
altitude: 944 m / 3096 ft
elevation: 135 m / 443 ft
course: 332°
speed: 102 kts
</description>
                    <LookAt>
                        <longitude>2.0537733420628</longitude>
                        <latitude>48.30362529633</latitude>
                        <altitude>0</altitude>
                        <heading>0</heading>
                        <tilt>70</tilt>
                        <range>3000</range>
                        <gx:altitudeMode>relativeToSeaFloor</gx:altitudeMode>
                    </LookAt>
                    <styleUrl>#msn_ylw-pushpin0</styleUrl>
                    <Point>
                        <extrude>1</extrude>
                        <altitudeMode>absolute</altitudeMode>
                        <gx:drawOrder>1</gx:drawOrder>
                        <coordinates>2.0537733420628,48.30362529633,943.80717088096</coordinates>
                    </Point>
                </Placemark>
                
                <Placemark>
                    <name>14:07:00 - 102 kts - 3080 ft</name>
                    <visibility>0</visibility>
                    <description>latitude: 48.307747
longitude: 2.050299
altitude: 939 m / 3080 ft
elevation: 138 m / 453 ft
course: 330°
speed: 102 kts
</description>
                    <LookAt>
                        <longitude>2.0502986943025</longitude>
                        <latitude>48.307746852479</latitude>
                        <altitude>0</altitude>
                        <heading>0</heading>
                        <tilt>70</tilt>
                        <range>3000</range>
                        <gx:altitudeMode>relativeToSeaFloor</gx:altitudeMode>
                    </LookAt>
                    <styleUrl>#msn_ylw-pushpin0</styleUrl>
                    <Point>
                        <extrude>1</extrude>
                        <altitudeMode>absolute</altitudeMode>
                        <gx:drawOrder>1</gx:drawOrder>
                        <coordinates>2.0502986943025,48.307746852479,938.90774485469</coordinates>
                    </Point>
                </Placemark>
                
                <Placemark>
                    <name>14:07:10 - 100 kts - 3094 ft</name>
                    <visibility>0</visibility>
                    <description>latitude: 48.311781
longitude: 2.046785
altitude: 943 m / 3094 ft
elevation: 135 m / 443 ft
course: 330°
speed: 100 kts
</description>
                    <LookAt>
                        <longitude>2.0467852737439</longitude>
                        <latitude>48.311781284882</latitude>
                        <altitude>0</altitude>
                        <heading>0</heading>
                        <tilt>70</tilt>
                        <range>3000</range>
                        <gx:altitudeMode>relativeToSeaFloor</gx:altitudeMode>
                    </LookAt>
                    <styleUrl>#msn_ylw-pushpin0</styleUrl>
                    <Point>
                        <extrude>1</extrude>
                        <altitudeMode>absolute</altitudeMode>
                        <gx:drawOrder>1</gx:drawOrder>
                        <coordinates>2.0467852737439,48.311781284882,943.01807007007</coordinates>
                    </Point>
                </Placemark>
                
                <Placemark>
                    <name>14:07:20 - 104 kts - 3094 ft</name>
                    <visibility>0</visibility>
                    <description>latitude: 48.315904
longitude: 2.043372
altitude: 943 m / 3094 ft
elevation: 139 m / 456 ft
course: 331°
speed: 104 kts
</description>
                    <LookAt>
                        <longitude>2.0433716790967</longitude>
                        <latitude>48.31590411883</latitude>
                        <altitude>0</altitude>
                        <heading>0</heading>
                        <tilt>70</tilt>
                        <range>3000</range>
                        <gx:altitudeMode>relativeToSeaFloor</gx:altitudeMode>
                    </LookAt>
                    <styleUrl>#msn_ylw-pushpin0</styleUrl>
                    <Point>
                        <extrude>1</extrude>
                        <altitudeMode>absolute</altitudeMode>
                        <gx:drawOrder>1</gx:drawOrder>
                        <coordinates>2.0433716790967,48.31590411883,943.05751053151</coordinates>
                    </Point>
                </Placemark>
                
                <Placemark>
                    <name>14:07:30 - 104 kts - 3083 ft</name>
                    <visibility>0</visibility>
                    <description>latitude: 48.320142
longitude: 2.039894
altitude: 940 m / 3083 ft
elevation: 138 m / 453 ft
course: 332°
speed: 104 kts
</description>
                    <LookAt>
                        <longitude>2.0398941496507</longitude>
                        <latitude>48.320142020812</latitude>
                        <altitude>0</altitude>
                        <heading>0</heading>
                        <tilt>70</tilt>
                        <range>3000</range>
                        <gx:altitudeMode>relativeToSeaFloor</gx:altitudeMode>
                    </LookAt>
                    <styleUrl>#msn_ylw-pushpin0</styleUrl>
                    <Point>
                        <extrude>1</extrude>
                        <altitudeMode>absolute</altitudeMode>
                        <gx:drawOrder>1</gx:drawOrder>
                        <coordinates>2.0398941496507,48.320142020812,939.85045204032</coordinates>
                    </Point>
                </Placemark>
                
                <Placemark>
                    <name>14:07:39 - 104 kts - 3095 ft</name>
                    <visibility>0</visibility>
                    <description>latitude: 48.324327
longitude: 2.036368
altitude: 943 m / 3095 ft
elevation: 139 m / 456 ft
course: 331°
speed: 104 kts
</description>
                    <LookAt>
                        <longitude>2.0363680868704</longitude>
                        <latitude>48.324327106596</latitude>
                        <altitude>0</altitude>
                        <heading>0</heading>
                        <tilt>70</tilt>
                        <range>3000</range>
                        <gx:altitudeMode>relativeToSeaFloor</gx:altitudeMode>
                    </LookAt>
                    <styleUrl>#msn_ylw-pushpin0</styleUrl>
                    <Point>
                        <extrude>1</extrude>
                        <altitudeMode>absolute</altitudeMode>
                        <gx:drawOrder>1</gx:drawOrder>
                        <coordinates>2.0363680868704,48.324327106596,943.45493929833</coordinates>
                    </Point>
                </Placemark>
                
                <Placemark>
                    <name>14:07:49 - 107 kts - 3074 ft</name>
                    <visibility>0</visibility>
                    <description>latitude: 48.328545
longitude: 2.032689
altitude: 937 m / 3074 ft
elevation: 131 m / 430 ft
course: 331°
speed: 107 kts
</description>
                    <LookAt>
                        <longitude>2.0326892816398</longitude>
                        <latitude>48.328545419929</latitude>
                        <altitude>0</altitude>
                        <heading>0</heading>
                        <tilt>70</tilt>
                        <range>3000</range>
                        <gx:altitudeMode>relativeToSeaFloor</gx:altitudeMode>
                    </LookAt>
                    <styleUrl>#msn_ylw-pushpin0</styleUrl>
                    <Point>
                        <extrude>1</extrude>
                        <altitudeMode>absolute</altitudeMode>
                        <gx:drawOrder>1</gx:drawOrder>
                        <coordinates>2.0326892816398,48.328545419929,937.01828545704</coordinates>
                    </Point>
                </Placemark>
                
                <Placemark>
                    <name>14:07:59 - 103 kts - 3083 ft</name>
                    <visibility>0</visibility>
                    <description>latitude: 48.332798
longitude: 2.029127
altitude: 940 m / 3083 ft
elevation: 135 m / 443 ft
course: 330°
speed: 103 kts
</description>
                    <LookAt>
                        <longitude>2.0291273264365</longitude>
                        <latitude>48.332798258913</latitude>
                        <altitude>0</altitude>
                        <heading>0</heading>
                        <tilt>70</tilt>
                        <range>3000</range>
                        <gx:altitudeMode>relativeToSeaFloor</gx:altitudeMode>
                    </LookAt>
                    <styleUrl>#msn_ylw-pushpin0</styleUrl>
                    <Point>
                        <extrude>1</extrude>
                        <altitudeMode>absolute</altitudeMode>
                        <gx:drawOrder>1</gx:drawOrder>
                        <coordinates>2.0291273264365,48.332798258913,939.7771628201</coordinates>
                    </Point>
                </Placemark>
                
                <Placemark>
                    <name>14:08:10 - 103 kts - 3090 ft</name>
                    <visibility>0</visibility>
                    <description>latitude: 48.336967
longitude: 2.025695
altitude: 942 m / 3090 ft
elevation: 139 m / 456 ft
course: 332°
speed: 103 kts
</description>
                    <LookAt>
                        <longitude>2.0256954705768</longitude>
                        <latitude>48.336967001589</latitude>
                        <altitude>0</altitude>
                        <heading>0</heading>
                        <tilt>70</tilt>
                        <range>3000</range>
                        <gx:altitudeMode>relativeToSeaFloor</gx:altitudeMode>
                    </LookAt>
                    <styleUrl>#msn_ylw-pushpin0</styleUrl>
                    <Point>
                        <extrude>1</extrude>
                        <altitudeMode>absolute</altitudeMode>
                        <gx:drawOrder>1</gx:drawOrder>
                        <coordinates>2.0256954705768,48.336967001589,941.81024945155</coordinates>
                    </Point>
                </Placemark>
                
                <Placemark>
                    <name>14:08:20 - 104 kts - 3092 ft</name>
                    <visibility>0</visibility>
                    <description>latitude: 48.341165
longitude: 2.022170
altitude: 942 m / 3092 ft
elevation: 142 m / 466 ft
course: 330°
speed: 104 kts
</description>
                    <LookAt>
                        <longitude>2.0221704606514</longitude>
                        <latitude>48.341165252619</latitude>
                        <altitude>0</altitude>
                        <heading>0</heading>
                        <tilt>70</tilt>
                        <range>3000</range>
                        <gx:altitudeMode>relativeToSeaFloor</gx:altitudeMode>
                    </LookAt>
                    <styleUrl>#msn_ylw-pushpin0</styleUrl>
                    <Point>
                        <extrude>1</extrude>
                        <altitudeMode>absolute</altitudeMode>
                        <gx:drawOrder>1</gx:drawOrder>
                        <coordinates>2.0221704606514,48.341165252619,942.31012093462</coordinates>
                    </Point>
                </Placemark>
                
                <Placemark>
                    <name>14:08:30 - 107 kts - 3092 ft</name>
                    <visibility>0</visibility>
                    <description>latitude: 48.345398
longitude: 2.018572
altitude: 942 m / 3092 ft
elevation: 142 m / 466 ft
course: 331°
speed: 107 kts
</description>
                    <LookAt>
                        <longitude>2.0185723149447</longitude>
                        <latitude>48.345398266415</latitude>
                        <altitude>0</altitude>
                        <heading>0</heading>
                        <tilt>70</tilt>
                        <range>3000</range>
                        <gx:altitudeMode>relativeToSeaFloor</gx:altitudeMode>
                    </LookAt>
                    <styleUrl>#msn_ylw-pushpin0</styleUrl>
                    <Point>
                        <extrude>1</extrude>
                        <altitudeMode>absolute</altitudeMode>
                        <gx:drawOrder>1</gx:drawOrder>
                        <coordinates>2.0185723149447,48.345398266415,942.48891332839</coordinates>
                    </Point>
                </Placemark>
                
                <Placemark>
                    <name>14:08:40 - 110 kts - 3051 ft</name>
                    <visibility>0</visibility>
                    <description>latitude: 48.349693
longitude: 2.014749
altitude: 930 m / 3051 ft
elevation: 142 m / 466 ft
course: 327°
speed: 110 kts
</description>
                    <LookAt>
                        <longitude>2.0147493612544</longitude>
                        <latitude>48.349692973433</latitude>
                        <altitude>0</altitude>
                        <heading>0</heading>
                        <tilt>70</tilt>
                        <range>3000</range>
                        <gx:altitudeMode>relativeToSeaFloor</gx:altitudeMode>
                    </LookAt>
                    <styleUrl>#msn_ylw-pushpin0</styleUrl>
                    <Point>
                        <extrude>1</extrude>
                        <altitudeMode>absolute</altitudeMode>
                        <gx:drawOrder>1</gx:drawOrder>
                        <coordinates>2.0147493612544,48.349692973433,929.81794514973</coordinates>
                    </Point>
                </Placemark>
                
                <Placemark>
                    <name>14:08:49 - 109 kts - 3036 ft</name>
                    <visibility>0</visibility>
                    <description>latitude: 48.353589
longitude: 2.011098
altitude: 925 m / 3036 ft
elevation: 145 m / 476 ft
course: 329°
speed: 109 kts
</description>
                    <LookAt>
                        <longitude>2.0110981175796</longitude>
                        <latitude>48.353589306692</latitude>
                        <altitude>0</altitude>
                        <heading>0</heading>
                        <tilt>70</tilt>
                        <range>3000</range>
                        <gx:altitudeMode>relativeToSeaFloor</gx:altitudeMode>
                    </LookAt>
                    <styleUrl>#msn_ylw-pushpin0</styleUrl>
                    <Point>
                        <extrude>1</extrude>
                        <altitudeMode>absolute</altitudeMode>
                        <gx:drawOrder>1</gx:drawOrder>
                        <coordinates>2.0110981175796,48.353589306692,925.26705580577</coordinates>
                    </Point>
                </Placemark>
                
                <Placemark>
                    <name>14:08:59 - 106 kts - 3015 ft</name>
                    <visibility>0</visibility>
                    <description>latitude: 48.357725
longitude: 2.007163
altitude: 919 m / 3015 ft
elevation: 143 m / 469 ft
course: 328°
speed: 106 kts
</description>
                    <LookAt>
                        <longitude>2.0071633476451</longitude>
                        <latitude>48.357724839088</latitude>
                        <altitude>0</altitude>
                        <heading>0</heading>
                        <tilt>70</tilt>
                        <range>3000</range>
                        <gx:altitudeMode>relativeToSeaFloor</gx:altitudeMode>
                    </LookAt>
                    <styleUrl>#msn_ylw-pushpin0</styleUrl>
                    <Point>
                        <extrude>1</extrude>
                        <altitudeMode>absolute</altitudeMode>
                        <gx:drawOrder>1</gx:drawOrder>
                        <coordinates>2.0071633476451,48.357724839088,919.07121771667</coordinates>
                    </Point>
                </Placemark>
                
                <Placemark>
                    <name>14:09:09 - 109 kts - 2930 ft</name>
                    <visibility>0</visibility>
                    <description>latitude: 48.361951
longitude: 2.003171
altitude: 893 m / 2930 ft
elevation: 142 m / 466 ft
course: 329°
speed: 109 kts
</description>
                    <LookAt>
                        <longitude>2.0031709692495</longitude>
                        <latitude>48.361951141179</latitude>
                        <altitude>0</altitude>
                        <heading>0</heading>
                        <tilt>70</tilt>
                        <range>3000</range>
                        <gx:altitudeMode>relativeToSeaFloor</gx:altitudeMode>
                    </LookAt>
                    <styleUrl>#msn_ylw-pushpin0</styleUrl>
                    <Point>
                        <extrude>1</extrude>
                        <altitudeMode>absolute</altitudeMode>
                        <gx:drawOrder>1</gx:drawOrder>
                        <coordinates>2.0031709692495,48.361951141179,893.13595307805</coordinates>
                    </Point>
                </Placemark>
                
                <Placemark>
                    <name>14:09:18 - 110 kts - 2868 ft</name>
                    <visibility>0</visibility>
                    <description>latitude: 48.365923
longitude: 1.999813
altitude: 874 m / 2868 ft
elevation: 138 m / 453 ft
course: 332°
speed: 110 kts
</description>
                    <LookAt>
                        <longitude>1.9998125751356</longitude>
                        <latitude>48.365922568219</latitude>
                        <altitude>0</altitude>
                        <heading>0</heading>
                        <tilt>70</tilt>
                        <range>3000</range>
                        <gx:altitudeMode>relativeToSeaFloor</gx:altitudeMode>
                    </LookAt>
                    <styleUrl>#msn_ylw-pushpin0</styleUrl>
                    <Point>
                        <extrude>1</extrude>
                        <altitudeMode>absolute</altitudeMode>
                        <gx:drawOrder>1</gx:drawOrder>
                        <coordinates>1.9998125751356,48.365922568219,874.21595848631</coordinates>
                    </Point>
                </Placemark>
                
                <Placemark>
                    <name>14:09:27 - 112 kts - 2796 ft</name>
                    <visibility>0</visibility>
                    <description>latitude: 48.370010
longitude: 1.996588
altitude: 852 m / 2796 ft
elevation: 131 m / 430 ft
course: 333°
speed: 112 kts
</description>
                    <LookAt>
                        <longitude>1.9965876530582</longitude>
                        <latitude>48.370009975618</latitude>
                        <altitude>0</altitude>
                        <heading>0</heading>
                        <tilt>70</tilt>
                        <range>3000</range>
                        <gx:altitudeMode>relativeToSeaFloor</gx:altitudeMode>
                    </LookAt>
                    <styleUrl>#msn_ylw-pushpin0</styleUrl>
                    <Point>
                        <extrude>1</extrude>
                        <altitudeMode>absolute</altitudeMode>
                        <gx:drawOrder>1</gx:drawOrder>
                        <coordinates>1.9965876530582,48.370009975618,852.31318016071</coordinates>
                    </Point>
                </Placemark>
                
                <Placemark>
                    <name>14:09:36 - 112 kts - 2743 ft</name>
                    <visibility>0</visibility>
                    <description>latitude: 48.374264
longitude: 1.993696
altitude: 836 m / 2743 ft
elevation: 142 m / 466 ft
course: 337°
speed: 112 kts
</description>
                    <LookAt>
                        <longitude>1.9936962505209</longitude>
                        <latitude>48.374263710731</latitude>
                        <altitude>0</altitude>
                        <heading>0</heading>
                        <tilt>70</tilt>
                        <range>3000</range>
                        <gx:altitudeMode>relativeToSeaFloor</gx:altitudeMode>
                    </LookAt>
                    <styleUrl>#msn_ylw-pushpin0</styleUrl>
                    <Point>
                        <extrude>1</extrude>
                        <altitudeMode>absolute</altitudeMode>
                        <gx:drawOrder>1</gx:drawOrder>
                        <coordinates>1.9936962505209,48.374263710731,836.20598398894</coordinates>
                    </Point>
                </Placemark>
                
                <Placemark>
                    <name>14:09:45 - 109 kts - 2706 ft</name>
                    <visibility>0</visibility>
                    <description>latitude: 48.378421
longitude: 1.990902
altitude: 825 m / 2706 ft
elevation: 142 m / 466 ft
course: 335°
speed: 109 kts
</description>
                    <LookAt>
                        <longitude>1.9909015112741</longitude>
                        <latitude>48.378421188479</latitude>
                        <altitude>0</altitude>
                        <heading>0</heading>
                        <tilt>70</tilt>
                        <range>3000</range>
                        <gx:altitudeMode>relativeToSeaFloor</gx:altitudeMode>
                    </LookAt>
                    <styleUrl>#msn_ylw-pushpin0</styleUrl>
                    <Point>
                        <extrude>1</extrude>
                        <altitudeMode>absolute</altitudeMode>
                        <gx:drawOrder>1</gx:drawOrder>
                        <coordinates>1.9909015112741,48.378421188479,824.75645421259</coordinates>
                    </Point>
                </Placemark>
                
                <Placemark>
                    <name>14:09:54 - 111 kts - 2641 ft</name>
                    <visibility>0</visibility>
                    <description>latitude: 48.382572
longitude: 1.987857
altitude: 805 m / 2641 ft
elevation: 143 m / 469 ft
course: 334°
speed: 111 kts
</description>
                    <LookAt>
                        <longitude>1.9878573491525</longitude>
                        <latitude>48.382572387659</latitude>
                        <altitude>0</altitude>
                        <heading>0</heading>
                        <tilt>70</tilt>
                        <range>3000</range>
                        <gx:altitudeMode>relativeToSeaFloor</gx:altitudeMode>
                    </LookAt>
                    <styleUrl>#msn_ylw-pushpin0</styleUrl>
                    <Point>
                        <extrude>1</extrude>
                        <altitudeMode>absolute</altitudeMode>
                        <gx:drawOrder>1</gx:drawOrder>
                        <coordinates>1.9878573491525,48.382572387659,805.0528027853</coordinates>
                    </Point>
                </Placemark>
                
                <Placemark>
                    <name>14:10:03 - 107 kts - 2629 ft</name>
                    <visibility>0</visibility>
                    <description>latitude: 48.386599
longitude: 1.984818
altitude: 801 m / 2629 ft
elevation: 148 m / 486 ft
course: 332°
speed: 107 kts
</description>
                    <LookAt>
                        <longitude>1.9848178762581</longitude>
                        <latitude>48.386599126087</latitude>
                        <altitude>0</altitude>
                        <heading>0</heading>
                        <tilt>70</tilt>
                        <range>3000</range>
                        <gx:altitudeMode>relativeToSeaFloor</gx:altitudeMode>
                    </LookAt>
                    <styleUrl>#msn_ylw-pushpin0</styleUrl>
                    <Point>
                        <extrude>1</extrude>
                        <altitudeMode>absolute</altitudeMode>
                        <gx:drawOrder>1</gx:drawOrder>
                        <coordinates>1.9848178762581,48.386599126087,801.39102607593</coordinates>
                    </Point>
                </Placemark>
                
                <Placemark>
                    <name>14:10:12 - 109 kts - 2559 ft</name>
                    <visibility>0</visibility>
                    <description>latitude: 48.390488
longitude: 1.981401
altitude: 780 m / 2559 ft
elevation: 145 m / 476 ft
course: 329°
speed: 109 kts
</description>
                    <LookAt>
                        <longitude>1.9814012438716</longitude>
                        <latitude>48.390487642144</latitude>
                        <altitude>0</altitude>
                        <heading>0</heading>
                        <tilt>70</tilt>
                        <range>3000</range>
                        <gx:altitudeMode>relativeToSeaFloor</gx:altitudeMode>
                    </LookAt>
                    <styleUrl>#msn_ylw-pushpin0</styleUrl>
                    <Point>
                        <extrude>1</extrude>
                        <altitudeMode>absolute</altitudeMode>
                        <gx:drawOrder>1</gx:drawOrder>
                        <coordinates>1.9814012438716,48.390487642144,779.97890319116</coordinates>
                    </Point>
                </Placemark>
                
                <Placemark>
                    <name>14:10:21 - 107 kts - 2526 ft</name>
                    <visibility>0</visibility>
                    <description>latitude: 48.394365
longitude: 1.977980
altitude: 770 m / 2526 ft
elevation: 143 m / 469 ft
course: 330°
speed: 107 kts
</description>
                    <LookAt>
                        <longitude>1.9779796984188</longitude>
                        <latitude>48.394365239877</latitude>
                        <altitude>0</altitude>
                        <heading>0</heading>
                        <tilt>70</tilt>
                        <range>3000</range>
                        <gx:altitudeMode>relativeToSeaFloor</gx:altitudeMode>
                    </LookAt>
                    <styleUrl>#msn_ylw-pushpin0</styleUrl>
                    <Point>
                        <extrude>1</extrude>
                        <altitudeMode>absolute</altitudeMode>
                        <gx:drawOrder>1</gx:drawOrder>
                        <coordinates>1.9779796984188,48.394365239877,769.90384554025</coordinates>
                    </Point>
                </Placemark>
                
                <Placemark>
                    <name>14:10:31 - 105 kts - 2503 ft</name>
                    <visibility>0</visibility>
                    <description>latitude: 48.398473
longitude: 1.973977
altitude: 763 m / 2503 ft
elevation: 145 m / 476 ft
course: 327°
speed: 105 kts
</description>
                    <LookAt>
                        <longitude>1.9739765898172</longitude>
                        <latitude>48.398473246576</latitude>
                        <altitude>0</altitude>
                        <heading>0</heading>
                        <tilt>70</tilt>
                        <range>3000</range>
                        <gx:altitudeMode>relativeToSeaFloor</gx:altitudeMode>
                    </LookAt>
                    <styleUrl>#msn_ylw-pushpin0</styleUrl>
                    <Point>
                        <extrude>1</extrude>
                        <altitudeMode>absolute</altitudeMode>
                        <gx:drawOrder>1</gx:drawOrder>
                        <coordinates>1.9739765898172,48.398473246576,763.06339026242</coordinates>
                    </Point>
                </Placemark>
                
                <Placemark>
                    <name>14:10:41 - 106 kts - 2456 ft</name>
                    <visibility>0</visibility>
                    <description>latitude: 48.402484
longitude: 1.969907
altitude: 749 m / 2456 ft
elevation: 148 m / 486 ft
course: 323°
speed: 106 kts
</description>
                    <LookAt>
                        <longitude>1.9699070428322</longitude>
                        <latitude>48.402483709909</latitude>
                        <altitude>0</altitude>
                        <heading>0</heading>
                        <tilt>70</tilt>
                        <range>3000</range>
                        <gx:altitudeMode>relativeToSeaFloor</gx:altitudeMode>
                    </LookAt>
                    <styleUrl>#msn_ylw-pushpin0</styleUrl>
                    <Point>
                        <extrude>1</extrude>
                        <altitudeMode>absolute</altitudeMode>
                        <gx:drawOrder>1</gx:drawOrder>
                        <coordinates>1.9699070428322,48.402483709909,748.65391663555</coordinates>
                    </Point>
                </Placemark>
                
                <Placemark>
                    <name>14:10:50 - 109 kts - 2387 ft</name>
                    <visibility>0</visibility>
                    <description>latitude: 48.405997
longitude: 1.965685
altitude: 728 m / 2387 ft
elevation: 149 m / 489 ft
course: 322°
speed: 109 kts
</description>
                    <LookAt>
                        <longitude>1.9656852376663</longitude>
                        <latitude>48.405997151781</latitude>
                        <altitude>0</altitude>
                        <heading>0</heading>
                        <tilt>70</tilt>
                        <range>3000</range>
                        <gx:altitudeMode>relativeToSeaFloor</gx:altitudeMode>
                    </LookAt>
                    <styleUrl>#msn_ylw-pushpin0</styleUrl>
                    <Point>
                        <extrude>1</extrude>
                        <altitudeMode>absolute</altitudeMode>
                        <gx:drawOrder>1</gx:drawOrder>
                        <coordinates>1.9656852376663,48.405997151781,727.6976242559</coordinates>
                    </Point>
                </Placemark>
                
                <Placemark>
                    <name>14:10:59 - 108 kts - 2328 ft</name>
                    <visibility>0</visibility>
                    <description>latitude: 48.409476
longitude: 1.961317
altitude: 710 m / 2328 ft
elevation: 150 m / 492 ft
course: 316°
speed: 108 kts
</description>
                    <LookAt>
                        <longitude>1.9613171712584</longitude>
                        <latitude>48.40947572844</latitude>
                        <altitude>0</altitude>
                        <heading>0</heading>
                        <tilt>70</tilt>
                        <range>3000</range>
                        <gx:altitudeMode>relativeToSeaFloor</gx:altitudeMode>
                    </LookAt>
                    <styleUrl>#msn_ylw-pushpin0</styleUrl>
                    <Point>
                        <extrude>1</extrude>
                        <altitudeMode>absolute</altitudeMode>
                        <gx:drawOrder>1</gx:drawOrder>
                        <coordinates>1.9613171712584,48.40947572844,709.53788435459</coordinates>
                    </Point>
                </Placemark>
                
                <Placemark>
                    <name>14:11:09 - 107 kts - 2261 ft</name>
                    <visibility>0</visibility>
                    <description>latitude: 48.412929
longitude: 1.955932
altitude: 689 m / 2261 ft
elevation: 152 m / 499 ft
course: 314°
speed: 107 kts
</description>
                    <LookAt>
                        <longitude>1.9559322656723</longitude>
                        <latitude>48.412928806717</latitude>
                        <altitude>0</altitude>
                        <heading>0</heading>
                        <tilt>70</tilt>
                        <range>3000</range>
                        <gx:altitudeMode>relativeToSeaFloor</gx:altitudeMode>
                    </LookAt>
                    <styleUrl>#msn_ylw-pushpin0</styleUrl>
                    <Point>
                        <extrude>1</extrude>
                        <altitudeMode>absolute</altitudeMode>
                        <gx:drawOrder>1</gx:drawOrder>
                        <coordinates>1.9559322656723,48.412928806717,689.14000648167</coordinates>
                    </Point>
                </Placemark>
                
                <Placemark>
                    <name>14:11:19 - 106 kts - 2206 ft</name>
                    <visibility>0</visibility>
                    <description>latitude: 48.416194
longitude: 1.950425
altitude: 672 m / 2206 ft
elevation: 152 m / 499 ft
course: 310°
speed: 106 kts
</description>
                    <LookAt>
                        <longitude>1.950425203241</longitude>
                        <latitude>48.416193668568</latitude>
                        <altitude>0</altitude>
                        <heading>0</heading>
                        <tilt>70</tilt>
                        <range>3000</range>
                        <gx:altitudeMode>relativeToSeaFloor</gx:altitudeMode>
                    </LookAt>
                    <styleUrl>#msn_ylw-pushpin0</styleUrl>
                    <Point>
                        <extrude>1</extrude>
                        <altitudeMode>absolute</altitudeMode>
                        <gx:drawOrder>1</gx:drawOrder>
                        <coordinates>1.950425203241,48.416193668568,672.46566268895</coordinates>
                    </Point>
                </Placemark>
                
                <Placemark>
                    <name>14:11:29 - 105 kts - 2156 ft</name>
                    <visibility>0</visibility>
                    <description>latitude: 48.419307
longitude: 1.944727
altitude: 657 m / 2156 ft
elevation: 155 m / 509 ft
course: 308°
speed: 105 kts
</description>
                    <LookAt>
                        <longitude>1.9447266252542</longitude>
                        <latitude>48.419306790182</latitude>
                        <altitude>0</altitude>
                        <heading>0</heading>
                        <tilt>70</tilt>
                        <range>3000</range>
                        <gx:altitudeMode>relativeToSeaFloor</gx:altitudeMode>
                    </LookAt>
                    <styleUrl>#msn_ylw-pushpin0</styleUrl>
                    <Point>
                        <extrude>1</extrude>
                        <altitudeMode>absolute</altitudeMode>
                        <gx:drawOrder>1</gx:drawOrder>
                        <coordinates>1.9447266252542,48.419306790182,657.03913307097</coordinates>
                    </Point>
                </Placemark>
                
                <Placemark>
                    <name>14:11:39 - 97 kts - 2177 ft</name>
                    <visibility>0</visibility>
                    <description>latitude: 48.422111
longitude: 1.939144
altitude: 664 m / 2177 ft
elevation: 153 m / 502 ft
course: 305°
speed: 97 kts
</description>
                    <LookAt>
                        <longitude>1.9391436085193</longitude>
                        <latitude>48.422110512618</latitude>
                        <altitude>0</altitude>
                        <heading>0</heading>
                        <tilt>70</tilt>
                        <range>3000</range>
                        <gx:altitudeMode>relativeToSeaFloor</gx:altitudeMode>
                    </LookAt>
                    <styleUrl>#msn_ylw-pushpin0</styleUrl>
                    <Point>
                        <extrude>1</extrude>
                        <altitudeMode>absolute</altitudeMode>
                        <gx:drawOrder>1</gx:drawOrder>
                        <coordinates>1.9391436085193,48.422110512618,663.50671906956</coordinates>
                    </Point>
                </Placemark>
                
                <Placemark>
                    <name>14:11:50 - 99 kts - 2145 ft</name>
                    <visibility>0</visibility>
                    <description>latitude: 48.424867
longitude: 1.933005
altitude: 654 m / 2145 ft
elevation: 152 m / 499 ft
course: 307°
speed: 99 kts
</description>
                    <LookAt>
                        <longitude>1.9330048297452</longitude>
                        <latitude>48.424866557712</latitude>
                        <altitude>0</altitude>
                        <heading>0</heading>
                        <tilt>70</tilt>
                        <range>3000</range>
                        <gx:altitudeMode>relativeToSeaFloor</gx:altitudeMode>
                    </LookAt>
                    <styleUrl>#msn_ylw-pushpin0</styleUrl>
                    <Point>
                        <extrude>1</extrude>
                        <altitudeMode>absolute</altitudeMode>
                        <gx:drawOrder>1</gx:drawOrder>
                        <coordinates>1.9330048297452,48.424866557712,653.80097351037</coordinates>
                    </Point>
                </Placemark>
                
                <Placemark>
                    <name>14:12:01 - 95 kts - 2156 ft</name>
                    <visibility>0</visibility>
                    <description>latitude: 48.427788
longitude: 1.927056
altitude: 657 m / 2156 ft
elevation: 149 m / 489 ft
course: 306°
speed: 95 kts
</description>
                    <LookAt>
                        <longitude>1.9270556978038</longitude>
                        <latitude>48.427788431066</latitude>
                        <altitude>0</altitude>
                        <heading>0</heading>
                        <tilt>70</tilt>
                        <range>3000</range>
                        <gx:altitudeMode>relativeToSeaFloor</gx:altitudeMode>
                    </LookAt>
                    <styleUrl>#msn_ylw-pushpin0</styleUrl>
                    <Point>
                        <extrude>1</extrude>
                        <altitudeMode>absolute</altitudeMode>
                        <gx:drawOrder>1</gx:drawOrder>
                        <coordinates>1.9270556978038,48.427788431066,657.27484988701</coordinates>
                    </Point>
                </Placemark>
                
                <Placemark>
                    <name>14:12:12 - 93 kts - 2165 ft</name>
                    <visibility>0</visibility>
                    <description>latitude: 48.430521
longitude: 1.921204
altitude: 660 m / 2165 ft
elevation: 150 m / 492 ft
course: 304°
speed: 93 kts
</description>
                    <LookAt>
                        <longitude>1.9212044087802</longitude>
                        <latitude>48.430521087295</latitude>
                        <altitude>0</altitude>
                        <heading>0</heading>
                        <tilt>70</tilt>
                        <range>3000</range>
                        <gx:altitudeMode>relativeToSeaFloor</gx:altitudeMode>
                    </LookAt>
                    <styleUrl>#msn_ylw-pushpin0</styleUrl>
                    <Point>
                        <extrude>1</extrude>
                        <altitudeMode>absolute</altitudeMode>
                        <gx:drawOrder>1</gx:drawOrder>
                        <coordinates>1.9212044087802,48.430521087295,659.87687806599</coordinates>
                    </Point>
                </Placemark>
                
                <Placemark>
                    <name>14:12:23 - 95 kts - 2147 ft</name>
                    <visibility>0</visibility>
                    <description>latitude: 48.433082
longitude: 1.915117
altitude: 654 m / 2147 ft
elevation: 149 m / 489 ft
course: 301°
speed: 95 kts
</description>
                    <LookAt>
                        <longitude>1.9151165694445</longitude>
                        <latitude>48.43308186177</latitude>
                        <altitude>0</altitude>
                        <heading>0</heading>
                        <tilt>70</tilt>
                        <range>3000</range>
                        <gx:altitudeMode>relativeToSeaFloor</gx:altitudeMode>
                    </LookAt>
                    <styleUrl>#msn_ylw-pushpin0</styleUrl>
                    <Point>
                        <extrude>1</extrude>
                        <altitudeMode>absolute</altitudeMode>
                        <gx:drawOrder>1</gx:drawOrder>
                        <coordinates>1.9151165694445,48.43308186177,654.42665093858</coordinates>
                    </Point>
                </Placemark>
                
                <Placemark>
                    <name>14:12:31 - 91 kts - 2172 ft</name>
                    <visibility>0</visibility>
                    <description>latitude: 48.434697
longitude: 1.910550
altitude: 662 m / 2172 ft
elevation: 150 m / 492 ft
course: 296°
speed: 91 kts
</description>
                    <LookAt>
                        <longitude>1.9105501917468</longitude>
                        <latitude>48.434696930015</latitude>
                        <altitude>0</altitude>
                        <heading>0</heading>
                        <tilt>70</tilt>
                        <range>3000</range>
                        <gx:altitudeMode>relativeToSeaFloor</gx:altitudeMode>
                    </LookAt>
                    <styleUrl>#msn_ylw-pushpin0</styleUrl>
                    <Point>
                        <extrude>1</extrude>
                        <altitudeMode>absolute</altitudeMode>
                        <gx:drawOrder>1</gx:drawOrder>
                        <coordinates>1.9105501917468,48.434696930015,662.17702278402</coordinates>
                    </Point>
                </Placemark>
                
                <Placemark>
                    <name>14:12:42 - 94 kts - 2160 ft</name>
                    <visibility>0</visibility>
                    <description>latitude: 48.436513
longitude: 1.904017
altitude: 658 m / 2160 ft
elevation: 152 m / 499 ft
course: 292°
speed: 94 kts
</description>
                    <LookAt>
                        <longitude>1.904017005042</longitude>
                        <latitude>48.436512663561</latitude>
                        <altitude>0</altitude>
                        <heading>0</heading>
                        <tilt>70</tilt>
                        <range>3000</range>
                        <gx:altitudeMode>relativeToSeaFloor</gx:altitudeMode>
                    </LookAt>
                    <styleUrl>#msn_ylw-pushpin0</styleUrl>
                    <Point>
                        <extrude>1</extrude>
                        <altitudeMode>absolute</altitudeMode>
                        <gx:drawOrder>1</gx:drawOrder>
                        <coordinates>1.904017005042,48.436512663561,658.36994580925</coordinates>
                    </Point>
                </Placemark>
                
                <Placemark>
                    <name>14:12:53 - 94 kts - 2174 ft</name>
                    <visibility>0</visibility>
                    <description>latitude: 48.438349
longitude: 1.897365
altitude: 663 m / 2174 ft
elevation: 149 m / 489 ft
course: 294°
speed: 94 kts
</description>
                    <LookAt>
                        <longitude>1.8973654965197</longitude>
                        <latitude>48.438348895457</latitude>
                        <altitude>0</altitude>
                        <heading>0</heading>
                        <tilt>70</tilt>
                        <range>3000</range>
                        <gx:altitudeMode>relativeToSeaFloor</gx:altitudeMode>
                    </LookAt>
                    <styleUrl>#msn_ylw-pushpin0</styleUrl>
                    <Point>
                        <extrude>1</extrude>
                        <altitudeMode>absolute</altitudeMode>
                        <gx:drawOrder>1</gx:drawOrder>
                        <coordinates>1.8973654965197,48.438348895457,662.66561679821</coordinates>
                    </Point>
                </Placemark>
                
                <Placemark>
                    <name>14:13:04 - 93 kts - 2179 ft</name>
                    <visibility>0</visibility>
                    <description>latitude: 48.440539
longitude: 1.890912
altitude: 664 m / 2179 ft
elevation: 146 m / 479 ft
course: 295°
speed: 93 kts
</description>
                    <LookAt>
                        <longitude>1.890912346638</longitude>
                        <latitude>48.440538894414</latitude>
                        <altitude>0</altitude>
                        <heading>0</heading>
                        <tilt>70</tilt>
                        <range>3000</range>
                        <gx:altitudeMode>relativeToSeaFloor</gx:altitudeMode>
                    </LookAt>
                    <styleUrl>#msn_ylw-pushpin0</styleUrl>
                    <Point>
                        <extrude>1</extrude>
                        <altitudeMode>absolute</altitudeMode>
                        <gx:drawOrder>1</gx:drawOrder>
                        <coordinates>1.890912346638,48.440538894414,664.20100174379</coordinates>
                    </Point>
                </Placemark>
                
                <Placemark>
                    <name>14:13:15 - 93 kts - 2203 ft</name>
                    <visibility>0</visibility>
                    <description>latitude: 48.442527
longitude: 1.884532
altitude: 671 m / 2203 ft
elevation: 149 m / 489 ft
course: 297°
speed: 93 kts
</description>
                    <LookAt>
                        <longitude>1.884531518057</longitude>
                        <latitude>48.442527175051</latitude>
                        <altitude>0</altitude>
                        <heading>0</heading>
                        <tilt>70</tilt>
                        <range>3000</range>
                        <gx:altitudeMode>relativeToSeaFloor</gx:altitudeMode>
                    </LookAt>
                    <styleUrl>#msn_ylw-pushpin0</styleUrl>
                    <Point>
                        <extrude>1</extrude>
                        <altitudeMode>absolute</altitudeMode>
                        <gx:drawOrder>1</gx:drawOrder>
                        <coordinates>1.884531518057,48.442527175051,671.44220717717</coordinates>
                    </Point>
                </Placemark>
                
                <Placemark>
                    <name>14:13:26 - 96 kts - 2181 ft</name>
                    <visibility>0</visibility>
                    <description>latitude: 48.444694
longitude: 1.878074
altitude: 665 m / 2181 ft
elevation: 152 m / 499 ft
course: 296°
speed: 96 kts
</description>
                    <LookAt>
                        <longitude>1.8780740971877</longitude>
                        <latitude>48.444694236193</latitude>
                        <altitude>0</altitude>
                        <heading>0</heading>
                        <tilt>70</tilt>
                        <range>3000</range>
                        <gx:altitudeMode>relativeToSeaFloor</gx:altitudeMode>
                    </LookAt>
                    <styleUrl>#msn_ylw-pushpin0</styleUrl>
                    <Point>
                        <extrude>1</extrude>
                        <altitudeMode>absolute</altitudeMode>
                        <gx:drawOrder>1</gx:drawOrder>
                        <coordinates>1.8780740971877,48.444694236193,664.73272678629</coordinates>
                    </Point>
                </Placemark>
                
                <Placemark>
                    <name>14:13:36 - 98 kts - 2168 ft</name>
                    <visibility>0</visibility>
                    <description>latitude: 48.446606
longitude: 1.871905
altitude: 661 m / 2168 ft
elevation: 150 m / 492 ft
course: 294°
speed: 98 kts
</description>
                    <LookAt>
                        <longitude>1.8719047283644</longitude>
                        <latitude>48.446605931773</latitude>
                        <altitude>0</altitude>
                        <heading>0</heading>
                        <tilt>70</tilt>
                        <range>3000</range>
                        <gx:altitudeMode>relativeToSeaFloor</gx:altitudeMode>
                    </LookAt>
                    <styleUrl>#msn_ylw-pushpin0</styleUrl>
                    <Point>
                        <extrude>1</extrude>
                        <altitudeMode>absolute</altitudeMode>
                        <gx:drawOrder>1</gx:drawOrder>
                        <coordinates>1.8719047283644,48.446605931773,660.82013222668</coordinates>
                    </Point>
                </Placemark>
                
                <Placemark>
                    <name>14:13:47 - 97 kts - 2172 ft</name>
                    <visibility>0</visibility>
                    <description>latitude: 48.448788
longitude: 1.865253
altitude: 662 m / 2172 ft
elevation: 149 m / 489 ft
course: 297°
speed: 97 kts
</description>
                    <LookAt>
                        <longitude>1.8652531573564</longitude>
                        <latitude>48.448787526585</latitude>
                        <altitude>0</altitude>
                        <heading>0</heading>
                        <tilt>70</tilt>
                        <range>3000</range>
                        <gx:altitudeMode>relativeToSeaFloor</gx:altitudeMode>
                    </LookAt>
                    <styleUrl>#msn_ylw-pushpin0</styleUrl>
                    <Point>
                        <extrude>1</extrude>
                        <altitudeMode>absolute</altitudeMode>
                        <gx:drawOrder>1</gx:drawOrder>
                        <coordinates>1.8652531573564,48.448787526585,662.07527267747</coordinates>
                    </Point>
                </Placemark>
                
                <Placemark>
                    <name>14:13:56 - 100 kts - 2133 ft</name>
                    <visibility>0</visibility>
                    <description>latitude: 48.450954
longitude: 1.859267
altitude: 650 m / 2133 ft
elevation: 156 m / 512 ft
course: 301°
speed: 100 kts
</description>
                    <LookAt>
                        <longitude>1.8592666086746</longitude>
                        <latitude>48.450954225765</latitude>
                        <altitude>0</altitude>
                        <heading>0</heading>
                        <tilt>70</tilt>
                        <range>3000</range>
                        <gx:altitudeMode>relativeToSeaFloor</gx:altitudeMode>
                    </LookAt>
                    <styleUrl>#msn_ylw-pushpin0</styleUrl>
                    <Point>
                        <extrude>1</extrude>
                        <altitudeMode>absolute</altitudeMode>
                        <gx:drawOrder>1</gx:drawOrder>
                        <coordinates>1.8592666086746,48.450954225765,650.27512376197</coordinates>
                    </Point>
                </Placemark>
                
                <Placemark>
                    <name>14:14:07 - 104 kts - 2110 ft</name>
                    <visibility>0</visibility>
                    <description>latitude: 48.453294
longitude: 1.853088
altitude: 643 m / 2110 ft
elevation: 150 m / 492 ft
course: 300°
speed: 104 kts
</description>
                    <LookAt>
                        <longitude>1.8530882644313</longitude>
                        <latitude>48.453293985004</latitude>
                        <altitude>0</altitude>
                        <heading>0</heading>
                        <tilt>70</tilt>
                        <range>3000</range>
                        <gx:altitudeMode>relativeToSeaFloor</gx:altitudeMode>
                    </LookAt>
                    <styleUrl>#msn_ylw-pushpin0</styleUrl>
                    <Point>
                        <extrude>1</extrude>
                        <altitudeMode>absolute</altitudeMode>
                        <gx:drawOrder>1</gx:drawOrder>
                        <coordinates>1.8530882644313,48.453293985004,643.1146081537</coordinates>
                    </Point>
                </Placemark>
                
                <Placemark>
                    <name>14:14:17 - 104 kts - 2109 ft</name>
                    <visibility>0</visibility>
                    <description>latitude: 48.455763
longitude: 1.846802
altitude: 643 m / 2109 ft
elevation: 153 m / 502 ft
course: 300°
speed: 104 kts
</description>
                    <LookAt>
                        <longitude>1.8468016606955</longitude>
                        <latitude>48.455762738208</latitude>
                        <altitude>0</altitude>
                        <heading>0</heading>
                        <tilt>70</tilt>
                        <range>3000</range>
                        <gx:altitudeMode>relativeToSeaFloor</gx:altitudeMode>
                    </LookAt>
                    <styleUrl>#msn_ylw-pushpin0</styleUrl>
                    <Point>
                        <extrude>1</extrude>
                        <altitudeMode>absolute</altitudeMode>
                        <gx:drawOrder>1</gx:drawOrder>
                        <coordinates>1.8468016606955,48.455762738208,642.73402111605</coordinates>
                    </Point>
                </Placemark>
                
                <Placemark>
                    <name>14:14:27 - 101 kts - 2129 ft</name>
                    <visibility>0</visibility>
                    <description>latitude: 48.458070
longitude: 1.840607
altitude: 649 m / 2129 ft
elevation: 155 m / 509 ft
course: 301°
speed: 101 kts
</description>
                    <LookAt>
                        <longitude>1.840607191449</longitude>
                        <latitude>48.45807049869</latitude>
                        <altitude>0</altitude>
                        <heading>0</heading>
                        <tilt>70</tilt>
                        <range>3000</range>
                        <gx:altitudeMode>relativeToSeaFloor</gx:altitudeMode>
                    </LookAt>
                    <styleUrl>#msn_ylw-pushpin0</styleUrl>
                    <Point>
                        <extrude>1</extrude>
                        <altitudeMode>absolute</altitudeMode>
                        <gx:drawOrder>1</gx:drawOrder>
                        <coordinates>1.840607191449,48.45807049869,648.9511558488</coordinates>
                    </Point>
                </Placemark>
                
                <Placemark>
                    <name>14:14:37 - 100 kts - 2138 ft</name>
                    <visibility>0</visibility>
                    <description>latitude: 48.460481
longitude: 1.834695
altitude: 652 m / 2138 ft
elevation: 156 m / 512 ft
course: 301°
speed: 100 kts
</description>
                    <LookAt>
                        <longitude>1.8346952793905</longitude>
                        <latitude>48.460480816482</latitude>
                        <altitude>0</altitude>
                        <heading>0</heading>
                        <tilt>70</tilt>
                        <range>3000</range>
                        <gx:altitudeMode>relativeToSeaFloor</gx:altitudeMode>
                    </LookAt>
                    <styleUrl>#msn_ylw-pushpin0</styleUrl>
                    <Point>
                        <extrude>1</extrude>
                        <altitudeMode>absolute</altitudeMode>
                        <gx:drawOrder>1</gx:drawOrder>
                        <coordinates>1.8346952793905,48.460480816482,651.78322230838</coordinates>
                    </Point>
                </Placemark>
                
                <Placemark>
                    <name>14:14:47 - 101 kts - 2133 ft</name>
                    <visibility>0</visibility>
                    <description>latitude: 48.462929
longitude: 1.828751
altitude: 650 m / 2133 ft
elevation: 153 m / 502 ft
course: 302°
speed: 101 kts
</description>
                    <LookAt>
                        <longitude>1.8287509081743</longitude>
                        <latitude>48.462928951971</latitude>
                        <altitude>0</altitude>
                        <heading>0</heading>
                        <tilt>70</tilt>
                        <range>3000</range>
                        <gx:altitudeMode>relativeToSeaFloor</gx:altitudeMode>
                    </LookAt>
                    <styleUrl>#msn_ylw-pushpin0</styleUrl>
                    <Point>
                        <extrude>1</extrude>
                        <altitudeMode>absolute</altitudeMode>
                        <gx:drawOrder>1</gx:drawOrder>
                        <coordinates>1.8287509081743,48.462928951971,650.11393074878</coordinates>
                    </Point>
                </Placemark>
                
                <Placemark>
                    <name>14:14:57 - 101 kts - 2130 ft</name>
                    <visibility>0</visibility>
                    <description>latitude: 48.465449
longitude: 1.822825
altitude: 649 m / 2130 ft
elevation: 160 m / 525 ft
course: 303°
speed: 101 kts
</description>
                    <LookAt>
                        <longitude>1.8228247584301</longitude>
                        <latitude>48.465449291705</latitude>
                        <altitude>0</altitude>
                        <heading>0</heading>
                        <tilt>70</tilt>
                        <range>3000</range>
                        <gx:altitudeMode>relativeToSeaFloor</gx:altitudeMode>
                    </LookAt>
                    <styleUrl>#msn_ylw-pushpin0</styleUrl>
                    <Point>
                        <extrude>1</extrude>
                        <altitudeMode>absolute</altitudeMode>
                        <gx:drawOrder>1</gx:drawOrder>
                        <coordinates>1.8228247584301,48.465449291705,649.238928915</coordinates>
                    </Point>
                </Placemark>
                
                <Placemark>
                    <name>14:15:07 - 103 kts - 2129 ft</name>
                    <visibility>0</visibility>
                    <description>latitude: 48.468007
longitude: 1.816880
altitude: 649 m / 2129 ft
elevation: 153 m / 502 ft
course: 303°
speed: 103 kts
</description>
                    <LookAt>
                        <longitude>1.8168797145187</longitude>
                        <latitude>48.468007199767</latitude>
                        <altitude>0</altitude>
                        <heading>0</heading>
                        <tilt>70</tilt>
                        <range>3000</range>
                        <gx:altitudeMode>relativeToSeaFloor</gx:altitudeMode>
                    </LookAt>
                    <styleUrl>#msn_ylw-pushpin0</styleUrl>
                    <Point>
                        <extrude>1</extrude>
                        <altitudeMode>absolute</altitudeMode>
                        <gx:drawOrder>1</gx:drawOrder>
                        <coordinates>1.8168797145187,48.468007199767,648.9872130584</coordinates>
                    </Point>
                </Placemark>
                
                <Placemark>
                    <name>14:15:17 - 102 kts - 2141 ft</name>
                    <visibility>0</visibility>
                    <description>latitude: 48.470731
longitude: 1.811035
altitude: 653 m / 2141 ft
elevation: 150 m / 492 ft
course: 307°
speed: 102 kts
</description>
                    <LookAt>
                        <longitude>1.8110352202083</longitude>
                        <latitude>48.470730776069</latitude>
                        <altitude>0</altitude>
                        <heading>0</heading>
                        <tilt>70</tilt>
                        <range>3000</range>
                        <gx:altitudeMode>relativeToSeaFloor</gx:altitudeMode>
                    </LookAt>
                    <styleUrl>#msn_ylw-pushpin0</styleUrl>
                    <Point>
                        <extrude>1</extrude>
                        <altitudeMode>absolute</altitudeMode>
                        <gx:drawOrder>1</gx:drawOrder>
                        <coordinates>1.8110352202083,48.470730776069,652.62313971575</coordinates>
                    </Point>
                </Placemark>
                
                <Placemark>
                    <name>14:15:27 - 100 kts - 2131 ft</name>
                    <visibility>0</visibility>
                    <description>latitude: 48.473506
longitude: 1.805377
altitude: 649 m / 2131 ft
elevation: 149 m / 489 ft
course: 306°
speed: 100 kts
</description>
                    <LookAt>
                        <longitude>1.8053765339998</longitude>
                        <latitude>48.473506004327</latitude>
                        <altitude>0</altitude>
                        <heading>0</heading>
                        <tilt>70</tilt>
                        <range>3000</range>
                        <gx:altitudeMode>relativeToSeaFloor</gx:altitudeMode>
                    </LookAt>
                    <styleUrl>#msn_ylw-pushpin0</styleUrl>
                    <Point>
                        <extrude>1</extrude>
                        <altitudeMode>absolute</altitudeMode>
                        <gx:drawOrder>1</gx:drawOrder>
                        <coordinates>1.8053765339998,48.473506004327,649.4765291959</coordinates>
                    </Point>
                </Placemark>
                
                <Placemark>
                    <name>14:15:37 - 100 kts - 2140 ft</name>
                    <visibility>0</visibility>
                    <description>latitude: 48.476088
longitude: 1.799644
altitude: 652 m / 2140 ft
elevation: 153 m / 502 ft
course: 304°
speed: 100 kts
</description>
                    <LookAt>
                        <longitude>1.7996442002634</longitude>
                        <latitude>48.476088437961</latitude>
                        <altitude>0</altitude>
                        <heading>0</heading>
                        <tilt>70</tilt>
                        <range>3000</range>
                        <gx:altitudeMode>relativeToSeaFloor</gx:altitudeMode>
                    </LookAt>
                    <styleUrl>#msn_ylw-pushpin0</styleUrl>
                    <Point>
                        <extrude>1</extrude>
                        <altitudeMode>absolute</altitudeMode>
                        <gx:drawOrder>1</gx:drawOrder>
                        <coordinates>1.7996442002634,48.476088437961,652.33997430559</coordinates>
                    </Point>
                </Placemark>
                
                <Placemark>
                    <name>14:15:47 - 100 kts - 2138 ft</name>
                    <visibility>0</visibility>
                    <description>latitude: 48.478667
longitude: 1.793829
altitude: 652 m / 2138 ft
elevation: 153 m / 502 ft
course: 304°
speed: 100 kts
</description>
                    <LookAt>
                        <longitude>1.7938286271433</longitude>
                        <latitude>48.478666863755</latitude>
                        <altitude>0</altitude>
                        <heading>0</heading>
                        <tilt>70</tilt>
                        <range>3000</range>
                        <gx:altitudeMode>relativeToSeaFloor</gx:altitudeMode>
                    </LookAt>
                    <styleUrl>#msn_ylw-pushpin0</styleUrl>
                    <Point>
                        <extrude>1</extrude>
                        <altitudeMode>absolute</altitudeMode>
                        <gx:drawOrder>1</gx:drawOrder>
                        <coordinates>1.7938286271433,48.478666863755,651.69262974523</coordinates>
                    </Point>
                </Placemark>
                
                <Placemark>
                    <name>14:15:56 - 101 kts - 2131 ft</name>
                    <visibility>0</visibility>
                    <description>latitude: 48.481289
longitude: 1.788105
altitude: 649 m / 2131 ft
elevation: 149 m / 489 ft
course: 306°
speed: 101 kts
</description>
                    <LookAt>
                        <longitude>1.7881051642855</longitude>
                        <latitude>48.481289217154</latitude>
                        <altitude>0</altitude>
                        <heading>0</heading>
                        <tilt>70</tilt>
                        <range>3000</range>
                        <gx:altitudeMode>relativeToSeaFloor</gx:altitudeMode>
                    </LookAt>
                    <styleUrl>#msn_ylw-pushpin0</styleUrl>
                    <Point>
                        <extrude>1</extrude>
                        <altitudeMode>absolute</altitudeMode>
                        <gx:drawOrder>1</gx:drawOrder>
                        <coordinates>1.7881051642855,48.481289217154,649.48779150471</coordinates>
                    </Point>
                </Placemark>
                
                <Placemark>
                    <name>14:16:04 - 101 kts - 2132 ft</name>
                    <visibility>0</visibility>
                    <description>latitude: 48.483626
longitude: 1.783703
altitude: 650 m / 2132 ft
elevation: 149 m / 489 ft
course: 312°
speed: 101 kts
</description>
                    <LookAt>
                        <longitude>1.7837030127936</longitude>
                        <latitude>48.483625614862</latitude>
                        <altitude>0</altitude>
                        <heading>0</heading>
                        <tilt>70</tilt>
                        <range>3000</range>
                        <gx:altitudeMode>relativeToSeaFloor</gx:altitudeMode>
                    </LookAt>
                    <styleUrl>#msn_ylw-pushpin0</styleUrl>
                    <Point>
                        <extrude>1</extrude>
                        <altitudeMode>absolute</altitudeMode>
                        <gx:drawOrder>1</gx:drawOrder>
                        <coordinates>1.7837030127936,48.483625614862,649.75572962128</coordinates>
                    </Point>
                </Placemark>
                
                <Placemark>
                    <name>14:16:07 - 102 kts - 2127 ft</name>
                    <visibility>0</visibility>
                    <description>latitude: 48.484651
longitude: 1.782237
altitude: 648 m / 2127 ft
elevation: 148 m / 486 ft
course: 318°
speed: 102 kts
</description>
                    <LookAt>
                        <longitude>1.7822369546016</longitude>
                        <latitude>48.484651254443</latitude>
                        <altitude>0</altitude>
                        <heading>0</heading>
                        <tilt>70</tilt>
                        <range>3000</range>
                        <gx:altitudeMode>relativeToSeaFloor</gx:altitudeMode>
                    </LookAt>
                    <styleUrl>#msn_ylw-pushpin0</styleUrl>
                    <Point>
                        <extrude>1</extrude>
                        <altitudeMode>absolute</altitudeMode>
                        <gx:drawOrder>1</gx:drawOrder>
                        <coordinates>1.7822369546016,48.484651254443,648.35461443663</coordinates>
                    </Point>
                </Placemark>
                
                <Placemark>
                    <name>14:16:11 - 103 kts - 2124 ft</name>
                    <visibility>0</visibility>
                    <description>latitude: 48.486161
longitude: 1.780485
altitude: 647 m / 2124 ft
elevation: 149 m / 489 ft
course: 324°
speed: 103 kts
</description>
                    <LookAt>
                        <longitude>1.7804849218659</longitude>
                        <latitude>48.486160547734</latitude>
                        <altitude>0</altitude>
                        <heading>0</heading>
                        <tilt>70</tilt>
                        <range>3000</range>
                        <gx:altitudeMode>relativeToSeaFloor</gx:altitudeMode>
                    </LookAt>
                    <styleUrl>#msn_ylw-pushpin0</styleUrl>
                    <Point>
                        <extrude>1</extrude>
                        <altitudeMode>absolute</altitudeMode>
                        <gx:drawOrder>1</gx:drawOrder>
                        <coordinates>1.7804849218659,48.486160547734,647.26747978106</coordinates>
                    </Point>
                </Placemark>
                
                <Placemark>
                    <name>14:16:14 - 103 kts - 2128 ft</name>
                    <visibility>0</visibility>
                    <description>latitude: 48.487388
longitude: 1.779365
altitude: 649 m / 2128 ft
elevation: 149 m / 489 ft
course: 330°
speed: 103 kts
</description>
                    <LookAt>
                        <longitude>1.779364884144</longitude>
                        <latitude>48.487388022628</latitude>
                        <altitude>0</altitude>
                        <heading>0</heading>
                        <tilt>70</tilt>
                        <range>3000</range>
                        <gx:altitudeMode>relativeToSeaFloor</gx:altitudeMode>
                    </LookAt>
                    <styleUrl>#msn_ylw-pushpin0</styleUrl>
                    <Point>
                        <extrude>1</extrude>
                        <altitudeMode>absolute</altitudeMode>
                        <gx:drawOrder>1</gx:drawOrder>
                        <coordinates>1.779364884144,48.487388022628,648.54248283524</coordinates>
                    </Point>
                </Placemark>
                
                <Placemark>
                    <name>14:16:18 - 104 kts - 2137 ft</name>
                    <visibility>0</visibility>
                    <description>latitude: 48.489111
longitude: 1.778100
altitude: 651 m / 2137 ft
elevation: 150 m / 492 ft
course: 335°
speed: 104 kts
</description>
                    <LookAt>
                        <longitude>1.7781004691584</longitude>
                        <latitude>48.489111149642</latitude>
                        <altitude>0</altitude>
                        <heading>0</heading>
                        <tilt>70</tilt>
                        <range>3000</range>
                        <gx:altitudeMode>relativeToSeaFloor</gx:altitudeMode>
                    </LookAt>
                    <styleUrl>#msn_ylw-pushpin0</styleUrl>
                    <Point>
                        <extrude>1</extrude>
                        <altitudeMode>absolute</altitudeMode>
                        <gx:drawOrder>1</gx:drawOrder>
                        <coordinates>1.7781004691584,48.489111149642,651.33046125714</coordinates>
                    </Point>
                </Placemark>
                
                <Placemark>
                    <name>14:16:24 - 104 kts - 2137 ft</name>
                    <visibility>0</visibility>
                    <description>latitude: 48.491358
longitude: 1.776793
altitude: 651 m / 2137 ft
elevation: 153 m / 502 ft
course: 341°
speed: 104 kts
</description>
                    <LookAt>
                        <longitude>1.7767928466375</longitude>
                        <latitude>48.491358001787</latitude>
                        <altitude>0</altitude>
                        <heading>0</heading>
                        <tilt>70</tilt>
                        <range>3000</range>
                        <gx:altitudeMode>relativeToSeaFloor</gx:altitudeMode>
                    </LookAt>
                    <styleUrl>#msn_ylw-pushpin0</styleUrl>
                    <Point>
                        <extrude>1</extrude>
                        <altitudeMode>absolute</altitudeMode>
                        <gx:drawOrder>1</gx:drawOrder>
                        <coordinates>1.7767928466375,48.491358001787,651.45202038903</coordinates>
                    </Point>
                </Placemark>
                
                <Placemark>
                    <name>14:16:34 - 104 kts - 2132 ft</name>
                    <visibility>0</visibility>
                    <description>latitude: 48.495982
longitude: 1.774558
altitude: 650 m / 2132 ft
elevation: 153 m / 502 ft
course: 342°
speed: 104 kts
</description>
                    <LookAt>
                        <longitude>1.7745577264323</longitude>
                        <latitude>48.495982223353</latitude>
                        <altitude>0</altitude>
                        <heading>0</heading>
                        <tilt>70</tilt>
                        <range>3000</range>
                        <gx:altitudeMode>relativeToSeaFloor</gx:altitudeMode>
                    </LookAt>
                    <styleUrl>#msn_ylw-pushpin0</styleUrl>
                    <Point>
                        <extrude>1</extrude>
                        <altitudeMode>absolute</altitudeMode>
                        <gx:drawOrder>1</gx:drawOrder>
                        <coordinates>1.7745577264323,48.495982223353,649.74707669951</coordinates>
                    </Point>
                </Placemark>
                
                <Placemark>
                    <name>14:16:44 - 103 kts - 2149 ft</name>
                    <visibility>0</visibility>
                    <description>latitude: 48.500526
longitude: 1.772282
altitude: 655 m / 2149 ft
elevation: 153 m / 502 ft
course: 342°
speed: 103 kts
</description>
                    <LookAt>
                        <longitude>1.7722815894326</longitude>
                        <latitude>48.500525989866</latitude>
                        <altitude>0</altitude>
                        <heading>0</heading>
                        <tilt>70</tilt>
                        <range>3000</range>
                        <gx:altitudeMode>relativeToSeaFloor</gx:altitudeMode>
                    </LookAt>
                    <styleUrl>#msn_ylw-pushpin0</styleUrl>
                    <Point>
                        <extrude>1</extrude>
                        <altitudeMode>absolute</altitudeMode>
                        <gx:drawOrder>1</gx:drawOrder>
                        <coordinates>1.7722815894326,48.500525989866,654.97565795016</coordinates>
                    </Point>
                </Placemark>
                
                <Placemark>
                    <name>14:16:54 - 104 kts - 2155 ft</name>
                    <visibility>0</visibility>
                    <description>latitude: 48.505057
longitude: 1.769912
altitude: 657 m / 2155 ft
elevation: 153 m / 502 ft
course: 340°
speed: 104 kts
</description>
                    <LookAt>
                        <longitude>1.7699117827861</longitude>
                        <latitude>48.505057060363</latitude>
                        <altitude>0</altitude>
                        <heading>0</heading>
                        <tilt>70</tilt>
                        <range>3000</range>
                        <gx:altitudeMode>relativeToSeaFloor</gx:altitudeMode>
                    </LookAt>
                    <styleUrl>#msn_ylw-pushpin0</styleUrl>
                    <Point>
                        <extrude>1</extrude>
                        <altitudeMode>absolute</altitudeMode>
                        <gx:drawOrder>1</gx:drawOrder>
                        <coordinates>1.7699117827861,48.505057060363,656.70518032741</coordinates>
                    </Point>
                </Placemark>
                
                <Placemark>
                    <name>14:17:04 - 107 kts - 2129 ft</name>
                    <visibility>0</visibility>
                    <description>latitude: 48.509653
longitude: 1.767320
altitude: 649 m / 2129 ft
elevation: 149 m / 489 ft
course: 339°
speed: 107 kts
</description>
                    <LookAt>
                        <longitude>1.7673198949656</longitude>
                        <latitude>48.509652799052</latitude>
                        <altitude>0</altitude>
                        <heading>0</heading>
                        <tilt>70</tilt>
                        <range>3000</range>
                        <gx:altitudeMode>relativeToSeaFloor</gx:altitudeMode>
                    </LookAt>
                    <styleUrl>#msn_ylw-pushpin0</styleUrl>
                    <Point>
                        <extrude>1</extrude>
                        <altitudeMode>absolute</altitudeMode>
                        <gx:drawOrder>1</gx:drawOrder>
                        <coordinates>1.7673198949656,48.509652799052,648.96270207968</coordinates>
                    </Point>
                </Placemark>
                
                <Placemark>
                    <name>14:17:14 - 107 kts - 2128 ft</name>
                    <visibility>0</visibility>
                    <description>latitude: 48.514327
longitude: 1.764772
altitude: 649 m / 2128 ft
elevation: 153 m / 502 ft
course: 340°
speed: 107 kts
</description>
                    <LookAt>
                        <longitude>1.7647724777409</longitude>
                        <latitude>48.514327460701</latitude>
                        <altitude>0</altitude>
                        <heading>0</heading>
                        <tilt>70</tilt>
                        <range>3000</range>
                        <gx:altitudeMode>relativeToSeaFloor</gx:altitudeMode>
                    </LookAt>
                    <styleUrl>#msn_ylw-pushpin0</styleUrl>
                    <Point>
                        <extrude>1</extrude>
                        <altitudeMode>absolute</altitudeMode>
                        <gx:drawOrder>1</gx:drawOrder>
                        <coordinates>1.7647724777409,48.514327460701,648.63250418007</coordinates>
                    </Point>
                </Placemark>
                
                <Placemark>
                    <name>14:17:24 - 107 kts - 2129 ft</name>
                    <visibility>0</visibility>
                    <description>latitude: 48.518934
longitude: 1.762152
altitude: 649 m / 2129 ft
elevation: 153 m / 502 ft
course: 340°
speed: 107 kts
</description>
                    <LookAt>
                        <longitude>1.7621520469637</longitude>
                        <latitude>48.518934433019</latitude>
                        <altitude>0</altitude>
                        <heading>0</heading>
                        <tilt>70</tilt>
                        <range>3000</range>
                        <gx:altitudeMode>relativeToSeaFloor</gx:altitudeMode>
                    </LookAt>
                    <styleUrl>#msn_ylw-pushpin0</styleUrl>
                    <Point>
                        <extrude>1</extrude>
                        <altitudeMode>absolute</altitudeMode>
                        <gx:drawOrder>1</gx:drawOrder>
                        <coordinates>1.7621520469637,48.518934433019,648.83041685354</coordinates>
                    </Point>
                </Placemark>
                
                <Placemark>
                    <name>14:17:29 - 108 kts - 2135 ft</name>
                    <visibility>0</visibility>
                    <description>latitude: 48.521318
longitude: 1.761067
altitude: 651 m / 2135 ft
elevation: 128 m / 420 ft
course: 345°
speed: 108 kts
</description>
                    <LookAt>
                        <longitude>1.7610669021885</longitude>
                        <latitude>48.521318281915</latitude>
                        <altitude>0</altitude>
                        <heading>0</heading>
                        <tilt>70</tilt>
                        <range>3000</range>
                        <gx:altitudeMode>relativeToSeaFloor</gx:altitudeMode>
                    </LookAt>
                    <styleUrl>#msn_ylw-pushpin0</styleUrl>
                    <Point>
                        <extrude>1</extrude>
                        <altitudeMode>absolute</altitudeMode>
                        <gx:drawOrder>1</gx:drawOrder>
                        <coordinates>1.7610669021885,48.521318281915,650.68440460972</coordinates>
                    </Point>
                </Placemark>
                
                <Placemark>
                    <name>14:17:33 - 109 kts - 2133 ft</name>
                    <visibility>0</visibility>
                    <description>latitude: 48.523299
longitude: 1.760519
altitude: 650 m / 2133 ft
elevation: 125 m / 410 ft
course: 351°
speed: 109 kts
</description>
                    <LookAt>
                        <longitude>1.7605191744171</longitude>
                        <latitude>48.523298633708</latitude>
                        <altitude>0</altitude>
                        <heading>0</heading>
                        <tilt>70</tilt>
                        <range>3000</range>
                        <gx:altitudeMode>relativeToSeaFloor</gx:altitudeMode>
                    </LookAt>
                    <styleUrl>#msn_ylw-pushpin0</styleUrl>
                    <Point>
                        <extrude>1</extrude>
                        <altitudeMode>absolute</altitudeMode>
                        <gx:drawOrder>1</gx:drawOrder>
                        <coordinates>1.7605191744171,48.523298633708,650.02026601043</coordinates>
                    </Point>
                </Placemark>
                
                <Placemark>
                    <name>14:17:37 - 109 kts - 2124 ft</name>
                    <visibility>0</visibility>
                    <description>latitude: 48.525312
longitude: 1.760292
altitude: 647 m / 2124 ft
elevation: 142 m / 466 ft
course: 357°
speed: 109 kts
</description>
                    <LookAt>
                        <longitude>1.7602921405687</longitude>
                        <latitude>48.525311974761</latitude>
                        <altitude>0</altitude>
                        <heading>0</heading>
                        <tilt>70</tilt>
                        <range>3000</range>
                        <gx:altitudeMode>relativeToSeaFloor</gx:altitudeMode>
                    </LookAt>
                    <styleUrl>#msn_ylw-pushpin0</styleUrl>
                    <Point>
                        <extrude>1</extrude>
                        <altitudeMode>absolute</altitudeMode>
                        <gx:drawOrder>1</gx:drawOrder>
                        <coordinates>1.7602921405687,48.525311974761,647.3136349963</coordinates>
                    </Point>
                </Placemark>
                
                <Placemark>
                    <name>14:17:40 - 108 kts - 2123 ft</name>
                    <visibility>0</visibility>
                    <description>latitude: 48.526815
longitude: 1.760308
altitude: 647 m / 2123 ft
elevation: 150 m / 492 ft
course: 1°
speed: 108 kts
</description>
                    <LookAt>
                        <longitude>1.7603076381998</longitude>
                        <latitude>48.526815171461</latitude>
                        <altitude>0</altitude>
                        <heading>0</heading>
                        <tilt>70</tilt>
                        <range>3000</range>
                        <gx:altitudeMode>relativeToSeaFloor</gx:altitudeMode>
                    </LookAt>
                    <styleUrl>#msn_ylw-pushpin0</styleUrl>
                    <Point>
                        <extrude>1</extrude>
                        <altitudeMode>absolute</altitudeMode>
                        <gx:drawOrder>1</gx:drawOrder>
                        <coordinates>1.7603076381998,48.526815171461,647.13301844895</coordinates>
                    </Point>
                </Placemark>
                
                <Placemark>
                    <name>14:17:47 - 106 kts - 2148 ft</name>
                    <visibility>0</visibility>
                    <description>latitude: 48.530255
longitude: 1.760753
altitude: 655 m / 2148 ft
elevation: 152 m / 499 ft
course: 7°
speed: 106 kts
</description>
                    <LookAt>
                        <longitude>1.7607528726921</longitude>
                        <latitude>48.530255442875</latitude>
                        <altitude>0</altitude>
                        <heading>0</heading>
                        <tilt>70</tilt>
                        <range>3000</range>
                        <gx:altitudeMode>relativeToSeaFloor</gx:altitudeMode>
                    </LookAt>
                    <styleUrl>#msn_ylw-pushpin0</styleUrl>
                    <Point>
                        <extrude>1</extrude>
                        <altitudeMode>absolute</altitudeMode>
                        <gx:drawOrder>1</gx:drawOrder>
                        <coordinates>1.7607528726921,48.530255442875,654.6791439373</coordinates>
                    </Point>
                </Placemark>
                
                <Placemark>
                    <name>14:17:57 - 106 kts - 2134 ft</name>
                    <visibility>0</visibility>
                    <description>latitude: 48.535089
longitude: 1.762028
altitude: 650 m / 2134 ft
elevation: 155 m / 509 ft
course: 10°
speed: 106 kts
</description>
                    <LookAt>
                        <longitude>1.7620276460925</longitude>
                        <latitude>48.535088872361</latitude>
                        <altitude>0</altitude>
                        <heading>0</heading>
                        <tilt>70</tilt>
                        <range>3000</range>
                        <gx:altitudeMode>relativeToSeaFloor</gx:altitudeMode>
                    </LookAt>
                    <styleUrl>#msn_ylw-pushpin0</styleUrl>
                    <Point>
                        <extrude>1</extrude>
                        <altitudeMode>absolute</altitudeMode>
                        <gx:drawOrder>1</gx:drawOrder>
                        <coordinates>1.7620276460925,48.535088872361,650.38132316153</coordinates>
                    </Point>
                </Placemark>
                
                <Placemark>
                    <name>14:18:06 - 106 kts - 2137 ft</name>
                    <visibility>0</visibility>
                    <description>latitude: 48.539912
longitude: 1.763256
altitude: 651 m / 2137 ft
elevation: 153 m / 502 ft
course: 9°
speed: 106 kts
</description>
                    <LookAt>
                        <longitude>1.763256243528</longitude>
                        <latitude>48.539911732616</latitude>
                        <altitude>0</altitude>
                        <heading>0</heading>
                        <tilt>70</tilt>
                        <range>3000</range>
                        <gx:altitudeMode>relativeToSeaFloor</gx:altitudeMode>
                    </LookAt>
                    <styleUrl>#msn_ylw-pushpin0</styleUrl>
                    <Point>
                        <extrude>1</extrude>
                        <altitudeMode>absolute</altitudeMode>
                        <gx:drawOrder>1</gx:drawOrder>
                        <coordinates>1.763256243528,48.539911732616,651.46076858975</coordinates>
                    </Point>
                </Placemark>
                
                <Placemark>
                    <name>14:18:16 - 104 kts - 2154 ft</name>
                    <visibility>0</visibility>
                    <description>latitude: 48.544701
longitude: 1.764428
altitude: 657 m / 2154 ft
elevation: 152 m / 499 ft
course: 10°
speed: 104 kts
</description>
                    <LookAt>
                        <longitude>1.764427512444</longitude>
                        <latitude>48.544701039974</latitude>
                        <altitude>0</altitude>
                        <heading>0</heading>
                        <tilt>70</tilt>
                        <range>3000</range>
                        <gx:altitudeMode>relativeToSeaFloor</gx:altitudeMode>
                    </LookAt>
                    <styleUrl>#msn_ylw-pushpin0</styleUrl>
                    <Point>
                        <extrude>1</extrude>
                        <altitudeMode>absolute</altitudeMode>
                        <gx:drawOrder>1</gx:drawOrder>
                        <coordinates>1.764427512444,48.544701039974,656.52144629601</coordinates>
                    </Point>
                </Placemark>
                
                <Placemark>
                    <name>14:18:26 - 107 kts - 2141 ft</name>
                    <visibility>0</visibility>
                    <description>latitude: 48.549478
longitude: 1.765961
altitude: 653 m / 2141 ft
elevation: 156 m / 512 ft
course: 13°
speed: 107 kts
</description>
                    <LookAt>
                        <longitude>1.7659606226142</longitude>
                        <latitude>48.549477907723</latitude>
                        <altitude>0</altitude>
                        <heading>0</heading>
                        <tilt>70</tilt>
                        <range>3000</range>
                        <gx:altitudeMode>relativeToSeaFloor</gx:altitudeMode>
                    </LookAt>
                    <styleUrl>#msn_ylw-pushpin0</styleUrl>
                    <Point>
                        <extrude>1</extrude>
                        <altitudeMode>absolute</altitudeMode>
                        <gx:drawOrder>1</gx:drawOrder>
                        <coordinates>1.7659606226142,48.549477907723,652.70080719609</coordinates>
                    </Point>
                </Placemark>
                
                <Placemark>
                    <name>14:18:36 - 109 kts - 2131 ft</name>
                    <visibility>0</visibility>
                    <description>latitude: 48.553895
longitude: 1.767493
altitude: 650 m / 2131 ft
elevation: 156 m / 512 ft
course: 11°
speed: 109 kts
</description>
                    <LookAt>
                        <longitude>1.7674931396882</longitude>
                        <latitude>48.553894757505</latitude>
                        <altitude>0</altitude>
                        <heading>0</heading>
                        <tilt>70</tilt>
                        <range>3000</range>
                        <gx:altitudeMode>relativeToSeaFloor</gx:altitudeMode>
                    </LookAt>
                    <styleUrl>#msn_ylw-pushpin0</styleUrl>
                    <Point>
                        <extrude>1</extrude>
                        <altitudeMode>absolute</altitudeMode>
                        <gx:drawOrder>1</gx:drawOrder>
                        <coordinates>1.7674931396882,48.553894757505,649.57109995931</coordinates>
                    </Point>
                </Placemark>
                
                <Placemark>
                    <name>14:18:46 - 107 kts - 2146 ft</name>
                    <visibility>0</visibility>
                    <description>latitude: 48.558798
longitude: 1.768880
altitude: 654 m / 2146 ft
elevation: 160 m / 525 ft
course: 10°
speed: 107 kts
</description>
                    <LookAt>
                        <longitude>1.7688796187715</longitude>
                        <latitude>48.558798369695</latitude>
                        <altitude>0</altitude>
                        <heading>0</heading>
                        <tilt>70</tilt>
                        <range>3000</range>
                        <gx:altitudeMode>relativeToSeaFloor</gx:altitudeMode>
                    </LookAt>
                    <styleUrl>#msn_ylw-pushpin0</styleUrl>
                    <Point>
                        <extrude>1</extrude>
                        <altitudeMode>absolute</altitudeMode>
                        <gx:drawOrder>1</gx:drawOrder>
                        <coordinates>1.7688796187715,48.558798369695,654.07838200219</coordinates>
                    </Point>
                </Placemark>
                
                <Placemark>
                    <name>14:18:56 - 108 kts - 2132 ft</name>
                    <visibility>0</visibility>
                    <description>latitude: 48.563701
longitude: 1.770169
altitude: 650 m / 2132 ft
elevation: 170 m / 558 ft
course: 9°
speed: 108 kts
</description>
                    <LookAt>
                        <longitude>1.7701692644504</longitude>
                        <latitude>48.563700814899</latitude>
                        <altitude>0</altitude>
                        <heading>0</heading>
                        <tilt>70</tilt>
                        <range>3000</range>
                        <gx:altitudeMode>relativeToSeaFloor</gx:altitudeMode>
                    </LookAt>
                    <styleUrl>#msn_ylw-pushpin0</styleUrl>
                    <Point>
                        <extrude>1</extrude>
                        <altitudeMode>absolute</altitudeMode>
                        <gx:drawOrder>1</gx:drawOrder>
                        <coordinates>1.7701692644504,48.563700814899,649.74711594824</coordinates>
                    </Point>
                </Placemark>
                
                <Placemark>
                    <name>14:19:06 - 106 kts - 2131 ft</name>
                    <visibility>0</visibility>
                    <description>latitude: 48.568576
longitude: 1.771377
altitude: 650 m / 2131 ft
elevation: 164 m / 538 ft
course: 10°
speed: 106 kts
</description>
                    <LookAt>
                        <longitude>1.7713772679745</longitude>
                        <latitude>48.568576484721</latitude>
                        <altitude>0</altitude>
                        <heading>0</heading>
                        <tilt>70</tilt>
                        <range>3000</range>
                        <gx:altitudeMode>relativeToSeaFloor</gx:altitudeMode>
                    </LookAt>
                    <styleUrl>#msn_ylw-pushpin0</styleUrl>
                    <Point>
                        <extrude>1</extrude>
                        <altitudeMode>absolute</altitudeMode>
                        <gx:drawOrder>1</gx:drawOrder>
                        <coordinates>1.7713772679745,48.568576484721,649.66798949242</coordinates>
                    </Point>
                </Placemark>
                
                <Placemark>
                    <name>14:19:16 - 105 kts - 2134 ft</name>
                    <visibility>0</visibility>
                    <description>latitude: 48.573361
longitude: 1.772571
altitude: 650 m / 2134 ft
elevation: 155 m / 509 ft
course: 9°
speed: 105 kts
</description>
                    <LookAt>
                        <longitude>1.7725710561</longitude>
                        <latitude>48.573361475366</latitude>
                        <altitude>0</altitude>
                        <heading>0</heading>
                        <tilt>70</tilt>
                        <range>3000</range>
                        <gx:altitudeMode>relativeToSeaFloor</gx:altitudeMode>
                    </LookAt>
                    <styleUrl>#msn_ylw-pushpin0</styleUrl>
                    <Point>
                        <extrude>1</extrude>
                        <altitudeMode>absolute</altitudeMode>
                        <gx:drawOrder>1</gx:drawOrder>
                        <coordinates>1.7725710561,48.573361475366,650.39719645772</coordinates>
                    </Point>
                </Placemark>
                
                <Placemark>
                    <name>14:19:26 - 106 kts - 2124 ft</name>
                    <visibility>0</visibility>
                    <description>latitude: 48.578175
longitude: 1.773788
altitude: 647 m / 2124 ft
elevation: 155 m / 509 ft
course: 11°
speed: 106 kts
</description>
                    <LookAt>
                        <longitude>1.7737882817028</longitude>
                        <latitude>48.578174877071</latitude>
                        <altitude>0</altitude>
                        <heading>0</heading>
                        <tilt>70</tilt>
                        <range>3000</range>
                        <gx:altitudeMode>relativeToSeaFloor</gx:altitudeMode>
                    </LookAt>
                    <styleUrl>#msn_ylw-pushpin0</styleUrl>
                    <Point>
                        <extrude>1</extrude>
                        <altitudeMode>absolute</altitudeMode>
                        <gx:drawOrder>1</gx:drawOrder>
                        <coordinates>1.7737882817028,48.578174877071,647.25612101424</coordinates>
                    </Point>
                </Placemark>
                
                <Placemark>
                    <name>14:19:36 - 104 kts - 2138 ft</name>
                    <visibility>0</visibility>
                    <description>latitude: 48.582976
longitude: 1.775160
altitude: 652 m / 2138 ft
elevation: 149 m / 489 ft
course: 10°
speed: 104 kts
</description>
                    <LookAt>
                        <longitude>1.7751599944663</longitude>
                        <latitude>48.582975731512</latitude>
                        <altitude>0</altitude>
                        <heading>0</heading>
                        <tilt>70</tilt>
                        <range>3000</range>
                        <gx:altitudeMode>relativeToSeaFloor</gx:altitudeMode>
                    </LookAt>
                    <styleUrl>#msn_ylw-pushpin0</styleUrl>
                    <Point>
                        <extrude>1</extrude>
                        <altitudeMode>absolute</altitudeMode>
                        <gx:drawOrder>1</gx:drawOrder>
                        <coordinates>1.7751599944663,48.582975731512,651.64635057375</coordinates>
                    </Point>
                </Placemark>
                
                <Placemark>
                    <name>14:19:46 - 105 kts - 2140 ft</name>
                    <visibility>0</visibility>
                    <description>latitude: 48.587740
longitude: 1.776357
altitude: 652 m / 2140 ft
elevation: 163 m / 535 ft
course: 10°
speed: 105 kts
</description>
                    <LookAt>
                        <longitude>1.776356964701</longitude>
                        <latitude>48.587740313526</latitude>
                        <altitude>0</altitude>
                        <heading>0</heading>
                        <tilt>70</tilt>
                        <range>3000</range>
                        <gx:altitudeMode>relativeToSeaFloor</gx:altitudeMode>
                    </LookAt>
                    <styleUrl>#msn_ylw-pushpin0</styleUrl>
                    <Point>
                        <extrude>1</extrude>
                        <altitudeMode>absolute</altitudeMode>
                        <gx:drawOrder>1</gx:drawOrder>
                        <coordinates>1.776356964701,48.587740313526,652.16578680277</coordinates>
                    </Point>
                </Placemark>
                
                <Placemark>
                    <name>14:19:56 - 106 kts - 2141 ft</name>
                    <visibility>0</visibility>
                    <description>latitude: 48.592571
longitude: 1.777503
altitude: 653 m / 2141 ft
elevation: 163 m / 535 ft
course: 9°
speed: 106 kts
</description>
                    <LookAt>
                        <longitude>1.777503123683</longitude>
                        <latitude>48.592571460837</latitude>
                        <altitude>0</altitude>
                        <heading>0</heading>
                        <tilt>70</tilt>
                        <range>3000</range>
                        <gx:altitudeMode>relativeToSeaFloor</gx:altitudeMode>
                    </LookAt>
                    <styleUrl>#msn_ylw-pushpin0</styleUrl>
                    <Point>
                        <extrude>1</extrude>
                        <altitudeMode>absolute</altitudeMode>
                        <gx:drawOrder>1</gx:drawOrder>
                        <coordinates>1.777503123683,48.592571460837,652.59329791926</coordinates>
                    </Point>
                </Placemark>
                
                <Placemark>
                    <name>14:20:06 - 107 kts - 2146 ft</name>
                    <visibility>0</visibility>
                    <description>latitude: 48.597420
longitude: 1.778698
altitude: 654 m / 2146 ft
elevation: 164 m / 538 ft
course: 9°
speed: 107 kts
</description>
                    <LookAt>
                        <longitude>1.7786978109523</longitude>
                        <latitude>48.597419942013</latitude>
                        <altitude>0</altitude>
                        <heading>0</heading>
                        <tilt>70</tilt>
                        <range>3000</range>
                        <gx:altitudeMode>relativeToSeaFloor</gx:altitudeMode>
                    </LookAt>
                    <styleUrl>#msn_ylw-pushpin0</styleUrl>
                    <Point>
                        <extrude>1</extrude>
                        <altitudeMode>absolute</altitudeMode>
                        <gx:drawOrder>1</gx:drawOrder>
                        <coordinates>1.7786978109523,48.597419942013,654.04522367194</coordinates>
                    </Point>
                </Placemark>
                
                <Placemark>
                    <name>14:20:15 - 107 kts - 2152 ft</name>
                    <visibility>0</visibility>
                    <description>latitude: 48.602285
longitude: 1.779958
altitude: 656 m / 2152 ft
elevation: 166 m / 545 ft
course: 8°
speed: 107 kts
</description>
                    <LookAt>
                        <longitude>1.7799576073741</longitude>
                        <latitude>48.602285066669</latitude>
                        <altitude>0</altitude>
                        <heading>0</heading>
                        <tilt>70</tilt>
                        <range>3000</range>
                        <gx:altitudeMode>relativeToSeaFloor</gx:altitudeMode>
                    </LookAt>
                    <styleUrl>#msn_ylw-pushpin0</styleUrl>
                    <Point>
                        <extrude>1</extrude>
                        <altitudeMode>absolute</altitudeMode>
                        <gx:drawOrder>1</gx:drawOrder>
                        <coordinates>1.7799576073741,48.602285066669,655.91768161207</coordinates>
                    </Point>
                </Placemark>
                
                <Placemark>
                    <name>14:20:25 - 108 kts - 2145 ft</name>
                    <visibility>0</visibility>
                    <description>latitude: 48.607248
longitude: 1.780767
altitude: 654 m / 2145 ft
elevation: 167 m / 548 ft
course: 5°
speed: 108 kts
</description>
                    <LookAt>
                        <longitude>1.7807671820657</longitude>
                        <latitude>48.607247779214</latitude>
                        <altitude>0</altitude>
                        <heading>0</heading>
                        <tilt>70</tilt>
                        <range>3000</range>
                        <gx:altitudeMode>relativeToSeaFloor</gx:altitudeMode>
                    </LookAt>
                    <styleUrl>#msn_ylw-pushpin0</styleUrl>
                    <Point>
                        <extrude>1</extrude>
                        <altitudeMode>absolute</altitudeMode>
                        <gx:drawOrder>1</gx:drawOrder>
                        <coordinates>1.7807671820657,48.607247779214,653.69385073427</coordinates>
                    </Point>
                </Placemark>
                
                <Placemark>
                    <name>14:20:35 - 108 kts - 2142 ft</name>
                    <visibility>0</visibility>
                    <description>latitude: 48.611750
longitude: 1.781074
altitude: 653 m / 2142 ft
elevation: 178 m / 584 ft
course: 1°
speed: 108 kts
</description>
                    <LookAt>
                        <longitude>1.7810743566924</longitude>
                        <latitude>48.611749727752</latitude>
                        <altitude>0</altitude>
                        <heading>0</heading>
                        <tilt>70</tilt>
                        <range>3000</range>
                        <gx:altitudeMode>relativeToSeaFloor</gx:altitudeMode>
                    </LookAt>
                    <styleUrl>#msn_ylw-pushpin0</styleUrl>
                    <Point>
                        <extrude>1</extrude>
                        <altitudeMode>absolute</altitudeMode>
                        <gx:drawOrder>1</gx:drawOrder>
                        <coordinates>1.7810743566924,48.611749727752,652.74374960735</coordinates>
                    </Point>
                </Placemark>
                
                <Placemark>
                    <name>14:20:38 - 108 kts - 2142 ft</name>
                    <visibility>0</visibility>
                    <description>latitude: 48.613255
longitude: 1.781077
altitude: 653 m / 2142 ft
elevation: 167 m / 548 ft
course: 360°
speed: 108 kts
</description>
                    <LookAt>
                        <longitude>1.7810772192978</longitude>
                        <latitude>48.613255201453</latitude>
                        <altitude>0</altitude>
                        <heading>0</heading>
                        <tilt>70</tilt>
                        <range>3000</range>
                        <gx:altitudeMode>relativeToSeaFloor</gx:altitudeMode>
                    </LookAt>
                    <styleUrl>#msn_ylw-pushpin0</styleUrl>
                    <Point>
                        <extrude>1</extrude>
                        <altitudeMode>absolute</altitudeMode>
                        <gx:drawOrder>1</gx:drawOrder>
                        <coordinates>1.7810772192978,48.613255201453,652.97727226466</coordinates>
                    </Point>
                </Placemark>
                
                <Placemark>
                    <name>14:20:44 - 108 kts - 2141 ft</name>
                    <visibility>0</visibility>
                    <description>latitude: 48.616253
longitude: 1.781048
altitude: 653 m / 2141 ft
elevation: 167 m / 548 ft
course: 0°
speed: 108 kts
</description>
                    <LookAt>
                        <longitude>1.7810475426391</longitude>
                        <latitude>48.616253132736</latitude>
                        <altitude>0</altitude>
                        <heading>0</heading>
                        <tilt>70</tilt>
                        <range>3000</range>
                        <gx:altitudeMode>relativeToSeaFloor</gx:altitudeMode>
                    </LookAt>
                    <styleUrl>#msn_ylw-pushpin0</styleUrl>
                    <Point>
                        <extrude>1</extrude>
                        <altitudeMode>absolute</altitudeMode>
                        <gx:drawOrder>1</gx:drawOrder>
                        <coordinates>1.7810475426391,48.616253132736,652.62585611269</coordinates>
                    </Point>
                </Placemark>
                
                <Placemark>
                    <name>14:20:53 - 108 kts - 2137 ft</name>
                    <visibility>0</visibility>
                    <description>latitude: 48.620789
longitude: 1.781258
altitude: 651 m / 2137 ft
elevation: 163 m / 535 ft
course: 2°
speed: 108 kts
</description>
                    <LookAt>
                        <longitude>1.7812579396609</longitude>
                        <latitude>48.620788904579</latitude>
                        <altitude>0</altitude>
                        <heading>0</heading>
                        <tilt>70</tilt>
                        <range>3000</range>
                        <gx:altitudeMode>relativeToSeaFloor</gx:altitudeMode>
                    </LookAt>
                    <styleUrl>#msn_ylw-pushpin0</styleUrl>
                    <Point>
                        <extrude>1</extrude>
                        <altitudeMode>absolute</altitudeMode>
                        <gx:drawOrder>1</gx:drawOrder>
                        <coordinates>1.7812579396609,48.620788904579,651.26731616072</coordinates>
                    </Point>
                </Placemark>
                
                <Placemark>
                    <name>14:21:03 - 106 kts - 2149 ft</name>
                    <visibility>0</visibility>
                    <description>latitude: 48.625722
longitude: 1.781433
altitude: 655 m / 2149 ft
elevation: 163 m / 535 ft
course: 1°
speed: 106 kts
</description>
                    <LookAt>
                        <longitude>1.7814329778696</longitude>
                        <latitude>48.625721836108</latitude>
                        <altitude>0</altitude>
                        <heading>0</heading>
                        <tilt>70</tilt>
                        <range>3000</range>
                        <gx:altitudeMode>relativeToSeaFloor</gx:altitudeMode>
                    </LookAt>
                    <styleUrl>#msn_ylw-pushpin0</styleUrl>
                    <Point>
                        <extrude>1</extrude>
                        <altitudeMode>absolute</altitudeMode>
                        <gx:drawOrder>1</gx:drawOrder>
                        <coordinates>1.7814329778696,48.625721836108,655.05486088898</coordinates>
                    </Point>
                </Placemark>
                
                <Placemark>
                    <name>14:21:13 - 108 kts - 2140 ft</name>
                    <visibility>0</visibility>
                    <description>latitude: 48.630670
longitude: 1.781469
altitude: 652 m / 2140 ft
elevation: 159 m / 522 ft
course: 0°
speed: 108 kts
</description>
                    <LookAt>
                        <longitude>1.7814685964413</longitude>
                        <latitude>48.630669674503</latitude>
                        <altitude>0</altitude>
                        <heading>0</heading>
                        <tilt>70</tilt>
                        <range>3000</range>
                        <gx:altitudeMode>relativeToSeaFloor</gx:altitudeMode>
                    </LookAt>
                    <styleUrl>#msn_ylw-pushpin0</styleUrl>
                    <Point>
                        <extrude>1</extrude>
                        <altitudeMode>absolute</altitudeMode>
                        <gx:drawOrder>1</gx:drawOrder>
                        <coordinates>1.7814685964413,48.630669674503,652.14812664781</coordinates>
                    </Point>
                </Placemark>
                
                <Placemark>
                    <name>14:21:18 - 108 kts - 2139 ft</name>
                    <visibility>0</visibility>
                    <description>latitude: 48.633165
longitude: 1.781476
altitude: 652 m / 2139 ft
elevation: 145 m / 476 ft
course: 360°
speed: 108 kts
</description>
                    <LookAt>
                        <longitude>1.7814758552739</longitude>
                        <latitude>48.633164918538</latitude>
                        <altitude>0</altitude>
                        <heading>0</heading>
                        <tilt>70</tilt>
                        <range>3000</range>
                        <gx:altitudeMode>relativeToSeaFloor</gx:altitudeMode>
                    </LookAt>
                    <styleUrl>#msn_ylw-pushpin0</styleUrl>
                    <Point>
                        <extrude>1</extrude>
                        <altitudeMode>absolute</altitudeMode>
                        <gx:drawOrder>1</gx:drawOrder>
                        <coordinates>1.7814758552739,48.633164918538,652.01207376923</coordinates>
                    </Point>
                </Placemark>
                
                <Placemark>
                    <name>14:21:19 - 108 kts - 2139 ft</name>
                    <visibility>0</visibility>
                    <description>latitude: 48.633665
longitude: 1.781477
altitude: 652 m / 2139 ft
elevation: 145 m / 476 ft
course: 0°
speed: 108 kts
</description>
                    <LookAt>
                        <longitude>1.7814774482169</longitude>
                        <latitude>48.633664850507</latitude>
                        <altitude>0</altitude>
                        <heading>0</heading>
                        <tilt>70</tilt>
                        <range>3000</range>
                        <gx:altitudeMode>relativeToSeaFloor</gx:altitudeMode>
                    </LookAt>
                    <styleUrl>#msn_ylw-pushpin0</styleUrl>
                    <Point>
                        <extrude>1</extrude>
                        <altitudeMode>absolute</altitudeMode>
                        <gx:drawOrder>1</gx:drawOrder>
                        <coordinates>1.7814774482169,48.633664850507,651.93261895981</coordinates>
                    </Point>
                </Placemark>
                
                <Placemark>
                    <name>14:21:21 - 108 kts - 2138 ft</name>
                    <visibility>0</visibility>
                    <description>latitude: 48.634663
longitude: 1.781473
altitude: 652 m / 2138 ft
elevation: 156 m / 512 ft
course: 360°
speed: 108 kts
</description>
                    <LookAt>
                        <longitude>1.7814725866051</longitude>
                        <latitude>48.634663463116</latitude>
                        <altitude>0</altitude>
                        <heading>0</heading>
                        <tilt>70</tilt>
                        <range>3000</range>
                        <gx:altitudeMode>relativeToSeaFloor</gx:altitudeMode>
                    </LookAt>
                    <styleUrl>#msn_ylw-pushpin0</styleUrl>
                    <Point>
                        <extrude>1</extrude>
                        <altitudeMode>absolute</altitudeMode>
                        <gx:drawOrder>1</gx:drawOrder>
                        <coordinates>1.7814725866051,48.634663463116,651.80709260795</coordinates>
                    </Point>
                </Placemark>
                
                <Placemark>
                    <name>14:21:26 - 108 kts - 2144 ft</name>
                    <visibility>0</visibility>
                    <description>latitude: 48.637165
longitude: 1.781468
altitude: 654 m / 2144 ft
elevation: 160 m / 525 ft
course: 0°
speed: 108 kts
</description>
                    <LookAt>
                        <longitude>1.7814681029419</longitude>
                        <latitude>48.637165287103</latitude>
                        <altitude>0</altitude>
                        <heading>0</heading>
                        <tilt>70</tilt>
                        <range>3000</range>
                        <gx:altitudeMode>relativeToSeaFloor</gx:altitudeMode>
                    </LookAt>
                    <styleUrl>#msn_ylw-pushpin0</styleUrl>
                    <Point>
                        <extrude>1</extrude>
                        <altitudeMode>absolute</altitudeMode>
                        <gx:drawOrder>1</gx:drawOrder>
                        <coordinates>1.7814681029419,48.637165287103,653.62646520045</coordinates>
                    </Point>
                </Placemark>
                
                <Placemark>
                    <name>14:21:28 - 108 kts - 2143 ft</name>
                    <visibility>0</visibility>
                    <description>latitude: 48.638165
longitude: 1.781456
altitude: 653 m / 2143 ft
elevation: 170 m / 558 ft
course: 360°
speed: 108 kts
</description>
                    <LookAt>
                        <longitude>1.781456496788</longitude>
                        <latitude>48.638164513008</latitude>
                        <altitude>0</altitude>
                        <heading>0</heading>
                        <tilt>70</tilt>
                        <range>3000</range>
                        <gx:altitudeMode>relativeToSeaFloor</gx:altitudeMode>
                    </LookAt>
                    <styleUrl>#msn_ylw-pushpin0</styleUrl>
                    <Point>
                        <extrude>1</extrude>
                        <altitudeMode>absolute</altitudeMode>
                        <gx:drawOrder>1</gx:drawOrder>
                        <coordinates>1.781456496788,48.638164513008,653.25744203385</coordinates>
                    </Point>
                </Placemark>
                
                <Placemark>
                    <name>14:21:32 - 108 kts - 2146 ft</name>
                    <visibility>0</visibility>
                    <description>latitude: 48.640163
longitude: 1.781448
altitude: 654 m / 2146 ft
elevation: 159 m / 522 ft
course: 0°
speed: 108 kts
</description>
                    <LookAt>
                        <longitude>1.7814479108633</longitude>
                        <latitude>48.640163406882</latitude>
                        <altitude>0</altitude>
                        <heading>0</heading>
                        <tilt>70</tilt>
                        <range>3000</range>
                        <gx:altitudeMode>relativeToSeaFloor</gx:altitudeMode>
                    </LookAt>
                    <styleUrl>#msn_ylw-pushpin0</styleUrl>
                    <Point>
                        <extrude>1</extrude>
                        <altitudeMode>absolute</altitudeMode>
                        <gx:drawOrder>1</gx:drawOrder>
                        <coordinates>1.7814479108633,48.640163406882,654.04416451417</coordinates>
                    </Point>
                </Placemark>
                
                <Placemark>
                    <name>14:21:34 - 108 kts - 2147 ft</name>
                    <visibility>0</visibility>
                    <description>latitude: 48.641160
longitude: 1.781449
altitude: 654 m / 2147 ft
elevation: 156 m / 512 ft
course: 360°
speed: 108 kts
</description>
                    <LookAt>
                        <longitude>1.7814494939279</longitude>
                        <latitude>48.641160010287</latitude>
                        <altitude>0</altitude>
                        <heading>0</heading>
                        <tilt>70</tilt>
                        <range>3000</range>
                        <gx:altitudeMode>relativeToSeaFloor</gx:altitudeMode>
                    </LookAt>
                    <styleUrl>#msn_ylw-pushpin0</styleUrl>
                    <Point>
                        <extrude>1</extrude>
                        <altitudeMode>absolute</altitudeMode>
                        <gx:drawOrder>1</gx:drawOrder>
                        <coordinates>1.7814494939279,48.641160010287,654.29611912556</coordinates>
                    </Point>
                </Placemark>
                
                <Placemark>
                    <name>14:21:44 - 108 kts - 2133 ft</name>
                    <visibility>0</visibility>
                    <description>latitude: 48.646149
longitude: 1.781312
altitude: 650 m / 2133 ft
elevation: 159 m / 522 ft
course: 359°
speed: 108 kts
</description>
                    <LookAt>
                        <longitude>1.7813124992838</longitude>
                        <latitude>48.646149218807</latitude>
                        <altitude>0</altitude>
                        <heading>0</heading>
                        <tilt>70</tilt>
                        <range>3000</range>
                        <gx:altitudeMode>relativeToSeaFloor</gx:altitudeMode>
                    </LookAt>
                    <styleUrl>#msn_ylw-pushpin0</styleUrl>
                    <Point>
                        <extrude>1</extrude>
                        <altitudeMode>absolute</altitudeMode>
                        <gx:drawOrder>1</gx:drawOrder>
                        <coordinates>1.7813124992838,48.646149218807,650.28370951302</coordinates>
                    </Point>
                </Placemark>
                
                <Placemark>
                    <name>14:21:50 - 107 kts - 2135 ft</name>
                    <visibility>0</visibility>
                    <description>latitude: 48.649139
longitude: 1.781284
altitude: 651 m / 2135 ft
elevation: 171 m / 561 ft
course: 0°
speed: 107 kts
</description>
                    <LookAt>
                        <longitude>1.7812838566103</longitude>
                        <latitude>48.649138687047</latitude>
                        <altitude>0</altitude>
                        <heading>0</heading>
                        <tilt>70</tilt>
                        <range>3000</range>
                        <gx:altitudeMode>relativeToSeaFloor</gx:altitudeMode>
                    </LookAt>
                    <styleUrl>#msn_ylw-pushpin0</styleUrl>
                    <Point>
                        <extrude>1</extrude>
                        <altitudeMode>absolute</altitudeMode>
                        <gx:drawOrder>1</gx:drawOrder>
                        <coordinates>1.7812838566103,48.649138687047,650.86204042844</coordinates>
                    </Point>
                </Placemark>
                
                <Placemark>
                    <name>14:22:00 - 106 kts - 2136 ft</name>
                    <visibility>0</visibility>
                    <description>latitude: 48.654051
longitude: 1.781417
altitude: 651 m / 2136 ft
elevation: 174 m / 571 ft
course: 1°
speed: 106 kts
</description>
                    <LookAt>
                        <longitude>1.7814165225173</longitude>
                        <latitude>48.654051065665</latitude>
                        <altitude>0</altitude>
                        <heading>0</heading>
                        <tilt>70</tilt>
                        <range>3000</range>
                        <gx:altitudeMode>relativeToSeaFloor</gx:altitudeMode>
                    </LookAt>
                    <styleUrl>#msn_ylw-pushpin0</styleUrl>
                    <Point>
                        <extrude>1</extrude>
                        <altitudeMode>absolute</altitudeMode>
                        <gx:drawOrder>1</gx:drawOrder>
                        <coordinates>1.7814165225173,48.654051065665,650.92631813139</coordinates>
                    </Point>
                </Placemark>
                
                <Placemark>
                    <name>14:22:07 - 104 kts - 2146 ft</name>
                    <visibility>0</visibility>
                    <description>latitude: 48.657436
longitude: 1.781481
altitude: 654 m / 2146 ft
elevation: 181 m / 594 ft
course: 360°
speed: 104 kts
</description>
                    <LookAt>
                        <longitude>1.7814808322915</longitude>
                        <latitude>48.657436388589</latitude>
                        <altitude>0</altitude>
                        <heading>0</heading>
                        <tilt>70</tilt>
                        <range>3000</range>
                        <gx:altitudeMode>relativeToSeaFloor</gx:altitudeMode>
                    </LookAt>
                    <styleUrl>#msn_ylw-pushpin0</styleUrl>
                    <Point>
                        <extrude>1</extrude>
                        <altitudeMode>absolute</altitudeMode>
                        <gx:drawOrder>1</gx:drawOrder>
                        <coordinates>1.7814808322915,48.657436388589,654.09159651864</coordinates>
                    </Point>
                </Placemark>
                
                <Placemark>
                    <name>14:22:17 - 103 kts - 2140 ft</name>
                    <visibility>0</visibility>
                    <description>latitude: 48.662239
longitude: 1.781370
altitude: 652 m / 2140 ft
elevation: 178 m / 584 ft
course: 357°
speed: 103 kts
</description>
                    <LookAt>
                        <longitude>1.7813698995889</longitude>
                        <latitude>48.66223895865</latitude>
                        <altitude>0</altitude>
                        <heading>0</heading>
                        <tilt>70</tilt>
                        <range>3000</range>
                        <gx:altitudeMode>relativeToSeaFloor</gx:altitudeMode>
                    </LookAt>
                    <styleUrl>#msn_ylw-pushpin0</styleUrl>
                    <Point>
                        <extrude>1</extrude>
                        <altitudeMode>absolute</altitudeMode>
                        <gx:drawOrder>1</gx:drawOrder>
                        <coordinates>1.7813698995889,48.66223895865,652.15134772472</coordinates>
                    </Point>
                </Placemark>
                
                <Placemark>
                    <name>14:22:27 - 102 kts - 2150 ft</name>
                    <visibility>0</visibility>
                    <description>latitude: 48.666964
longitude: 1.780766
altitude: 655 m / 2150 ft
elevation: 161 m / 528 ft
course: 355°
speed: 102 kts
</description>
                    <LookAt>
                        <longitude>1.7807662503435</longitude>
                        <latitude>48.666964018707</latitude>
                        <altitude>0</altitude>
                        <heading>0</heading>
                        <tilt>70</tilt>
                        <range>3000</range>
                        <gx:altitudeMode>relativeToSeaFloor</gx:altitudeMode>
                    </LookAt>
                    <styleUrl>#msn_ylw-pushpin0</styleUrl>
                    <Point>
                        <extrude>1</extrude>
                        <altitudeMode>absolute</altitudeMode>
                        <gx:drawOrder>1</gx:drawOrder>
                        <coordinates>1.7807662503435,48.666964018707,655.35771384928</coordinates>
                    </Point>
                </Placemark>
                
                <Placemark>
                    <name>14:22:37 - 103 kts - 2143 ft</name>
                    <visibility>0</visibility>
                    <description>latitude: 48.671680
longitude: 1.779951
altitude: 653 m / 2143 ft
elevation: 167 m / 548 ft
course: 353°
speed: 103 kts
</description>
                    <LookAt>
                        <longitude>1.7799512176127</longitude>
                        <latitude>48.67168016759</latitude>
                        <altitude>0</altitude>
                        <heading>0</heading>
                        <tilt>70</tilt>
                        <range>3000</range>
                        <gx:altitudeMode>relativeToSeaFloor</gx:altitudeMode>
                    </LookAt>
                    <styleUrl>#msn_ylw-pushpin0</styleUrl>
                    <Point>
                        <extrude>1</extrude>
                        <altitudeMode>absolute</altitudeMode>
                        <gx:drawOrder>1</gx:drawOrder>
                        <coordinates>1.7799512176127,48.67168016759,653.22491459176</coordinates>
                    </Point>
                </Placemark>
                
                <Placemark>
                    <name>14:22:47 - 103 kts - 2156 ft</name>
                    <visibility>0</visibility>
                    <description>latitude: 48.676373
longitude: 1.778924
altitude: 657 m / 2156 ft
elevation: 148 m / 486 ft
course: 351°
speed: 103 kts
</description>
                    <LookAt>
                        <longitude>1.7789236343951</longitude>
                        <latitude>48.676373271597</latitude>
                        <altitude>0</altitude>
                        <heading>0</heading>
                        <tilt>70</tilt>
                        <range>3000</range>
                        <gx:altitudeMode>relativeToSeaFloor</gx:altitudeMode>
                    </LookAt>
                    <styleUrl>#msn_ylw-pushpin0</styleUrl>
                    <Point>
                        <extrude>1</extrude>
                        <altitudeMode>absolute</altitudeMode>
                        <gx:drawOrder>1</gx:drawOrder>
                        <coordinates>1.7789236343951,48.676373271597,657.20164280664</coordinates>
                    </Point>
                </Placemark>
                
                <Placemark>
                    <name>14:22:57 - 107 kts - 2139 ft</name>
                    <visibility>0</visibility>
                    <description>latitude: 48.681190
longitude: 1.777805
altitude: 652 m / 2139 ft
elevation: 156 m / 512 ft
course: 351°
speed: 107 kts
</description>
                    <LookAt>
                        <longitude>1.7778054400263</longitude>
                        <latitude>48.681189984447</latitude>
                        <altitude>0</altitude>
                        <heading>0</heading>
                        <tilt>70</tilt>
                        <range>3000</range>
                        <gx:altitudeMode>relativeToSeaFloor</gx:altitudeMode>
                    </LookAt>
                    <styleUrl>#msn_ylw-pushpin0</styleUrl>
                    <Point>
                        <extrude>1</extrude>
                        <altitudeMode>absolute</altitudeMode>
                        <gx:drawOrder>1</gx:drawOrder>
                        <coordinates>1.7778054400263,48.681189984447,651.92040579766</coordinates>
                    </Point>
                </Placemark>
                
                <Placemark>
                    <name>14:23:07 - 105 kts - 2146 ft</name>
                    <visibility>0</visibility>
                    <description>latitude: 48.686025
longitude: 1.776703
altitude: 654 m / 2146 ft
elevation: 152 m / 499 ft
course: 351°
speed: 105 kts
</description>
                    <LookAt>
                        <longitude>1.7767025616672</longitude>
                        <latitude>48.686025085117</latitude>
                        <altitude>0</altitude>
                        <heading>0</heading>
                        <tilt>70</tilt>
                        <range>3000</range>
                        <gx:altitudeMode>relativeToSeaFloor</gx:altitudeMode>
                    </LookAt>
                    <styleUrl>#msn_ylw-pushpin0</styleUrl>
                    <Point>
                        <extrude>1</extrude>
                        <altitudeMode>absolute</altitudeMode>
                        <gx:drawOrder>1</gx:drawOrder>
                        <coordinates>1.7767025616672,48.686025085117,654.12508149911</coordinates>
                    </Point>
                </Placemark>
                
                <Placemark>
                    <name>14:23:17 - 104 kts - 2148 ft</name>
                    <visibility>0</visibility>
                    <description>latitude: 48.690770
longitude: 1.775513
altitude: 655 m / 2148 ft
elevation: 170 m / 558 ft
course: 350°
speed: 104 kts
</description>
                    <LookAt>
                        <longitude>1.7755129019792</longitude>
                        <latitude>48.690770096405</latitude>
                        <altitude>0</altitude>
                        <heading>0</heading>
                        <tilt>70</tilt>
                        <range>3000</range>
                        <gx:altitudeMode>relativeToSeaFloor</gx:altitudeMode>
                    </LookAt>
                    <styleUrl>#msn_ylw-pushpin0</styleUrl>
                    <Point>
                        <extrude>1</extrude>
                        <altitudeMode>absolute</altitudeMode>
                        <gx:drawOrder>1</gx:drawOrder>
                        <coordinates>1.7755129019792,48.690770096405,654.82801012509</coordinates>
                    </Point>
                </Placemark>
                
                <Placemark>
                    <name>14:23:27 - 106 kts - 2132 ft</name>
                    <visibility>0</visibility>
                    <description>latitude: 48.695523
longitude: 1.774053
altitude: 650 m / 2132 ft
elevation: 173 m / 568 ft
course: 344°
speed: 106 kts
</description>
                    <LookAt>
                        <longitude>1.7740533342287</longitude>
                        <latitude>48.695523390071</latitude>
                        <altitude>0</altitude>
                        <heading>0</heading>
                        <tilt>70</tilt>
                        <range>3000</range>
                        <gx:altitudeMode>relativeToSeaFloor</gx:altitudeMode>
                    </LookAt>
                    <styleUrl>#msn_ylw-pushpin0</styleUrl>
                    <Point>
                        <extrude>1</extrude>
                        <altitudeMode>absolute</altitudeMode>
                        <gx:drawOrder>1</gx:drawOrder>
                        <coordinates>1.7740533342287,48.695523390071,649.75310781877</coordinates>
                    </Point>
                </Placemark>
                
                <Placemark>
                    <name>14:23:30 - 105 kts - 2134 ft</name>
                    <visibility>0</visibility>
                    <description>latitude: 48.696898
longitude: 1.773311
altitude: 651 m / 2134 ft
elevation: 168 m / 551 ft
course: 339°
speed: 105 kts
</description>
                    <LookAt>
                        <longitude>1.7733105183717</longitude>
                        <latitude>48.69689785197</latitude>
                        <altitude>0</altitude>
                        <heading>0</heading>
                        <tilt>70</tilt>
                        <range>3000</range>
                        <gx:altitudeMode>relativeToSeaFloor</gx:altitudeMode>
                    </LookAt>
                    <styleUrl>#msn_ylw-pushpin0</styleUrl>
                    <Point>
                        <extrude>1</extrude>
                        <altitudeMode>absolute</altitudeMode>
                        <gx:drawOrder>1</gx:drawOrder>
                        <coordinates>1.7733105183717,48.69689785197,650.51792773511</coordinates>
                    </Point>
                </Placemark>
                
                <Placemark>
                    <name>14:23:40 - 103 kts - 2143 ft</name>
                    <visibility>0</visibility>
                    <description>latitude: 48.701308
longitude: 1.770697
altitude: 653 m / 2143 ft
elevation: 175 m / 574 ft
course: 340°
speed: 103 kts
</description>
                    <LookAt>
                        <longitude>1.770696720897</longitude>
                        <latitude>48.701307576931</latitude>
                        <altitude>0</altitude>
                        <heading>0</heading>
                        <tilt>70</tilt>
                        <range>3000</range>
                        <gx:altitudeMode>relativeToSeaFloor</gx:altitudeMode>
                    </LookAt>
                    <styleUrl>#msn_ylw-pushpin0</styleUrl>
                    <Point>
                        <extrude>1</extrude>
                        <altitudeMode>absolute</altitudeMode>
                        <gx:drawOrder>1</gx:drawOrder>
                        <coordinates>1.770696720897,48.701307576931,653.3021967914</coordinates>
                    </Point>
                </Placemark>
                
                <Placemark>
                    <name>14:23:49 - 103 kts - 2118 ft</name>
                    <visibility>0</visibility>
                    <description>latitude: 48.705300
longitude: 1.768243
altitude: 646 m / 2118 ft
elevation: 177 m / 581 ft
course: 335°
speed: 103 kts
</description>
                    <LookAt>
                        <longitude>1.7682425252588</longitude>
                        <latitude>48.705299994207</latitude>
                        <altitude>0</altitude>
                        <heading>0</heading>
                        <tilt>70</tilt>
                        <range>3000</range>
                        <gx:altitudeMode>relativeToSeaFloor</gx:altitudeMode>
                    </LookAt>
                    <styleUrl>#msn_ylw-pushpin0</styleUrl>
                    <Point>
                        <extrude>1</extrude>
                        <altitudeMode>absolute</altitudeMode>
                        <gx:drawOrder>1</gx:drawOrder>
                        <coordinates>1.7682425252588,48.705299994207,645.59326140676</coordinates>
                    </Point>
                </Placemark>
                
                <Placemark>
                    <name>14:23:59 - 102 kts - 2104 ft</name>
                    <visibility>0</visibility>
                    <description>latitude: 48.709571
longitude: 1.765181
altitude: 641 m / 2104 ft
elevation: 171 m / 561 ft
course: 334°
speed: 102 kts
</description>
                    <LookAt>
                        <longitude>1.7651807975797</longitude>
                        <latitude>48.709570864983</latitude>
                        <altitude>0</altitude>
                        <heading>0</heading>
                        <tilt>70</tilt>
                        <range>3000</range>
                        <gx:altitudeMode>relativeToSeaFloor</gx:altitudeMode>
                    </LookAt>
                    <styleUrl>#msn_ylw-pushpin0</styleUrl>
                    <Point>
                        <extrude>1</extrude>
                        <altitudeMode>absolute</altitudeMode>
                        <gx:drawOrder>1</gx:drawOrder>
                        <coordinates>1.7651807975797,48.709570864983,641.40487418883</coordinates>
                    </Point>
                </Placemark>
                
                <Placemark>
                    <name>14:24:09 - 107 kts - 2063 ft</name>
                    <visibility>0</visibility>
                    <description>latitude: 48.713992
longitude: 1.762098
altitude: 629 m / 2063 ft
elevation: 173 m / 568 ft
course: 337°
speed: 107 kts
</description>
                    <LookAt>
                        <longitude>1.7620975852374</longitude>
                        <latitude>48.713992362296</latitude>
                        <altitude>0</altitude>
                        <heading>0</heading>
                        <tilt>70</tilt>
                        <range>3000</range>
                        <gx:altitudeMode>relativeToSeaFloor</gx:altitudeMode>
                    </LookAt>
                    <styleUrl>#msn_ylw-pushpin0</styleUrl>
                    <Point>
                        <extrude>1</extrude>
                        <altitudeMode>absolute</altitudeMode>
                        <gx:drawOrder>1</gx:drawOrder>
                        <coordinates>1.7620975852374,48.713992362296,628.70879349299</coordinates>
                    </Point>
                </Placemark>
                
                <Placemark>
                    <name>14:24:19 - 106 kts - 2072 ft</name>
                    <visibility>0</visibility>
                    <description>latitude: 48.718405
longitude: 1.758814
altitude: 632 m / 2072 ft
elevation: 170 m / 558 ft
course: 333°
speed: 106 kts
</description>
                    <LookAt>
                        <longitude>1.7588137816126</longitude>
                        <latitude>48.718405171747</latitude>
                        <altitude>0</altitude>
                        <heading>0</heading>
                        <tilt>70</tilt>
                        <range>3000</range>
                        <gx:altitudeMode>relativeToSeaFloor</gx:altitudeMode>
                    </LookAt>
                    <styleUrl>#msn_ylw-pushpin0</styleUrl>
                    <Point>
                        <extrude>1</extrude>
                        <altitudeMode>absolute</altitudeMode>
                        <gx:drawOrder>1</gx:drawOrder>
                        <coordinates>1.7588137816126,48.718405171747,631.51705095824</coordinates>
                    </Point>
                </Placemark>
                
                <Placemark>
                    <name>14:24:29 - 104 kts - 2104 ft</name>
                    <visibility>0</visibility>
                    <description>latitude: 48.722718
longitude: 1.755358
altitude: 641 m / 2104 ft
elevation: 132 m / 433 ft
course: 332°
speed: 104 kts
</description>
                    <LookAt>
                        <longitude>1.7553575165513</longitude>
                        <latitude>48.722717742894</latitude>
                        <altitude>0</altitude>
                        <heading>0</heading>
                        <tilt>70</tilt>
                        <range>3000</range>
                        <gx:altitudeMode>relativeToSeaFloor</gx:altitudeMode>
                    </LookAt>
                    <styleUrl>#msn_ylw-pushpin0</styleUrl>
                    <Point>
                        <extrude>1</extrude>
                        <altitudeMode>absolute</altitudeMode>
                        <gx:drawOrder>1</gx:drawOrder>
                        <coordinates>1.7553575165513,48.722717742894,641.35204691067</coordinates>
                    </Point>
                </Placemark>
                
                <Placemark>
                    <name>14:24:37 - 108 kts - 2063 ft</name>
                    <visibility>0</visibility>
                    <description>latitude: 48.726051
longitude: 1.752295
altitude: 629 m / 2063 ft
elevation: 163 m / 535 ft
course: 327°
speed: 108 kts
</description>
                    <LookAt>
                        <longitude>1.7522946540581</longitude>
                        <latitude>48.726050876846</latitude>
                        <altitude>0</altitude>
                        <heading>0</heading>
                        <tilt>70</tilt>
                        <range>3000</range>
                        <gx:altitudeMode>relativeToSeaFloor</gx:altitudeMode>
                    </LookAt>
                    <styleUrl>#msn_ylw-pushpin0</styleUrl>
                    <Point>
                        <extrude>1</extrude>
                        <altitudeMode>absolute</altitudeMode>
                        <gx:drawOrder>1</gx:drawOrder>
                        <coordinates>1.7522946540581,48.726050876846,628.77099712659</coordinates>
                    </Point>
                </Placemark>
                
                <Placemark>
                    <name>14:24:45 - 116 kts - 1959 ft</name>
                    <visibility>0</visibility>
                    <description>latitude: 48.729467
longitude: 1.748644
altitude: 597 m / 1959 ft
elevation: 139 m / 456 ft
course: 323°
speed: 116 kts
</description>
                    <LookAt>
                        <longitude>1.7486437099477</longitude>
                        <latitude>48.729467457349</latitude>
                        <altitude>0</altitude>
                        <heading>0</heading>
                        <tilt>70</tilt>
                        <range>3000</range>
                        <gx:altitudeMode>relativeToSeaFloor</gx:altitudeMode>
                    </LookAt>
                    <styleUrl>#msn_ylw-pushpin0</styleUrl>
                    <Point>
                        <extrude>1</extrude>
                        <altitudeMode>absolute</altitudeMode>
                        <gx:drawOrder>1</gx:drawOrder>
                        <coordinates>1.7486437099477,48.729467457349,597.12422154192</coordinates>
                    </Point>
                </Placemark>
                
                <Placemark>
                    <name>14:24:54 - 115 kts - 1927 ft</name>
                    <visibility>0</visibility>
                    <description>latitude: 48.733249
longitude: 1.744121
altitude: 587 m / 1927 ft
elevation: 142 m / 466 ft
course: 322°
speed: 115 kts
</description>
                    <LookAt>
                        <longitude>1.7441211533425</longitude>
                        <latitude>48.73324874157</latitude>
                        <altitude>0</altitude>
                        <heading>0</heading>
                        <tilt>70</tilt>
                        <range>3000</range>
                        <gx:altitudeMode>relativeToSeaFloor</gx:altitudeMode>
                    </LookAt>
                    <styleUrl>#msn_ylw-pushpin0</styleUrl>
                    <Point>
                        <extrude>1</extrude>
                        <altitudeMode>absolute</altitudeMode>
                        <gx:drawOrder>1</gx:drawOrder>
                        <coordinates>1.7441211533425,48.73324874157,587.21730576083</coordinates>
                    </Point>
                </Placemark>
                
                <Placemark>
                    <name>14:25:03 - 112 kts - 1855 ft</name>
                    <visibility>0</visibility>
                    <description>latitude: 48.737005
longitude: 1.739836
altitude: 566 m / 1855 ft
elevation: 145 m / 476 ft
course: 323°
speed: 112 kts
</description>
                    <LookAt>
                        <longitude>1.7398362870155</longitude>
                        <latitude>48.737005168612</latitude>
                        <altitude>0</altitude>
                        <heading>0</heading>
                        <tilt>70</tilt>
                        <range>3000</range>
                        <gx:altitudeMode>relativeToSeaFloor</gx:altitudeMode>
                    </LookAt>
                    <styleUrl>#msn_ylw-pushpin0</styleUrl>
                    <Point>
                        <extrude>1</extrude>
                        <altitudeMode>absolute</altitudeMode>
                        <gx:drawOrder>1</gx:drawOrder>
                        <coordinates>1.7398362870155,48.737005168612,565.50239778869</coordinates>
                    </Point>
                </Placemark>
                
                <Placemark>
                    <name>14:25:12 - 106 kts - 1863 ft</name>
                    <visibility>0</visibility>
                    <description>latitude: 48.740567
longitude: 1.735627
altitude: 568 m / 1863 ft
elevation: 178 m / 584 ft
course: 320°
speed: 106 kts
</description>
                    <LookAt>
                        <longitude>1.7356266142557</longitude>
                        <latitude>48.740567160645</latitude>
                        <altitude>0</altitude>
                        <heading>0</heading>
                        <tilt>70</tilt>
                        <range>3000</range>
                        <gx:altitudeMode>relativeToSeaFloor</gx:altitudeMode>
                    </LookAt>
                    <styleUrl>#msn_ylw-pushpin0</styleUrl>
                    <Point>
                        <extrude>1</extrude>
                        <altitudeMode>absolute</altitudeMode>
                        <gx:drawOrder>1</gx:drawOrder>
                        <coordinates>1.7356266142557,48.740567160645,567.77892451175</coordinates>
                    </Point>
                </Placemark>
                
                <Placemark>
                    <name>14:25:22 - 101 kts - 1844 ft</name>
                    <visibility>0</visibility>
                    <description>latitude: 48.744169
longitude: 1.731132
altitude: 562 m / 1844 ft
elevation: 157 m / 515 ft
course: 319°
speed: 101 kts
</description>
                    <LookAt>
                        <longitude>1.7311322528212</longitude>
                        <latitude>48.744169096509</latitude>
                        <altitude>0</altitude>
                        <heading>0</heading>
                        <tilt>70</tilt>
                        <range>3000</range>
                        <gx:altitudeMode>relativeToSeaFloor</gx:altitudeMode>
                    </LookAt>
                    <styleUrl>#msn_ylw-pushpin0</styleUrl>
                    <Point>
                        <extrude>1</extrude>
                        <altitudeMode>absolute</altitudeMode>
                        <gx:drawOrder>1</gx:drawOrder>
                        <coordinates>1.7311322528212,48.744169096509,562.06352134235</coordinates>
                    </Point>
                </Placemark>
                
                <Placemark>
                    <name>14:25:32 - 100 kts - 1808 ft</name>
                    <visibility>0</visibility>
                    <description>latitude: 48.747697
longitude: 1.726618
altitude: 551 m / 1808 ft
elevation: 177 m / 581 ft
course: 319°
speed: 100 kts
</description>
                    <LookAt>
                        <longitude>1.7266178560409</longitude>
                        <latitude>48.747697121678</latitude>
                        <altitude>0</altitude>
                        <heading>0</heading>
                        <tilt>70</tilt>
                        <range>3000</range>
                        <gx:altitudeMode>relativeToSeaFloor</gx:altitudeMode>
                    </LookAt>
                    <styleUrl>#msn_ylw-pushpin0</styleUrl>
                    <Point>
                        <extrude>1</extrude>
                        <altitudeMode>absolute</altitudeMode>
                        <gx:drawOrder>1</gx:drawOrder>
                        <coordinates>1.7266178560409,48.747697121678,551.10268133692</coordinates>
                    </Point>
                </Placemark>
                
                <Placemark>
                    <name>14:25:40 - 101 kts - 1764 ft</name>
                    <visibility>0</visibility>
                    <description>latitude: 48.750426
longitude: 1.722734
altitude: 538 m / 1764 ft
elevation: 168 m / 551 ft
course: 314°
speed: 101 kts
</description>
                    <LookAt>
                        <longitude>1.7227339810146</longitude>
                        <latitude>48.750425867519</latitude>
                        <altitude>0</altitude>
                        <heading>0</heading>
                        <tilt>70</tilt>
                        <range>3000</range>
                        <gx:altitudeMode>relativeToSeaFloor</gx:altitudeMode>
                    </LookAt>
                    <styleUrl>#msn_ylw-pushpin0</styleUrl>
                    <Point>
                        <extrude>1</extrude>
                        <altitudeMode>absolute</altitudeMode>
                        <gx:drawOrder>1</gx:drawOrder>
                        <coordinates>1.7227339810146,48.750425867519,537.60496372357</coordinates>
                    </Point>
                </Placemark>
                
                <Placemark>
                    <name>14:25:50 - 97 kts - 1750 ft</name>
                    <visibility>0</visibility>
                    <description>latitude: 48.753365
longitude: 1.717578
altitude: 533 m / 1750 ft
elevation: 170 m / 558 ft
course: 309°
speed: 97 kts
</description>
                    <LookAt>
                        <longitude>1.7175784579139</longitude>
                        <latitude>48.753364623625</latitude>
                        <altitude>0</altitude>
                        <heading>0</heading>
                        <tilt>70</tilt>
                        <range>3000</range>
                        <gx:altitudeMode>relativeToSeaFloor</gx:altitudeMode>
                    </LookAt>
                    <styleUrl>#msn_ylw-pushpin0</styleUrl>
                    <Point>
                        <extrude>1</extrude>
                        <altitudeMode>absolute</altitudeMode>
                        <gx:drawOrder>1</gx:drawOrder>
                        <coordinates>1.7175784579139,48.753364623625,533.34267212171</coordinates>
                    </Point>
                </Placemark>
                
                <Placemark>
                    <name>14:26:00 - 99 kts - 1733 ft</name>
                    <visibility>0</visibility>
                    <description>latitude: 48.756187
longitude: 1.712168
altitude: 528 m / 1733 ft
elevation: 149 m / 489 ft
course: 309°
speed: 99 kts
</description>
                    <LookAt>
                        <longitude>1.7121682792421</longitude>
                        <latitude>48.756186654575</latitude>
                        <altitude>0</altitude>
                        <heading>0</heading>
                        <tilt>70</tilt>
                        <range>3000</range>
                        <gx:altitudeMode>relativeToSeaFloor</gx:altitudeMode>
                    </LookAt>
                    <styleUrl>#msn_ylw-pushpin0</styleUrl>
                    <Point>
                        <extrude>1</extrude>
                        <altitudeMode>absolute</altitudeMode>
                        <gx:drawOrder>1</gx:drawOrder>
                        <coordinates>1.7121682792421,48.756186654575,528.08836133871</coordinates>
                    </Point>
                </Placemark>
                
                <Placemark>
                    <name>14:26:10 - 97 kts - 1702 ft</name>
                    <visibility>0</visibility>
                    <description>latitude: 48.759151
longitude: 1.706985
altitude: 519 m / 1702 ft
elevation: 152 m / 499 ft
course: 314°
speed: 97 kts
</description>
                    <LookAt>
                        <longitude>1.7069853445495</longitude>
                        <latitude>48.759150729105</latitude>
                        <altitude>0</altitude>
                        <heading>0</heading>
                        <tilt>70</tilt>
                        <range>3000</range>
                        <gx:altitudeMode>relativeToSeaFloor</gx:altitudeMode>
                    </LookAt>
                    <styleUrl>#msn_ylw-pushpin0</styleUrl>
                    <Point>
                        <extrude>1</extrude>
                        <altitudeMode>absolute</altitudeMode>
                        <gx:drawOrder>1</gx:drawOrder>
                        <coordinates>1.7069853445495,48.759150729105,518.81893074699</coordinates>
                    </Point>
                </Placemark>
                
                <Placemark>
                    <name>14:26:21 - 98 kts - 1683 ft</name>
                    <visibility>0</visibility>
                    <description>latitude: 48.762601
longitude: 1.701648
altitude: 513 m / 1683 ft
elevation: 150 m / 492 ft
course: 315°
speed: 98 kts
</description>
                    <LookAt>
                        <longitude>1.7016476492554</longitude>
                        <latitude>48.762601292625</latitude>
                        <altitude>0</altitude>
                        <heading>0</heading>
                        <tilt>70</tilt>
                        <range>3000</range>
                        <gx:altitudeMode>relativeToSeaFloor</gx:altitudeMode>
                    </LookAt>
                    <styleUrl>#msn_ylw-pushpin0</styleUrl>
                    <Point>
                        <extrude>1</extrude>
                        <altitudeMode>absolute</altitudeMode>
                        <gx:drawOrder>1</gx:drawOrder>
                        <coordinates>1.7016476492554,48.762601292625,512.91433130018</coordinates>
                    </Point>
                </Placemark>
                
                <Placemark>
                    <name>14:26:31 - 101 kts - 1671 ft</name>
                    <visibility>0</visibility>
                    <description>latitude: 48.765872
longitude: 1.696767
altitude: 509 m / 1671 ft
elevation: 132 m / 433 ft
course: 315°
speed: 101 kts
</description>
                    <LookAt>
                        <longitude>1.6967666372958</longitude>
                        <latitude>48.765872346315</latitude>
                        <altitude>0</altitude>
                        <heading>0</heading>
                        <tilt>70</tilt>
                        <range>3000</range>
                        <gx:altitudeMode>relativeToSeaFloor</gx:altitudeMode>
                    </LookAt>
                    <styleUrl>#msn_ylw-pushpin0</styleUrl>
                    <Point>
                        <extrude>1</extrude>
                        <altitudeMode>absolute</altitudeMode>
                        <gx:drawOrder>1</gx:drawOrder>
                        <coordinates>1.6967666372958,48.765872346315,509.41080250498</coordinates>
                    </Point>
                </Placemark>
                
                <Placemark>
                    <name>14:26:41 - 101 kts - 1672 ft</name>
                    <visibility>0</visibility>
                    <description>latitude: 48.769187
longitude: 1.691817
altitude: 510 m / 1672 ft
elevation: 120 m / 394 ft
course: 316°
speed: 101 kts
</description>
                    <LookAt>
                        <longitude>1.6918172978134</longitude>
                        <latitude>48.769186727464</latitude>
                        <altitude>0</altitude>
                        <heading>0</heading>
                        <tilt>70</tilt>
                        <range>3000</range>
                        <gx:altitudeMode>relativeToSeaFloor</gx:altitudeMode>
                    </LookAt>
                    <styleUrl>#msn_ylw-pushpin0</styleUrl>
                    <Point>
                        <extrude>1</extrude>
                        <altitudeMode>absolute</altitudeMode>
                        <gx:drawOrder>1</gx:drawOrder>
                        <coordinates>1.6918172978134,48.769186727464,509.69618655927</coordinates>
                    </Point>
                </Placemark>
                
                <Placemark>
                    <name>14:26:51 - 99 kts - 1663 ft</name>
                    <visibility>0</visibility>
                    <description>latitude: 48.772365
longitude: 1.686779
altitude: 507 m / 1663 ft
elevation: 141 m / 463 ft
course: 312°
speed: 99 kts
</description>
                    <LookAt>
                        <longitude>1.6867786909987</longitude>
                        <latitude>48.772365440668</latitude>
                        <altitude>0</altitude>
                        <heading>0</heading>
                        <tilt>70</tilt>
                        <range>3000</range>
                        <gx:altitudeMode>relativeToSeaFloor</gx:altitudeMode>
                    </LookAt>
                    <styleUrl>#msn_ylw-pushpin0</styleUrl>
                    <Point>
                        <extrude>1</extrude>
                        <altitudeMode>absolute</altitudeMode>
                        <gx:drawOrder>1</gx:drawOrder>
                        <coordinates>1.6867786909987,48.772365440668,506.99080957379</coordinates>
                    </Point>
                </Placemark>
                
                <Placemark>
                    <name>14:27:01 - 99 kts - 1671 ft</name>
                    <visibility>0</visibility>
                    <description>latitude: 48.775466
longitude: 1.681589
altitude: 509 m / 1671 ft
elevation: 135 m / 443 ft
course: 311°
speed: 99 kts
</description>
                    <LookAt>
                        <longitude>1.6815891189573</longitude>
                        <latitude>48.775465750474</latitude>
                        <altitude>0</altitude>
                        <heading>0</heading>
                        <tilt>70</tilt>
                        <range>3000</range>
                        <gx:altitudeMode>relativeToSeaFloor</gx:altitudeMode>
                    </LookAt>
                    <styleUrl>#msn_ylw-pushpin0</styleUrl>
                    <Point>
                        <extrude>1</extrude>
                        <altitudeMode>absolute</altitudeMode>
                        <gx:drawOrder>1</gx:drawOrder>
                        <coordinates>1.6815891189573,48.775465750474,509.35214667208</coordinates>
                    </Point>
                </Placemark>
                
                <Placemark>
                    <name>14:27:11 - 101 kts - 1682 ft</name>
                    <visibility>0</visibility>
                    <description>latitude: 48.778336
longitude: 1.676179
altitude: 513 m / 1682 ft
elevation: 117 m / 384 ft
course: 308°
speed: 101 kts
</description>
                    <LookAt>
                        <longitude>1.6761794869956</longitude>
                        <latitude>48.778335824901</latitude>
                        <altitude>0</altitude>
                        <heading>0</heading>
                        <tilt>70</tilt>
                        <range>3000</range>
                        <gx:altitudeMode>relativeToSeaFloor</gx:altitudeMode>
                    </LookAt>
                    <styleUrl>#msn_ylw-pushpin0</styleUrl>
                    <Point>
                        <extrude>1</extrude>
                        <altitudeMode>absolute</altitudeMode>
                        <gx:drawOrder>1</gx:drawOrder>
                        <coordinates>1.6761794869956,48.778335824901,512.61181620974</coordinates>
                    </Point>
                </Placemark>
                
                <Placemark>
                    <name>14:27:21 - 103 kts - 1669 ft</name>
                    <visibility>0</visibility>
                    <description>latitude: 48.781329
longitude: 1.670514
altitude: 509 m / 1669 ft
elevation: 109 m / 358 ft
course: 309°
speed: 103 kts
</description>
                    <LookAt>
                        <longitude>1.6705135386863</longitude>
                        <latitude>48.781328503488</latitude>
                        <altitude>0</altitude>
                        <heading>0</heading>
                        <tilt>70</tilt>
                        <range>3000</range>
                        <gx:altitudeMode>relativeToSeaFloor</gx:altitudeMode>
                    </LookAt>
                    <styleUrl>#msn_ylw-pushpin0</styleUrl>
                    <Point>
                        <extrude>1</extrude>
                        <altitudeMode>absolute</altitudeMode>
                        <gx:drawOrder>1</gx:drawOrder>
                        <coordinates>1.6705135386863,48.781328503488,508.65919111483</coordinates>
                    </Point>
                </Placemark>
                
                <Placemark>
                    <name>14:27:31 - 104 kts - 1675 ft</name>
                    <visibility>0</visibility>
                    <description>latitude: 48.784461
longitude: 1.665040
altitude: 510 m / 1675 ft
elevation: 104 m / 341 ft
course: 312°
speed: 104 kts
</description>
                    <LookAt>
                        <longitude>1.665040029574</longitude>
                        <latitude>48.784461488462</latitude>
                        <altitude>0</altitude>
                        <heading>0</heading>
                        <tilt>70</tilt>
                        <range>3000</range>
                        <gx:altitudeMode>relativeToSeaFloor</gx:altitudeMode>
                    </LookAt>
                    <styleUrl>#msn_ylw-pushpin0</styleUrl>
                    <Point>
                        <extrude>1</extrude>
                        <altitudeMode>absolute</altitudeMode>
                        <gx:drawOrder>1</gx:drawOrder>
                        <coordinates>1.665040029574,48.784461488462,510.39870133251</coordinates>
                    </Point>
                </Placemark>
                
                <Placemark>
                    <name>14:27:41 - 105 kts - 1669 ft</name>
                    <visibility>0</visibility>
                    <description>latitude: 48.787704
longitude: 1.659595
altitude: 509 m / 1669 ft
elevation: 128 m / 420 ft
course: 314°
speed: 105 kts
</description>
                    <LookAt>
                        <longitude>1.659595361876</longitude>
                        <latitude>48.787703574099</latitude>
                        <altitude>0</altitude>
                        <heading>0</heading>
                        <tilt>70</tilt>
                        <range>3000</range>
                        <gx:altitudeMode>relativeToSeaFloor</gx:altitudeMode>
                    </LookAt>
                    <styleUrl>#msn_ylw-pushpin0</styleUrl>
                    <Point>
                        <extrude>1</extrude>
                        <altitudeMode>absolute</altitudeMode>
                        <gx:drawOrder>1</gx:drawOrder>
                        <coordinates>1.659595361876,48.787703574099,508.70042187069</coordinates>
                    </Point>
                </Placemark>
                
                <Placemark>
                    <name>14:27:45 - 108 kts - 1658 ft</name>
                    <visibility>0</visibility>
                    <description>latitude: 48.789152
longitude: 1.657557
altitude: 505 m / 1658 ft
elevation: 113 m / 371 ft
course: 319°
speed: 108 kts
</description>
                    <LookAt>
                        <longitude>1.6575571911428</longitude>
                        <latitude>48.789152327748</latitude>
                        <altitude>0</altitude>
                        <heading>0</heading>
                        <tilt>70</tilt>
                        <range>3000</range>
                        <gx:altitudeMode>relativeToSeaFloor</gx:altitudeMode>
                    </LookAt>
                    <styleUrl>#msn_ylw-pushpin0</styleUrl>
                    <Point>
                        <extrude>1</extrude>
                        <altitudeMode>absolute</altitudeMode>
                        <gx:drawOrder>1</gx:drawOrder>
                        <coordinates>1.6575571911428,48.789152327748,505.39077597205</coordinates>
                    </Point>
                </Placemark>
                
                <Placemark>
                    <name>14:27:49 - 109 kts - 1652 ft</name>
                    <visibility>0</visibility>
                    <description>latitude: 48.790771
longitude: 1.655747
altitude: 503 m / 1652 ft
elevation: 107 m / 351 ft
course: 325°
speed: 109 kts
</description>
                    <LookAt>
                        <longitude>1.6557471742528</longitude>
                        <latitude>48.790770774225</latitude>
                        <altitude>0</altitude>
                        <heading>0</heading>
                        <tilt>70</tilt>
                        <range>3000</range>
                        <gx:altitudeMode>relativeToSeaFloor</gx:altitudeMode>
                    </LookAt>
                    <styleUrl>#msn_ylw-pushpin0</styleUrl>
                    <Point>
                        <extrude>1</extrude>
                        <altitudeMode>absolute</altitudeMode>
                        <gx:drawOrder>1</gx:drawOrder>
                        <coordinates>1.6557471742528,48.790770774225,503.46769725718</coordinates>
                    </Point>
                </Placemark>
                
                <Placemark>
                    <name>14:27:53 - 110 kts - 1656 ft</name>
                    <visibility>0</visibility>
                    <description>latitude: 48.792520
longitude: 1.654188
altitude: 505 m / 1656 ft
elevation: 106 m / 348 ft
course: 331°
speed: 110 kts
</description>
                    <LookAt>
                        <longitude>1.6541876084914</longitude>
                        <latitude>48.792520250162</latitude>
                        <altitude>0</altitude>
                        <heading>0</heading>
                        <tilt>70</tilt>
                        <range>3000</range>
                        <gx:altitudeMode>relativeToSeaFloor</gx:altitudeMode>
                    </LookAt>
                    <styleUrl>#msn_ylw-pushpin0</styleUrl>
                    <Point>
                        <extrude>1</extrude>
                        <altitudeMode>absolute</altitudeMode>
                        <gx:drawOrder>1</gx:drawOrder>
                        <coordinates>1.6541876084914,48.792520250162,504.73924941197</coordinates>
                    </Point>
                </Placemark>
                
                <Placemark>
                    <name>14:28:00 - 108 kts - 1664 ft</name>
                    <visibility>0</visibility>
                    <description>latitude: 48.795697
longitude: 1.651879
altitude: 507 m / 1664 ft
elevation: 103 m / 338 ft
course: 336°
speed: 108 kts
</description>
                    <LookAt>
                        <longitude>1.6518794774006</longitude>
                        <latitude>48.795696514117</latitude>
                        <altitude>0</altitude>
                        <heading>0</heading>
                        <tilt>70</tilt>
                        <range>3000</range>
                        <gx:altitudeMode>relativeToSeaFloor</gx:altitudeMode>
                    </LookAt>
                    <styleUrl>#msn_ylw-pushpin0</styleUrl>
                    <Point>
                        <extrude>1</extrude>
                        <altitudeMode>absolute</altitudeMode>
                        <gx:drawOrder>1</gx:drawOrder>
                        <coordinates>1.6518794774006,48.795696514117,507.26895695645</coordinates>
                    </Point>
                </Placemark>
                
                <Placemark>
                    <name>14:28:10 - 107 kts - 1672 ft</name>
                    <visibility>0</visibility>
                    <description>latitude: 48.800249
longitude: 1.648941
altitude: 510 m / 1672 ft
elevation: 106 m / 348 ft
course: 337°
speed: 107 kts
</description>
                    <LookAt>
                        <longitude>1.6489414751912</longitude>
                        <latitude>48.800248750172</latitude>
                        <altitude>0</altitude>
                        <heading>0</heading>
                        <tilt>70</tilt>
                        <range>3000</range>
                        <gx:altitudeMode>relativeToSeaFloor</gx:altitudeMode>
                    </LookAt>
                    <styleUrl>#msn_ylw-pushpin0</styleUrl>
                    <Point>
                        <extrude>1</extrude>
                        <altitudeMode>absolute</altitudeMode>
                        <gx:drawOrder>1</gx:drawOrder>
                        <coordinates>1.6489414751912,48.800248750172,509.65079395194</coordinates>
                    </Point>
                </Placemark>
                
                <Placemark>
                    <name>14:28:19 - 109 kts - 1663 ft</name>
                    <visibility>0</visibility>
                    <description>latitude: 48.804378
longitude: 1.646238
altitude: 507 m / 1663 ft
elevation: 118 m / 387 ft
course: 335°
speed: 109 kts
</description>
                    <LookAt>
                        <longitude>1.6462375051895</longitude>
                        <latitude>48.804378108042</latitude>
                        <altitude>0</altitude>
                        <heading>0</heading>
                        <tilt>70</tilt>
                        <range>3000</range>
                        <gx:altitudeMode>relativeToSeaFloor</gx:altitudeMode>
                    </LookAt>
                    <styleUrl>#msn_ylw-pushpin0</styleUrl>
                    <Point>
                        <extrude>1</extrude>
                        <altitudeMode>absolute</altitudeMode>
                        <gx:drawOrder>1</gx:drawOrder>
                        <coordinates>1.6462375051895,48.804378108042,506.82306719944</coordinates>
                    </Point>
                </Placemark>
                
                <Placemark>
                    <name>14:28:28 - 108 kts - 1662 ft</name>
                    <visibility>0</visibility>
                    <description>latitude: 48.808485
longitude: 1.643441
altitude: 507 m / 1662 ft
elevation: 117 m / 384 ft
course: 336°
speed: 108 kts
</description>
                    <LookAt>
                        <longitude>1.6434410622317</longitude>
                        <latitude>48.808485176091</latitude>
                        <altitude>0</altitude>
                        <heading>0</heading>
                        <tilt>70</tilt>
                        <range>3000</range>
                        <gx:altitudeMode>relativeToSeaFloor</gx:altitudeMode>
                    </LookAt>
                    <styleUrl>#msn_ylw-pushpin0</styleUrl>
                    <Point>
                        <extrude>1</extrude>
                        <altitudeMode>absolute</altitudeMode>
                        <gx:drawOrder>1</gx:drawOrder>
                        <coordinates>1.6434410622317,48.808485176091,506.52281804755</coordinates>
                    </Point>
                </Placemark>
                
                <Placemark>
                    <name>14:28:38 - 108 kts - 1675 ft</name>
                    <visibility>0</visibility>
                    <description>latitude: 48.813039
longitude: 1.640360
altitude: 511 m / 1675 ft
elevation: 117 m / 384 ft
course: 335°
speed: 108 kts
</description>
                    <LookAt>
                        <longitude>1.6403599796352</longitude>
                        <latitude>48.81303872304</latitude>
                        <altitude>0</altitude>
                        <heading>0</heading>
                        <tilt>70</tilt>
                        <range>3000</range>
                        <gx:altitudeMode>relativeToSeaFloor</gx:altitudeMode>
                    </LookAt>
                    <styleUrl>#msn_ylw-pushpin0</styleUrl>
                    <Point>
                        <extrude>1</extrude>
                        <altitudeMode>absolute</altitudeMode>
                        <gx:drawOrder>1</gx:drawOrder>
                        <coordinates>1.6403599796352,48.81303872304,510.54470603354</coordinates>
                    </Point>
                </Placemark>
                
                <Placemark>
                    <name>14:28:47 - 111 kts - 1664 ft</name>
                    <visibility>0</visibility>
                    <description>latitude: 48.817211
longitude: 1.637656
altitude: 507 m / 1664 ft
elevation: 124 m / 407 ft
course: 340°
speed: 111 kts
</description>
                    <LookAt>
                        <longitude>1.6376556561996</longitude>
                        <latitude>48.817210570288</latitude>
                        <altitude>0</altitude>
                        <heading>0</heading>
                        <tilt>70</tilt>
                        <range>3000</range>
                        <gx:altitudeMode>relativeToSeaFloor</gx:altitudeMode>
                    </LookAt>
                    <styleUrl>#msn_ylw-pushpin0</styleUrl>
                    <Point>
                        <extrude>1</extrude>
                        <altitudeMode>absolute</altitudeMode>
                        <gx:drawOrder>1</gx:drawOrder>
                        <coordinates>1.6376556561996,48.817210570288,507.3284181254</coordinates>
                    </Point>
                </Placemark>
                
                <Placemark>
                    <name>14:28:50 - 112 kts - 1661 ft</name>
                    <visibility>0</visibility>
                    <description>latitude: 48.818707
longitude: 1.637033
altitude: 506 m / 1661 ft
elevation: 128 m / 420 ft
course: 346°
speed: 112 kts
</description>
                    <LookAt>
                        <longitude>1.6370333746985</longitude>
                        <latitude>48.818707288577</latitude>
                        <altitude>0</altitude>
                        <heading>0</heading>
                        <tilt>70</tilt>
                        <range>3000</range>
                        <gx:altitudeMode>relativeToSeaFloor</gx:altitudeMode>
                    </LookAt>
                    <styleUrl>#msn_ylw-pushpin0</styleUrl>
                    <Point>
                        <extrude>1</extrude>
                        <altitudeMode>absolute</altitudeMode>
                        <gx:drawOrder>1</gx:drawOrder>
                        <coordinates>1.6370333746985,48.818707288577,506.3256803425</coordinates>
                    </Point>
                </Placemark>
                
                <Placemark>
                    <name>14:28:53 - 113 kts - 1648 ft</name>
                    <visibility>0</visibility>
                    <description>latitude: 48.820255
longitude: 1.636626
altitude: 502 m / 1648 ft
elevation: 130 m / 427 ft
course: 352°
speed: 113 kts
</description>
                    <LookAt>
                        <longitude>1.6366260410937</longitude>
                        <latitude>48.820255456983</latitude>
                        <altitude>0</altitude>
                        <heading>0</heading>
                        <tilt>70</tilt>
                        <range>3000</range>
                        <gx:altitudeMode>relativeToSeaFloor</gx:altitudeMode>
                    </LookAt>
                    <styleUrl>#msn_ylw-pushpin0</styleUrl>
                    <Point>
                        <extrude>1</extrude>
                        <altitudeMode>absolute</altitudeMode>
                        <gx:drawOrder>1</gx:drawOrder>
                        <coordinates>1.6366260410937,48.820255456983,502.45941182133</coordinates>
                    </Point>
                </Placemark>
                
                <Placemark>
                    <name>14:28:56 - 113 kts - 1644 ft</name>
                    <visibility>0</visibility>
                    <description>latitude: 48.821822
longitude: 1.636492
altitude: 501 m / 1644 ft
elevation: 127 m / 417 ft
course: 358°
speed: 113 kts
</description>
                    <LookAt>
                        <longitude>1.6364923446273</longitude>
                        <latitude>48.821822189964</latitude>
                        <altitude>0</altitude>
                        <heading>0</heading>
                        <tilt>70</tilt>
                        <range>3000</range>
                        <gx:altitudeMode>relativeToSeaFloor</gx:altitudeMode>
                    </LookAt>
                    <styleUrl>#msn_ylw-pushpin0</styleUrl>
                    <Point>
                        <extrude>1</extrude>
                        <altitudeMode>absolute</altitudeMode>
                        <gx:drawOrder>1</gx:drawOrder>
                        <coordinates>1.6364923446273,48.821822189964,500.94920026325</coordinates>
                    </Point>
                </Placemark>
                
                <Placemark>
                    <name>14:28:57 - 112 kts - 1644 ft</name>
                    <visibility>0</visibility>
                    <description>latitude: 48.822342
longitude: 1.636503
altitude: 501 m / 1644 ft
elevation: 127 m / 417 ft
course: 0°
speed: 112 kts
</description>
                    <LookAt>
                        <longitude>1.6365030294365</longitude>
                        <latitude>48.82234187607</latitude>
                        <altitude>0</altitude>
                        <heading>0</heading>
                        <tilt>70</tilt>
                        <range>3000</range>
                        <gx:altitudeMode>relativeToSeaFloor</gx:altitudeMode>
                    </LookAt>
                    <styleUrl>#msn_ylw-pushpin0</styleUrl>
                    <Point>
                        <extrude>1</extrude>
                        <altitudeMode>absolute</altitudeMode>
                        <gx:drawOrder>1</gx:drawOrder>
                        <coordinates>1.6365030294365,48.82234187607,501.12455635983</coordinates>
                    </Point>
                </Placemark>
                
                <Placemark>
                    <name>14:29:00 - 110 kts - 1665 ft</name>
                    <visibility>0</visibility>
                    <description>latitude: 48.823875
longitude: 1.636701
altitude: 508 m / 1665 ft
elevation: 127 m / 417 ft
course: 6°
speed: 110 kts
</description>
                    <LookAt>
                        <longitude>1.6367013111183</longitude>
                        <latitude>48.823875365442</latitude>
                        <altitude>0</altitude>
                        <heading>0</heading>
                        <tilt>70</tilt>
                        <range>3000</range>
                        <gx:altitudeMode>relativeToSeaFloor</gx:altitudeMode>
                    </LookAt>
                    <styleUrl>#msn_ylw-pushpin0</styleUrl>
                    <Point>
                        <extrude>1</extrude>
                        <altitudeMode>absolute</altitudeMode>
                        <gx:drawOrder>1</gx:drawOrder>
                        <coordinates>1.6367013111183,48.823875365442,507.55999360047</coordinates>
                    </Point>
                </Placemark>
                
                <Placemark>
                    <name>14:29:03 - 109 kts - 1659 ft</name>
                    <visibility>0</visibility>
                    <description>latitude: 48.825368
longitude: 1.637131
altitude: 506 m / 1659 ft
elevation: 135 m / 443 ft
course: 12°
speed: 109 kts
</description>
                    <LookAt>
                        <longitude>1.6371307120223</longitude>
                        <latitude>48.82536785459</latitude>
                        <altitude>0</altitude>
                        <heading>0</heading>
                        <tilt>70</tilt>
                        <range>3000</range>
                        <gx:altitudeMode>relativeToSeaFloor</gx:altitudeMode>
                    </LookAt>
                    <styleUrl>#msn_ylw-pushpin0</styleUrl>
                    <Point>
                        <extrude>1</extrude>
                        <altitudeMode>absolute</altitudeMode>
                        <gx:drawOrder>1</gx:drawOrder>
                        <coordinates>1.6371307120223,48.82536785459,505.63212749362</coordinates>
                    </Point>
                </Placemark>
                
                <Placemark>
                    <name>14:29:07 - 109 kts - 1652 ft</name>
                    <visibility>0</visibility>
                    <description>latitude: 48.827304
longitude: 1.637994
altitude: 503 m / 1652 ft
elevation: 135 m / 443 ft
course: 18°
speed: 109 kts
</description>
                    <LookAt>
                        <longitude>1.6379940948255</longitude>
                        <latitude>48.827304386711</latitude>
                        <altitude>0</altitude>
                        <heading>0</heading>
                        <tilt>70</tilt>
                        <range>3000</range>
                        <gx:altitudeMode>relativeToSeaFloor</gx:altitudeMode>
                    </LookAt>
                    <styleUrl>#msn_ylw-pushpin0</styleUrl>
                    <Point>
                        <extrude>1</extrude>
                        <altitudeMode>absolute</altitudeMode>
                        <gx:drawOrder>1</gx:drawOrder>
                        <coordinates>1.6379940948255,48.827304386711,503.39769219887</coordinates>
                    </Point>
                </Placemark>
                
                <Placemark>
                    <name>14:29:11 - 107 kts - 1653 ft</name>
                    <visibility>0</visibility>
                    <description>latitude: 48.829156
longitude: 1.639114
altitude: 504 m / 1653 ft
elevation: 145 m / 476 ft
course: 24°
speed: 107 kts
</description>
                    <LookAt>
                        <longitude>1.6391135502457</longitude>
                        <latitude>48.829155724829</latitude>
                        <altitude>0</altitude>
                        <heading>0</heading>
                        <tilt>70</tilt>
                        <range>3000</range>
                        <gx:altitudeMode>relativeToSeaFloor</gx:altitudeMode>
                    </LookAt>
                    <styleUrl>#msn_ylw-pushpin0</styleUrl>
                    <Point>
                        <extrude>1</extrude>
                        <altitudeMode>absolute</altitudeMode>
                        <gx:drawOrder>1</gx:drawOrder>
                        <coordinates>1.6391135502457,48.829155724829,503.8237262601</coordinates>
                    </Point>
                </Placemark>
                
                <Placemark>
                    <name>14:29:15 - 106 kts - 1652 ft</name>
                    <visibility>0</visibility>
                    <description>latitude: 48.830904
longitude: 1.640500
altitude: 503 m / 1652 ft
elevation: 153 m / 502 ft
course: 29°
speed: 106 kts
</description>
                    <LookAt>
                        <longitude>1.640499535884</longitude>
                        <latitude>48.830903561769</latitude>
                        <altitude>0</altitude>
                        <heading>0</heading>
                        <tilt>70</tilt>
                        <range>3000</range>
                        <gx:altitudeMode>relativeToSeaFloor</gx:altitudeMode>
                    </LookAt>
                    <styleUrl>#msn_ylw-pushpin0</styleUrl>
                    <Point>
                        <extrude>1</extrude>
                        <altitudeMode>absolute</altitudeMode>
                        <gx:drawOrder>1</gx:drawOrder>
                        <coordinates>1.640499535884,48.830903561769,503.40078680031</coordinates>
                    </Point>
                </Placemark>
                
                <Placemark>
                    <name>14:29:23 - 104 kts - 1689 ft</name>
                    <visibility>0</visibility>
                    <description>latitude: 48.834159
longitude: 1.643667
altitude: 515 m / 1689 ft
elevation: 142 m / 466 ft
course: 34°
speed: 104 kts
</description>
                    <LookAt>
                        <longitude>1.6436666373322</longitude>
                        <latitude>48.834159429356</latitude>
                        <altitude>0</altitude>
                        <heading>0</heading>
                        <tilt>70</tilt>
                        <range>3000</range>
                        <gx:altitudeMode>relativeToSeaFloor</gx:altitudeMode>
                    </LookAt>
                    <styleUrl>#msn_ylw-pushpin0</styleUrl>
                    <Point>
                        <extrude>1</extrude>
                        <altitudeMode>absolute</altitudeMode>
                        <gx:drawOrder>1</gx:drawOrder>
                        <coordinates>1.6436666373322,48.834159429356,514.8253703434</coordinates>
                    </Point>
                </Placemark>
                
                <Placemark>
                    <name>14:29:33 - 109 kts - 1646 ft</name>
                    <visibility>0</visibility>
                    <description>latitude: 48.838156
longitude: 1.648098
altitude: 502 m / 1646 ft
elevation: 128 m / 420 ft
course: 36°
speed: 109 kts
</description>
                    <LookAt>
                        <longitude>1.6480981377116</longitude>
                        <latitude>48.838156248888</latitude>
                        <altitude>0</altitude>
                        <heading>0</heading>
                        <tilt>70</tilt>
                        <range>3000</range>
                        <gx:altitudeMode>relativeToSeaFloor</gx:altitudeMode>
                    </LookAt>
                    <styleUrl>#msn_ylw-pushpin0</styleUrl>
                    <Point>
                        <extrude>1</extrude>
                        <altitudeMode>absolute</altitudeMode>
                        <gx:drawOrder>1</gx:drawOrder>
                        <coordinates>1.6480981377116,48.838156248888,501.65188331436</coordinates>
                    </Point>
                </Placemark>
                
                <Placemark>
                    <name>14:29:43 - 105 kts - 1658 ft</name>
                    <visibility>0</visibility>
                    <description>latitude: 48.842171
longitude: 1.652484
altitude: 505 m / 1658 ft
elevation: 127 m / 417 ft
course: 35°
speed: 105 kts
</description>
                    <LookAt>
                        <longitude>1.6524839168858</longitude>
                        <latitude>48.842171398069</latitude>
                        <altitude>0</altitude>
                        <heading>0</heading>
                        <tilt>70</tilt>
                        <range>3000</range>
                        <gx:altitudeMode>relativeToSeaFloor</gx:altitudeMode>
                    </LookAt>
                    <styleUrl>#msn_ylw-pushpin0</styleUrl>
                    <Point>
                        <extrude>1</extrude>
                        <altitudeMode>absolute</altitudeMode>
                        <gx:drawOrder>1</gx:drawOrder>
                        <coordinates>1.6524839168858,48.842171398069,505.42999976687</coordinates>
                    </Point>
                </Placemark>
                
                <Placemark>
                    <name>14:29:53 - 105 kts - 1670 ft</name>
                    <visibility>0</visibility>
                    <description>latitude: 48.846236
longitude: 1.656478
altitude: 509 m / 1670 ft
elevation: 131 m / 430 ft
course: 31°
speed: 105 kts
</description>
                    <LookAt>
                        <longitude>1.6564775364182</longitude>
                        <latitude>48.846235956153</latitude>
                        <altitude>0</altitude>
                        <heading>0</heading>
                        <tilt>70</tilt>
                        <range>3000</range>
                        <gx:altitudeMode>relativeToSeaFloor</gx:altitudeMode>
                    </LookAt>
                    <styleUrl>#msn_ylw-pushpin0</styleUrl>
                    <Point>
                        <extrude>1</extrude>
                        <altitudeMode>absolute</altitudeMode>
                        <gx:drawOrder>1</gx:drawOrder>
                        <coordinates>1.6564775364182,48.846235956153,509.0033188425</coordinates>
                    </Point>
                </Placemark>
                
                <Placemark>
                    <name>14:30:03 - 104 kts - 1675 ft</name>
                    <visibility>0</visibility>
                    <description>latitude: 48.850233
longitude: 1.660620
altitude: 511 m / 1675 ft
elevation: 141 m / 463 ft
course: 36°
speed: 104 kts
</description>
                    <LookAt>
                        <longitude>1.6606195946813</longitude>
                        <latitude>48.850232707407</latitude>
                        <altitude>0</altitude>
                        <heading>0</heading>
                        <tilt>70</tilt>
                        <range>3000</range>
                        <gx:altitudeMode>relativeToSeaFloor</gx:altitudeMode>
                    </LookAt>
                    <styleUrl>#msn_ylw-pushpin0</styleUrl>
                    <Point>
                        <extrude>1</extrude>
                        <altitudeMode>absolute</altitudeMode>
                        <gx:drawOrder>1</gx:drawOrder>
                        <coordinates>1.6606195946813,48.850232707407,510.60246470571</coordinates>
                    </Point>
                </Placemark>
                
                <Placemark>
                    <name>14:30:13 - 107 kts - 1672 ft</name>
                    <visibility>0</visibility>
                    <description>latitude: 48.854116
longitude: 1.665076
altitude: 510 m / 1672 ft
elevation: 127 m / 417 ft
course: 36°
speed: 107 kts
</description>
                    <LookAt>
                        <longitude>1.6650764950756</longitude>
                        <latitude>48.854115696112</latitude>
                        <altitude>0</altitude>
                        <heading>0</heading>
                        <tilt>70</tilt>
                        <range>3000</range>
                        <gx:altitudeMode>relativeToSeaFloor</gx:altitudeMode>
                    </LookAt>
                    <styleUrl>#msn_ylw-pushpin0</styleUrl>
                    <Point>
                        <extrude>1</extrude>
                        <altitudeMode>absolute</altitudeMode>
                        <gx:drawOrder>1</gx:drawOrder>
                        <coordinates>1.6650764950756,48.854115696112,509.5559126921</coordinates>
                    </Point>
                </Placemark>
                
                <Placemark>
                    <name>14:30:22 - 109 kts - 1661 ft</name>
                    <visibility>0</visibility>
                    <description>latitude: 48.857782
longitude: 1.669101
altitude: 506 m / 1661 ft
elevation: 120 m / 394 ft
course: 36°
speed: 109 kts
</description>
                    <LookAt>
                        <longitude>1.6691006113972</longitude>
                        <latitude>48.857782350818</latitude>
                        <altitude>0</altitude>
                        <heading>0</heading>
                        <tilt>70</tilt>
                        <range>3000</range>
                        <gx:altitudeMode>relativeToSeaFloor</gx:altitudeMode>
                    </LookAt>
                    <styleUrl>#msn_ylw-pushpin0</styleUrl>
                    <Point>
                        <extrude>1</extrude>
                        <altitudeMode>absolute</altitudeMode>
                        <gx:drawOrder>1</gx:drawOrder>
                        <coordinates>1.6691006113972,48.857782350818,506.193092837</coordinates>
                    </Point>
                </Placemark>
                
                <Placemark>
                    <name>14:30:32 - 105 kts - 1675 ft</name>
                    <visibility>0</visibility>
                    <description>latitude: 48.861772
longitude: 1.673502
altitude: 511 m / 1675 ft
elevation: 109 m / 358 ft
course: 36°
speed: 105 kts
</description>
                    <LookAt>
                        <longitude>1.6735020121757</longitude>
                        <latitude>48.861771608046</latitude>
                        <altitude>0</altitude>
                        <heading>0</heading>
                        <tilt>70</tilt>
                        <range>3000</range>
                        <gx:altitudeMode>relativeToSeaFloor</gx:altitudeMode>
                    </LookAt>
                    <styleUrl>#msn_ylw-pushpin0</styleUrl>
                    <Point>
                        <extrude>1</extrude>
                        <altitudeMode>absolute</altitudeMode>
                        <gx:drawOrder>1</gx:drawOrder>
                        <coordinates>1.6735020121757,48.861771608046,510.60821529105</coordinates>
                    </Point>
                </Placemark>
                
                <Placemark>
                    <name>14:30:41 - 109 kts - 1663 ft</name>
                    <visibility>0</visibility>
                    <description>latitude: 48.865771
longitude: 1.677938
altitude: 507 m / 1663 ft
elevation: 92 m / 302 ft
course: 36°
speed: 109 kts
</description>
                    <LookAt>
                        <longitude>1.6779384305117</longitude>
                        <latitude>48.86577134332</latitude>
                        <altitude>0</altitude>
                        <heading>0</heading>
                        <tilt>70</tilt>
                        <range>3000</range>
                        <gx:altitudeMode>relativeToSeaFloor</gx:altitudeMode>
                    </LookAt>
                    <styleUrl>#msn_ylw-pushpin0</styleUrl>
                    <Point>
                        <extrude>1</extrude>
                        <altitudeMode>absolute</altitudeMode>
                        <gx:drawOrder>1</gx:drawOrder>
                        <coordinates>1.6779384305117,48.86577134332,507.00301525835</coordinates>
                    </Point>
                </Placemark>
                
                <Placemark>
                    <name>14:30:50 - 108 kts - 1647 ft</name>
                    <visibility>0</visibility>
                    <description>latitude: 48.869499
longitude: 1.681907
altitude: 502 m / 1647 ft
elevation: 96 m / 315 ft
course: 34°
speed: 108 kts
</description>
                    <LookAt>
                        <longitude>1.6819071702951</longitude>
                        <latitude>48.869498628027</latitude>
                        <altitude>0</altitude>
                        <heading>0</heading>
                        <tilt>70</tilt>
                        <range>3000</range>
                        <gx:altitudeMode>relativeToSeaFloor</gx:altitudeMode>
                    </LookAt>
                    <styleUrl>#msn_ylw-pushpin0</styleUrl>
                    <Point>
                        <extrude>1</extrude>
                        <altitudeMode>absolute</altitudeMode>
                        <gx:drawOrder>1</gx:drawOrder>
                        <coordinates>1.6819071702951,48.869498628027,501.85770865716</coordinates>
                    </Point>
                </Placemark>
                
                <Placemark>
                    <name>14:31:01 - 106 kts - 1658 ft</name>
                    <visibility>0</visibility>
                    <description>latitude: 48.873633
longitude: 1.685946
altitude: 505 m / 1658 ft
elevation: 104 m / 341 ft
course: 33°
speed: 106 kts
</description>
                    <LookAt>
                        <longitude>1.6859456410634</longitude>
                        <latitude>48.873633365002</latitude>
                        <altitude>0</altitude>
                        <heading>0</heading>
                        <tilt>70</tilt>
                        <range>3000</range>
                        <gx:altitudeMode>relativeToSeaFloor</gx:altitudeMode>
                    </LookAt>
                    <styleUrl>#msn_ylw-pushpin0</styleUrl>
                    <Point>
                        <extrude>1</extrude>
                        <altitudeMode>absolute</altitudeMode>
                        <gx:drawOrder>1</gx:drawOrder>
                        <coordinates>1.6859456410634,48.873633365002,505.41461420059</coordinates>
                    </Point>
                </Placemark>
                
                <Placemark>
                    <name>14:31:11 - 105 kts - 1683 ft</name>
                    <visibility>0</visibility>
                    <description>latitude: 48.877654
longitude: 1.690119
altitude: 513 m / 1683 ft
elevation: 103 m / 338 ft
course: 36°
speed: 105 kts
</description>
                    <LookAt>
                        <longitude>1.69011948938</longitude>
                        <latitude>48.877654004861</latitude>
                        <altitude>0</altitude>
                        <heading>0</heading>
                        <tilt>70</tilt>
                        <range>3000</range>
                        <gx:altitudeMode>relativeToSeaFloor</gx:altitudeMode>
                    </LookAt>
                    <styleUrl>#msn_ylw-pushpin0</styleUrl>
                    <Point>
                        <extrude>1</extrude>
                        <altitudeMode>absolute</altitudeMode>
                        <gx:drawOrder>1</gx:drawOrder>
                        <coordinates>1.69011948938,48.877654004861,512.84738545399</coordinates>
                    </Point>
                </Placemark>
                
                <Placemark>
                    <name>14:31:20 - 110 kts - 1665 ft</name>
                    <visibility>0</visibility>
                    <description>latitude: 48.881301
longitude: 1.694111
altitude: 507 m / 1665 ft
elevation: 110 m / 361 ft
course: 36°
speed: 110 kts
</description>
                    <LookAt>
                        <longitude>1.6941107639598</longitude>
                        <latitude>48.881300764129</latitude>
                        <altitude>0</altitude>
                        <heading>0</heading>
                        <tilt>70</tilt>
                        <range>3000</range>
                        <gx:altitudeMode>relativeToSeaFloor</gx:altitudeMode>
                    </LookAt>
                    <styleUrl>#msn_ylw-pushpin0</styleUrl>
                    <Point>
                        <extrude>1</extrude>
                        <altitudeMode>absolute</altitudeMode>
                        <gx:drawOrder>1</gx:drawOrder>
                        <coordinates>1.6941107639598,48.881300764129,507.3970874818</coordinates>
                    </Point>
                </Placemark>
                
                <Placemark>
                    <name>14:31:29 - 111 kts - 1598 ft</name>
                    <visibility>0</visibility>
                    <description>latitude: 48.884937
longitude: 1.698376
altitude: 487 m / 1598 ft
elevation: 120 m / 394 ft
course: 40°
speed: 111 kts
</description>
                    <LookAt>
                        <longitude>1.6983762521629</longitude>
                        <latitude>48.88493708184</latitude>
                        <altitude>0</altitude>
                        <heading>0</heading>
                        <tilt>70</tilt>
                        <range>3000</range>
                        <gx:altitudeMode>relativeToSeaFloor</gx:altitudeMode>
                    </LookAt>
                    <styleUrl>#msn_ylw-pushpin0</styleUrl>
                    <Point>
                        <extrude>1</extrude>
                        <altitudeMode>absolute</altitudeMode>
                        <gx:drawOrder>1</gx:drawOrder>
                        <coordinates>1.6983762521629,48.88493708184,487.12130410969</coordinates>
                    </Point>
                </Placemark>
                
                <Placemark>
                    <name>14:31:38 - 110 kts - 1543 ft</name>
                    <visibility>0</visibility>
                    <description>latitude: 48.888287
longitude: 1.703191
altitude: 470 m / 1543 ft
elevation: 128 m / 420 ft
course: 44°
speed: 110 kts
</description>
                    <LookAt>
                        <longitude>1.7031908995059</longitude>
                        <latitude>48.888287167236</latitude>
                        <altitude>0</altitude>
                        <heading>0</heading>
                        <tilt>70</tilt>
                        <range>3000</range>
                        <gx:altitudeMode>relativeToSeaFloor</gx:altitudeMode>
                    </LookAt>
                    <styleUrl>#msn_ylw-pushpin0</styleUrl>
                    <Point>
                        <extrude>1</extrude>
                        <altitudeMode>absolute</altitudeMode>
                        <gx:drawOrder>1</gx:drawOrder>
                        <coordinates>1.7031908995059,48.888287167236,470.16186095867</coordinates>
                    </Point>
                </Placemark>
                
                <Placemark>
                    <name>14:31:47 - 112 kts - 1501 ft</name>
                    <visibility>0</visibility>
                    <description>latitude: 48.891496
longitude: 1.708228
altitude: 457 m / 1501 ft
elevation: 136 m / 446 ft
course: 47°
speed: 112 kts
</description>
                    <LookAt>
                        <longitude>1.7082284875538</longitude>
                        <latitude>48.891495623482</latitude>
                        <altitude>0</altitude>
                        <heading>0</heading>
                        <tilt>70</tilt>
                        <range>3000</range>
                        <gx:altitudeMode>relativeToSeaFloor</gx:altitudeMode>
                    </LookAt>
                    <styleUrl>#msn_ylw-pushpin0</styleUrl>
                    <Point>
                        <extrude>1</extrude>
                        <altitudeMode>absolute</altitudeMode>
                        <gx:drawOrder>1</gx:drawOrder>
                        <coordinates>1.7082284875538,48.891495623482,457.48662054911</coordinates>
                    </Point>
                </Placemark>
                
                <Placemark>
                    <name>14:31:56 - 111 kts - 1467 ft</name>
                    <visibility>0</visibility>
                    <description>latitude: 48.894743
longitude: 1.713243
altitude: 447 m / 1467 ft
elevation: 178 m / 584 ft
course: 43°
speed: 111 kts
</description>
                    <LookAt>
                        <longitude>1.7132427973733</longitude>
                        <latitude>48.894743371358</latitude>
                        <altitude>0</altitude>
                        <heading>0</heading>
                        <tilt>70</tilt>
                        <range>3000</range>
                        <gx:altitudeMode>relativeToSeaFloor</gx:altitudeMode>
                    </LookAt>
                    <styleUrl>#msn_ylw-pushpin0</styleUrl>
                    <Point>
                        <extrude>1</extrude>
                        <altitudeMode>absolute</altitudeMode>
                        <gx:drawOrder>1</gx:drawOrder>
                        <coordinates>1.7132427973733,48.894743371358,447.10955130495</coordinates>
                    </Point>
                </Placemark>
                
                <Placemark>
                    <name>14:32:05 - 110 kts - 1450 ft</name>
                    <visibility>0</visibility>
                    <description>latitude: 48.898167
longitude: 1.717926
altitude: 442 m / 1450 ft
elevation: 153 m / 502 ft
course: 42°
speed: 110 kts
</description>
                    <LookAt>
                        <longitude>1.7179257612599</longitude>
                        <latitude>48.898166795423</latitude>
                        <altitude>0</altitude>
                        <heading>0</heading>
                        <tilt>70</tilt>
                        <range>3000</range>
                        <gx:altitudeMode>relativeToSeaFloor</gx:altitudeMode>
                    </LookAt>
                    <styleUrl>#msn_ylw-pushpin0</styleUrl>
                    <Point>
                        <extrude>1</extrude>
                        <altitudeMode>absolute</altitudeMode>
                        <gx:drawOrder>1</gx:drawOrder>
                        <coordinates>1.7179257612599,48.898166795423,441.84909302928</coordinates>
                    </Point>
                </Placemark>
                
                <Placemark>
                    <name>14:32:14 - 107 kts - 1435 ft</name>
                    <visibility>0</visibility>
                    <description>latitude: 48.901619
longitude: 1.722354
altitude: 438 m / 1435 ft
elevation: 139 m / 456 ft
course: 40°
speed: 107 kts
</description>
                    <LookAt>
                        <longitude>1.7223542378166</longitude>
                        <latitude>48.901619188815</latitude>
                        <altitude>0</altitude>
                        <heading>0</heading>
                        <tilt>70</tilt>
                        <range>3000</range>
                        <gx:altitudeMode>relativeToSeaFloor</gx:altitudeMode>
                    </LookAt>
                    <styleUrl>#msn_ylw-pushpin0</styleUrl>
                    <Point>
                        <extrude>1</extrude>
                        <altitudeMode>absolute</altitudeMode>
                        <gx:drawOrder>1</gx:drawOrder>
                        <coordinates>1.7223542378166,48.901619188815,437.52779363468</coordinates>
                    </Point>
                </Placemark>
                
                <Placemark>
                    <name>14:32:24 - 101 kts - 1433 ft</name>
                    <visibility>0</visibility>
                    <description>latitude: 48.905286
longitude: 1.726910
altitude: 437 m / 1433 ft
elevation: 136 m / 446 ft
course: 38°
speed: 101 kts
</description>
                    <LookAt>
                        <longitude>1.726910449471</longitude>
                        <latitude>48.905285947023</latitude>
                        <altitude>0</altitude>
                        <heading>0</heading>
                        <tilt>70</tilt>
                        <range>3000</range>
                        <gx:altitudeMode>relativeToSeaFloor</gx:altitudeMode>
                    </LookAt>
                    <styleUrl>#msn_ylw-pushpin0</styleUrl>
                    <Point>
                        <extrude>1</extrude>
                        <altitudeMode>absolute</altitudeMode>
                        <gx:drawOrder>1</gx:drawOrder>
                        <coordinates>1.726910449471,48.905285947023,436.67549166083</coordinates>
                    </Point>
                </Placemark>
                
                <Placemark>
                    <name>14:32:34 - 101 kts - 1474 ft</name>
                    <visibility>0</visibility>
                    <description>latitude: 48.908993
longitude: 1.731138
altitude: 449 m / 1474 ft
elevation: 130 m / 427 ft
course: 36°
speed: 101 kts
</description>
                    <LookAt>
                        <longitude>1.7311376538682</longitude>
                        <latitude>48.908992558234</latitude>
                        <altitude>0</altitude>
                        <heading>0</heading>
                        <tilt>70</tilt>
                        <range>3000</range>
                        <gx:altitudeMode>relativeToSeaFloor</gx:altitudeMode>
                    </LookAt>
                    <styleUrl>#msn_ylw-pushpin0</styleUrl>
                    <Point>
                        <extrude>1</extrude>
                        <altitudeMode>absolute</altitudeMode>
                        <gx:drawOrder>1</gx:drawOrder>
                        <coordinates>1.7311376538682,48.908992558234,449.18399565574</coordinates>
                    </Point>
                </Placemark>
                
                <Placemark>
                    <name>14:32:43 - 109 kts - 1446 ft</name>
                    <visibility>0</visibility>
                    <description>latitude: 48.912797
longitude: 1.735758
altitude: 441 m / 1446 ft
elevation: 130 m / 427 ft
course: 40°
speed: 109 kts
</description>
                    <LookAt>
                        <longitude>1.7357575899605</longitude>
                        <latitude>48.912796940442</latitude>
                        <altitude>0</altitude>
                        <heading>0</heading>
                        <tilt>70</tilt>
                        <range>3000</range>
                        <gx:altitudeMode>relativeToSeaFloor</gx:altitudeMode>
                    </LookAt>
                    <styleUrl>#msn_ylw-pushpin0</styleUrl>
                    <Point>
                        <extrude>1</extrude>
                        <altitudeMode>absolute</altitudeMode>
                        <gx:drawOrder>1</gx:drawOrder>
                        <coordinates>1.7357575899605,48.912796940442,440.88256281801</coordinates>
                    </Point>
                </Placemark>
                
                <Placemark>
                    <name>14:32:52 - 111 kts - 1421 ft</name>
                    <visibility>0</visibility>
                    <description>latitude: 48.916347
longitude: 1.740255
altitude: 433 m / 1421 ft
elevation: 125 m / 410 ft
course: 39°
speed: 111 kts
</description>
                    <LookAt>
                        <longitude>1.7402550707905</longitude>
                        <latitude>48.916346623068</latitude>
                        <altitude>0</altitude>
                        <heading>0</heading>
                        <tilt>70</tilt>
                        <range>3000</range>
                        <gx:altitudeMode>relativeToSeaFloor</gx:altitudeMode>
                    </LookAt>
                    <styleUrl>#msn_ylw-pushpin0</styleUrl>
                    <Point>
                        <extrude>1</extrude>
                        <altitudeMode>absolute</altitudeMode>
                        <gx:drawOrder>1</gx:drawOrder>
                        <coordinates>1.7402550707905,48.916346623068,433.20021523628</coordinates>
                    </Point>
                </Placemark>
                
                <Placemark>
                    <name>14:33:00 - 108 kts - 1416 ft</name>
                    <visibility>0</visibility>
                    <description>latitude: 48.919441
longitude: 1.744218
altitude: 432 m / 1416 ft
elevation: 128 m / 420 ft
course: 44°
speed: 108 kts
</description>
                    <LookAt>
                        <longitude>1.7442180602288</longitude>
                        <latitude>48.919441071082</latitude>
                        <altitude>0</altitude>
                        <heading>0</heading>
                        <tilt>70</tilt>
                        <range>3000</range>
                        <gx:altitudeMode>relativeToSeaFloor</gx:altitudeMode>
                    </LookAt>
                    <styleUrl>#msn_ylw-pushpin0</styleUrl>
                    <Point>
                        <extrude>1</extrude>
                        <altitudeMode>absolute</altitudeMode>
                        <gx:drawOrder>1</gx:drawOrder>
                        <coordinates>1.7442180602288,48.919441071082,431.74840306118</coordinates>
                    </Point>
                </Placemark>
                
                <Placemark>
                    <name>14:33:03 - 107 kts - 1409 ft</name>
                    <visibility>0</visibility>
                    <description>latitude: 48.920434
longitude: 1.745899
altitude: 429 m / 1409 ft
elevation: 131 m / 430 ft
course: 49°
speed: 107 kts
</description>
                    <LookAt>
                        <longitude>1.7458994315513</longitude>
                        <latitude>48.920433507228</latitude>
                        <altitude>0</altitude>
                        <heading>0</heading>
                        <tilt>70</tilt>
                        <range>3000</range>
                        <gx:altitudeMode>relativeToSeaFloor</gx:altitudeMode>
                    </LookAt>
                    <styleUrl>#msn_ylw-pushpin0</styleUrl>
                    <Point>
                        <extrude>1</extrude>
                        <altitudeMode>absolute</altitudeMode>
                        <gx:drawOrder>1</gx:drawOrder>
                        <coordinates>1.7458994315513,48.920433507228,429.35772053897</coordinates>
                    </Point>
                </Placemark>
                
                <Placemark>
                    <name>14:33:07 - 105 kts - 1411 ft</name>
                    <visibility>0</visibility>
                    <description>latitude: 48.921307
longitude: 1.747691
altitude: 430 m / 1411 ft
elevation: 136 m / 446 ft
course: 55°
speed: 105 kts
</description>
                    <LookAt>
                        <longitude>1.7476909449808</longitude>
                        <latitude>48.92130705712</latitude>
                        <altitude>0</altitude>
                        <heading>0</heading>
                        <tilt>70</tilt>
                        <range>3000</range>
                        <gx:altitudeMode>relativeToSeaFloor</gx:altitudeMode>
                    </LookAt>
                    <styleUrl>#msn_ylw-pushpin0</styleUrl>
                    <Point>
                        <extrude>1</extrude>
                        <altitudeMode>absolute</altitudeMode>
                        <gx:drawOrder>1</gx:drawOrder>
                        <coordinates>1.7476909449808,48.92130705712,430.02241155505</coordinates>
                    </Point>
                </Placemark>
                
                <Placemark>
                    <name>14:33:10 - 103 kts - 1426 ft</name>
                    <visibility>0</visibility>
                    <description>latitude: 48.922040
longitude: 1.749560
altitude: 435 m / 1426 ft
elevation: 136 m / 446 ft
course: 60°
speed: 103 kts
</description>
                    <LookAt>
                        <longitude>1.749560207107</longitude>
                        <latitude>48.922039958634</latitude>
                        <altitude>0</altitude>
                        <heading>0</heading>
                        <tilt>70</tilt>
                        <range>3000</range>
                        <gx:altitudeMode>relativeToSeaFloor</gx:altitudeMode>
                    </LookAt>
                    <styleUrl>#msn_ylw-pushpin0</styleUrl>
                    <Point>
                        <extrude>1</extrude>
                        <altitudeMode>absolute</altitudeMode>
                        <gx:drawOrder>1</gx:drawOrder>
                        <coordinates>1.749560207107,48.922039958634,434.5749902809</coordinates>
                    </Point>
                </Placemark>
                
                <Placemark>
                    <name>14:33:13 - 101 kts - 1430 ft</name>
                    <visibility>0</visibility>
                    <description>latitude: 48.922640
longitude: 1.751485
altitude: 436 m / 1430 ft
elevation: 139 m / 456 ft
course: 66°
speed: 101 kts
</description>
                    <LookAt>
                        <longitude>1.7514846062091</longitude>
                        <latitude>48.922639821586</latitude>
                        <altitude>0</altitude>
                        <heading>0</heading>
                        <tilt>70</tilt>
                        <range>3000</range>
                        <gx:altitudeMode>relativeToSeaFloor</gx:altitudeMode>
                    </LookAt>
                    <styleUrl>#msn_ylw-pushpin0</styleUrl>
                    <Point>
                        <extrude>1</extrude>
                        <altitudeMode>absolute</altitudeMode>
                        <gx:drawOrder>1</gx:drawOrder>
                        <coordinates>1.7514846062091,48.922639821586,435.77016004175</coordinates>
                    </Point>
                </Placemark>
                
                <Placemark>
                    <name>14:33:16 - 100 kts - 1425 ft</name>
                    <visibility>0</visibility>
                    <description>latitude: 48.923077
longitude: 1.753481
altitude: 434 m / 1425 ft
elevation: 135 m / 443 ft
course: 73°
speed: 100 kts
</description>
                    <LookAt>
                        <longitude>1.7534813636616</longitude>
                        <latitude>48.923077142957</latitude>
                        <altitude>0</altitude>
                        <heading>0</heading>
                        <tilt>70</tilt>
                        <range>3000</range>
                        <gx:altitudeMode>relativeToSeaFloor</gx:altitudeMode>
                    </LookAt>
                    <styleUrl>#msn_ylw-pushpin0</styleUrl>
                    <Point>
                        <extrude>1</extrude>
                        <altitudeMode>absolute</altitudeMode>
                        <gx:drawOrder>1</gx:drawOrder>
                        <coordinates>1.7534813636616,48.923077142957,434.18837512936</coordinates>
                    </Point>
                </Placemark>
                
                <Placemark>
                    <name>14:33:19 - 100 kts - 1412 ft</name>
                    <visibility>0</visibility>
                    <description>latitude: 48.923366
longitude: 1.755540
altitude: 430 m / 1412 ft
elevation: 130 m / 427 ft
course: 79°
speed: 100 kts
</description>
                    <LookAt>
                        <longitude>1.7555404842675</longitude>
                        <latitude>48.923366396897</latitude>
                        <altitude>0</altitude>
                        <heading>0</heading>
                        <tilt>70</tilt>
                        <range>3000</range>
                        <gx:altitudeMode>relativeToSeaFloor</gx:altitudeMode>
                    </LookAt>
                    <styleUrl>#msn_ylw-pushpin0</styleUrl>
                    <Point>
                        <extrude>1</extrude>
                        <altitudeMode>absolute</altitudeMode>
                        <gx:drawOrder>1</gx:drawOrder>
                        <coordinates>1.7555404842675,48.923366396897,430.4803922791</coordinates>
                    </Point>
                </Placemark>
                
                <Placemark>
                    <name>14:33:23 - 97 kts - 1420 ft</name>
                    <visibility>0</visibility>
                    <description>latitude: 48.923590
longitude: 1.758277
altitude: 433 m / 1420 ft
elevation: 125 m / 410 ft
course: 84°
speed: 97 kts
</description>
                    <LookAt>
                        <longitude>1.7582773638435</longitude>
                        <latitude>48.923590033916</latitude>
                        <altitude>0</altitude>
                        <heading>0</heading>
                        <tilt>70</tilt>
                        <range>3000</range>
                        <gx:altitudeMode>relativeToSeaFloor</gx:altitudeMode>
                    </LookAt>
                    <styleUrl>#msn_ylw-pushpin0</styleUrl>
                    <Point>
                        <extrude>1</extrude>
                        <altitudeMode>absolute</altitudeMode>
                        <gx:drawOrder>1</gx:drawOrder>
                        <coordinates>1.7582773638435,48.923590033916,432.78681972157</coordinates>
                    </Point>
                </Placemark>
                
                <Placemark>
                    <name>14:33:34 - 95 kts - 1446 ft</name>
                    <visibility>0</visibility>
                    <description>latitude: 48.923879
longitude: 1.765599
altitude: 441 m / 1446 ft
elevation: 102 m / 335 ft
course: 87°
speed: 95 kts
</description>
                    <LookAt>
                        <longitude>1.7655987203368</longitude>
                        <latitude>48.923878848721</latitude>
                        <altitude>0</altitude>
                        <heading>0</heading>
                        <tilt>70</tilt>
                        <range>3000</range>
                        <gx:altitudeMode>relativeToSeaFloor</gx:altitudeMode>
                    </LookAt>
                    <styleUrl>#msn_ylw-pushpin0</styleUrl>
                    <Point>
                        <extrude>1</extrude>
                        <altitudeMode>absolute</altitudeMode>
                        <gx:drawOrder>1</gx:drawOrder>
                        <coordinates>1.7655987203368,48.923878848721,440.65227238648</coordinates>
                    </Point>
                </Placemark>
                
                <Placemark>
                    <name>14:33:44 - 98 kts - 1439 ft</name>
                    <visibility>0</visibility>
                    <description>latitude: 48.924153
longitude: 1.772415
altitude: 439 m / 1439 ft
elevation: 91 m / 299 ft
course: 87°
speed: 98 kts
</description>
                    <LookAt>
                        <longitude>1.7724146203109</longitude>
                        <latitude>48.924152539015</latitude>
                        <altitude>0</altitude>
                        <heading>0</heading>
                        <tilt>70</tilt>
                        <range>3000</range>
                        <gx:altitudeMode>relativeToSeaFloor</gx:altitudeMode>
                    </LookAt>
                    <styleUrl>#msn_ylw-pushpin0</styleUrl>
                    <Point>
                        <extrude>1</extrude>
                        <altitudeMode>absolute</altitudeMode>
                        <gx:drawOrder>1</gx:drawOrder>
                        <coordinates>1.7724146203109,48.924152539015,438.60020839423</coordinates>
                    </Point>
                </Placemark>
                
                <Placemark>
                    <name>14:33:54 - 97 kts - 1428 ft</name>
                    <visibility>0</visibility>
                    <description>latitude: 48.924498
longitude: 1.779232
altitude: 435 m / 1428 ft
elevation: 82 m / 269 ft
course: 85°
speed: 97 kts
</description>
                    <LookAt>
                        <longitude>1.7792324324613</longitude>
                        <latitude>48.924497601945</latitude>
                        <altitude>0</altitude>
                        <heading>0</heading>
                        <tilt>70</tilt>
                        <range>3000</range>
                        <gx:altitudeMode>relativeToSeaFloor</gx:altitudeMode>
                    </LookAt>
                    <styleUrl>#msn_ylw-pushpin0</styleUrl>
                    <Point>
                        <extrude>1</extrude>
                        <altitudeMode>absolute</altitudeMode>
                        <gx:drawOrder>1</gx:drawOrder>
                        <coordinates>1.7792324324613,48.924497601945,435.3550906321</coordinates>
                    </Point>
                </Placemark>
                
                <Placemark>
                    <name>14:34:05 - 96 kts - 1443 ft</name>
                    <visibility>0</visibility>
                    <description>latitude: 48.924987
longitude: 1.786587
altitude: 440 m / 1443 ft
elevation: 124 m / 407 ft
course: 84°
speed: 96 kts
</description>
                    <LookAt>
                        <longitude>1.7865873158333</longitude>
                        <latitude>48.92498734102</latitude>
                        <altitude>0</altitude>
                        <heading>0</heading>
                        <tilt>70</tilt>
                        <range>3000</range>
                        <gx:altitudeMode>relativeToSeaFloor</gx:altitudeMode>
                    </LookAt>
                    <styleUrl>#msn_ylw-pushpin0</styleUrl>
                    <Point>
                        <extrude>1</extrude>
                        <altitudeMode>absolute</altitudeMode>
                        <gx:drawOrder>1</gx:drawOrder>
                        <coordinates>1.7865873158333,48.92498734102,439.81554640271</coordinates>
                    </Point>
                </Placemark>
                
                <Placemark>
                    <name>14:34:16 - 97 kts - 1443 ft</name>
                    <visibility>0</visibility>
                    <description>latitude: 48.925488
longitude: 1.794030
altitude: 440 m / 1443 ft
elevation: 125 m / 410 ft
course: 83°
speed: 97 kts
</description>
                    <LookAt>
                        <longitude>1.7940299852106</longitude>
                        <latitude>48.925488156634</latitude>
                        <altitude>0</altitude>
                        <heading>0</heading>
                        <tilt>70</tilt>
                        <range>3000</range>
                        <gx:altitudeMode>relativeToSeaFloor</gx:altitudeMode>
                    </LookAt>
                    <styleUrl>#msn_ylw-pushpin0</styleUrl>
                    <Point>
                        <extrude>1</extrude>
                        <altitudeMode>absolute</altitudeMode>
                        <gx:drawOrder>1</gx:drawOrder>
                        <coordinates>1.7940299852106,48.925488156634,439.931837813</coordinates>
                    </Point>
                </Placemark>
                
                <Placemark>
                    <name>14:34:27 - 98 kts - 1447 ft</name>
                    <visibility>0</visibility>
                    <description>latitude: 48.926124
longitude: 1.801417
altitude: 441 m / 1447 ft
elevation: 145 m / 476 ft
course: 83°
speed: 98 kts
</description>
                    <LookAt>
                        <longitude>1.8014171275799</longitude>
                        <latitude>48.926124148852</latitude>
                        <altitude>0</altitude>
                        <heading>0</heading>
                        <tilt>70</tilt>
                        <range>3000</range>
                        <gx:altitudeMode>relativeToSeaFloor</gx:altitudeMode>
                    </LookAt>
                    <styleUrl>#msn_ylw-pushpin0</styleUrl>
                    <Point>
                        <extrude>1</extrude>
                        <altitudeMode>absolute</altitudeMode>
                        <gx:drawOrder>1</gx:drawOrder>
                        <coordinates>1.8014171275799,48.926124148852,441.02752175648</coordinates>
                    </Point>
                </Placemark>
                
                <Placemark>
                    <name>14:34:37 - 99 kts - 1419 ft</name>
                    <visibility>0</visibility>
                    <description>latitude: 48.926469
longitude: 1.808299
altitude: 432 m / 1419 ft
elevation: 128 m / 420 ft
course: 86°
speed: 99 kts
</description>
                    <LookAt>
                        <longitude>1.808299088452</longitude>
                        <latitude>48.926469371911</latitude>
                        <altitude>0</altitude>
                        <heading>0</heading>
                        <tilt>70</tilt>
                        <range>3000</range>
                        <gx:altitudeMode>relativeToSeaFloor</gx:altitudeMode>
                    </LookAt>
                    <styleUrl>#msn_ylw-pushpin0</styleUrl>
                    <Point>
                        <extrude>1</extrude>
                        <altitudeMode>absolute</altitudeMode>
                        <gx:drawOrder>1</gx:drawOrder>
                        <coordinates>1.808299088452,48.926469371911,432.44932335708</coordinates>
                    </Point>
                </Placemark>
                
                <Placemark>
                    <name>14:34:47 - 96 kts - 1436 ft</name>
                    <visibility>0</visibility>
                    <description>latitude: 48.926742
longitude: 1.815111
altitude: 438 m / 1436 ft
elevation: 131 m / 430 ft
course: 87°
speed: 96 kts
</description>
                    <LookAt>
                        <longitude>1.8151109118563</longitude>
                        <latitude>48.926742349379</latitude>
                        <altitude>0</altitude>
                        <heading>0</heading>
                        <tilt>70</tilt>
                        <range>3000</range>
                        <gx:altitudeMode>relativeToSeaFloor</gx:altitudeMode>
                    </LookAt>
                    <styleUrl>#msn_ylw-pushpin0</styleUrl>
                    <Point>
                        <extrude>1</extrude>
                        <altitudeMode>absolute</altitudeMode>
                        <gx:drawOrder>1</gx:drawOrder>
                        <coordinates>1.8151109118563,48.926742349379,437.83119970467</coordinates>
                    </Point>
                </Placemark>
                
                <Placemark>
                    <name>14:34:57 - 97 kts - 1437 ft</name>
                    <visibility>0</visibility>
                    <description>latitude: 48.927083
longitude: 1.822543
altitude: 438 m / 1437 ft
elevation: 124 m / 407 ft
course: 87°
speed: 97 kts
</description>
                    <LookAt>
                        <longitude>1.8225429300125</longitude>
                        <latitude>48.927083076674</latitude>
                        <altitude>0</altitude>
                        <heading>0</heading>
                        <tilt>70</tilt>
                        <range>3000</range>
                        <gx:altitudeMode>relativeToSeaFloor</gx:altitudeMode>
                    </LookAt>
                    <styleUrl>#msn_ylw-pushpin0</styleUrl>
                    <Point>
                        <extrude>1</extrude>
                        <altitudeMode>absolute</altitudeMode>
                        <gx:drawOrder>1</gx:drawOrder>
                        <coordinates>1.8225429300125,48.927083076674,438.00377334841</coordinates>
                    </Point>
                </Placemark>
                
                <Placemark>
                    <name>14:35:07 - 95 kts - 1423 ft</name>
                    <visibility>0</visibility>
                    <description>latitude: 48.927355
longitude: 1.829359
altitude: 434 m / 1423 ft
elevation: 118 m / 387 ft
course: 85°
speed: 95 kts
</description>
                    <LookAt>
                        <longitude>1.8293594085084</longitude>
                        <latitude>48.927355346767</latitude>
                        <altitude>0</altitude>
                        <heading>0</heading>
                        <tilt>70</tilt>
                        <range>3000</range>
                        <gx:altitudeMode>relativeToSeaFloor</gx:altitudeMode>
                    </LookAt>
                    <styleUrl>#msn_ylw-pushpin0</styleUrl>
                    <Point>
                        <extrude>1</extrude>
                        <altitudeMode>absolute</altitudeMode>
                        <gx:drawOrder>1</gx:drawOrder>
                        <coordinates>1.8293594085084,48.927355346767,433.70854445174</coordinates>
                    </Point>
                </Placemark>
                
                <Placemark>
                    <name>14:35:19 - 95 kts - 1453 ft</name>
                    <visibility>0</visibility>
                    <description>latitude: 48.927880
longitude: 1.836521
altitude: 443 m / 1453 ft
elevation: 104 m / 341 ft
course: 85°
speed: 95 kts
</description>
                    <LookAt>
                        <longitude>1.8365207057503</longitude>
                        <latitude>48.927879792979</latitude>
                        <altitude>0</altitude>
                        <heading>0</heading>
                        <tilt>70</tilt>
                        <range>3000</range>
                        <gx:altitudeMode>relativeToSeaFloor</gx:altitudeMode>
                    </LookAt>
                    <styleUrl>#msn_ylw-pushpin0</styleUrl>
                    <Point>
                        <extrude>1</extrude>
                        <altitudeMode>absolute</altitudeMode>
                        <gx:drawOrder>1</gx:drawOrder>
                        <coordinates>1.8365207057503,48.927879792979,442.92216176447</coordinates>
                    </Point>
                </Placemark>
                
                <Placemark>
                    <name>14:35:30 - 98 kts - 1431 ft</name>
                    <visibility>0</visibility>
                    <description>latitude: 48.928227
longitude: 1.843994
altitude: 436 m / 1431 ft
elevation: 32 m / 105 ft
course: 85°
speed: 98 kts
</description>
                    <LookAt>
                        <longitude>1.8439943319945</longitude>
                        <latitude>48.928226564959</latitude>
                        <altitude>0</altitude>
                        <heading>0</heading>
                        <tilt>70</tilt>
                        <range>3000</range>
                        <gx:altitudeMode>relativeToSeaFloor</gx:altitudeMode>
                    </LookAt>
                    <styleUrl>#msn_ylw-pushpin0</styleUrl>
                    <Point>
                        <extrude>1</extrude>
                        <altitudeMode>absolute</altitudeMode>
                        <gx:drawOrder>1</gx:drawOrder>
                        <coordinates>1.8439943319945,48.928226564959,436.19660457503</coordinates>
                    </Point>
                </Placemark>
                
                <Placemark>
                    <name>14:35:40 - 100 kts - 1420 ft</name>
                    <visibility>0</visibility>
                    <description>latitude: 48.928592
longitude: 1.850894
altitude: 433 m / 1420 ft
elevation: 78 m / 256 ft
course: 85°
speed: 100 kts
</description>
                    <LookAt>
                        <longitude>1.8508936847684</longitude>
                        <latitude>48.928591931879</latitude>
                        <altitude>0</altitude>
                        <heading>0</heading>
                        <tilt>70</tilt>
                        <range>3000</range>
                        <gx:altitudeMode>relativeToSeaFloor</gx:altitudeMode>
                    </LookAt>
                    <styleUrl>#msn_ylw-pushpin0</styleUrl>
                    <Point>
                        <extrude>1</extrude>
                        <altitudeMode>absolute</altitudeMode>
                        <gx:drawOrder>1</gx:drawOrder>
                        <coordinates>1.8508936847684,48.928591931879,432.84989255946</coordinates>
                    </Point>
                </Placemark>
                
                <Placemark>
                    <name>14:35:50 - 104 kts - 1374 ft</name>
                    <visibility>0</visibility>
                    <description>latitude: 48.929040
longitude: 1.858065
altitude: 419 m / 1374 ft
elevation: 134 m / 440 ft
course: 84°
speed: 104 kts
</description>
                    <LookAt>
                        <longitude>1.8580645737054</longitude>
                        <latitude>48.929040478999</latitude>
                        <altitude>0</altitude>
                        <heading>0</heading>
                        <tilt>70</tilt>
                        <range>3000</range>
                        <gx:altitudeMode>relativeToSeaFloor</gx:altitudeMode>
                    </LookAt>
                    <styleUrl>#msn_ylw-pushpin0</styleUrl>
                    <Point>
                        <extrude>1</extrude>
                        <altitudeMode>absolute</altitudeMode>
                        <gx:drawOrder>1</gx:drawOrder>
                        <coordinates>1.8580645737054,48.929040478999,418.84659563377</coordinates>
                    </Point>
                </Placemark>
                
                <Placemark>
                    <name>14:36:00 - 104 kts - 1314 ft</name>
                    <visibility>0</visibility>
                    <description>latitude: 48.929514
longitude: 1.865340
altitude: 400 m / 1314 ft
elevation: 128 m / 420 ft
course: 84°
speed: 104 kts
</description>
                    <LookAt>
                        <longitude>1.8653404938515</longitude>
                        <latitude>48.929514019304</latitude>
                        <altitude>0</altitude>
                        <heading>0</heading>
                        <tilt>70</tilt>
                        <range>3000</range>
                        <gx:altitudeMode>relativeToSeaFloor</gx:altitudeMode>
                    </LookAt>
                    <styleUrl>#msn_ylw-pushpin0</styleUrl>
                    <Point>
                        <extrude>1</extrude>
                        <altitudeMode>absolute</altitudeMode>
                        <gx:drawOrder>1</gx:drawOrder>
                        <coordinates>1.8653404938515,48.929514019304,400.40549539495</coordinates>
                    </Point>
                </Placemark>
                
                <Placemark>
                    <name>14:36:10 - 103 kts - 1260 ft</name>
                    <visibility>0</visibility>
                    <description>latitude: 48.929976
longitude: 1.872576
altitude: 384 m / 1260 ft
elevation: 113 m / 371 ft
course: 85°
speed: 103 kts
</description>
                    <LookAt>
                        <longitude>1.8725764789507</longitude>
                        <latitude>48.929976326454</latitude>
                        <altitude>0</altitude>
                        <heading>0</heading>
                        <tilt>70</tilt>
                        <range>3000</range>
                        <gx:altitudeMode>relativeToSeaFloor</gx:altitudeMode>
                    </LookAt>
                    <styleUrl>#msn_ylw-pushpin0</styleUrl>
                    <Point>
                        <extrude>1</extrude>
                        <altitudeMode>absolute</altitudeMode>
                        <gx:drawOrder>1</gx:drawOrder>
                        <coordinates>1.8725764789507,48.929976326454,383.99063948449</coordinates>
                    </Point>
                </Placemark>
                
                <Placemark>
                    <name>14:36:20 - 103 kts - 1235 ft</name>
                    <visibility>0</visibility>
                    <description>latitude: 48.930190
longitude: 1.879749
altitude: 377 m / 1235 ft
elevation: 121 m / 397 ft
course: 88°
speed: 103 kts
</description>
                    <LookAt>
                        <longitude>1.879749306139</longitude>
                        <latitude>48.930190060827</latitude>
                        <altitude>0</altitude>
                        <heading>0</heading>
                        <tilt>70</tilt>
                        <range>3000</range>
                        <gx:altitudeMode>relativeToSeaFloor</gx:altitudeMode>
                    </LookAt>
                    <styleUrl>#msn_ylw-pushpin0</styleUrl>
                    <Point>
                        <extrude>1</extrude>
                        <altitudeMode>absolute</altitudeMode>
                        <gx:drawOrder>1</gx:drawOrder>
                        <coordinates>1.879749306139,48.930190060827,376.52276236657</coordinates>
                    </Point>
                </Placemark>
                
                <Placemark>
                    <name>14:36:30 - 105 kts - 1172 ft</name>
                    <visibility>0</visibility>
                    <description>latitude: 48.930487
longitude: 1.887053
altitude: 357 m / 1172 ft
elevation: 160 m / 525 ft
course: 86°
speed: 105 kts
</description>
                    <LookAt>
                        <longitude>1.8870528309852</longitude>
                        <latitude>48.930486574599</latitude>
                        <altitude>0</altitude>
                        <heading>0</heading>
                        <tilt>70</tilt>
                        <range>3000</range>
                        <gx:altitudeMode>relativeToSeaFloor</gx:altitudeMode>
                    </LookAt>
                    <styleUrl>#msn_ylw-pushpin0</styleUrl>
                    <Point>
                        <extrude>1</extrude>
                        <altitudeMode>absolute</altitudeMode>
                        <gx:drawOrder>1</gx:drawOrder>
                        <coordinates>1.8870528309852,48.930486574599,357.09942649771</coordinates>
                    </Point>
                </Placemark>
                
                <Placemark>
                    <name>14:36:40 - 104 kts - 1180 ft</name>
                    <visibility>0</visibility>
                    <description>latitude: 48.930874
longitude: 1.894323
altitude: 360 m / 1180 ft
elevation: 187 m / 614 ft
course: 84°
speed: 104 kts
</description>
                    <LookAt>
                        <longitude>1.8943232647445</longitude>
                        <latitude>48.93087369133</latitude>
                        <altitude>0</altitude>
                        <heading>0</heading>
                        <tilt>70</tilt>
                        <range>3000</range>
                        <gx:altitudeMode>relativeToSeaFloor</gx:altitudeMode>
                    </LookAt>
                    <styleUrl>#msn_ylw-pushpin0</styleUrl>
                    <Point>
                        <extrude>1</extrude>
                        <altitudeMode>absolute</altitudeMode>
                        <gx:drawOrder>1</gx:drawOrder>
                        <coordinates>1.8943232647445,48.93087369133,359.6073703561</coordinates>
                    </Point>
                </Placemark>
                
                <Placemark>
                    <name>14:36:50 - 102 kts - 1180 ft</name>
                    <visibility>0</visibility>
                    <description>latitude: 48.931460
longitude: 1.901437
altitude: 360 m / 1180 ft
elevation: 184 m / 604 ft
course: 82°
speed: 102 kts
</description>
                    <LookAt>
                        <longitude>1.901436984417</longitude>
                        <latitude>48.93145963419</latitude>
                        <altitude>0</altitude>
                        <heading>0</heading>
                        <tilt>70</tilt>
                        <range>3000</range>
                        <gx:altitudeMode>relativeToSeaFloor</gx:altitudeMode>
                    </LookAt>
                    <styleUrl>#msn_ylw-pushpin0</styleUrl>
                    <Point>
                        <extrude>1</extrude>
                        <altitudeMode>absolute</altitudeMode>
                        <gx:drawOrder>1</gx:drawOrder>
                        <coordinates>1.901436984417,48.93145963419,359.80225623026</coordinates>
                    </Point>
                </Placemark>
                
                <Placemark>
                    <name>14:36:59 - 99 kts - 1161 ft</name>
                    <visibility>0</visibility>
                    <description>latitude: 48.932019
longitude: 1.908399
altitude: 354 m / 1161 ft
elevation: 142 m / 466 ft
course: 83°
speed: 99 kts
</description>
                    <LookAt>
                        <longitude>1.9083988696056</longitude>
                        <latitude>48.932019043437</latitude>
                        <altitude>0</altitude>
                        <heading>0</heading>
                        <tilt>70</tilt>
                        <range>3000</range>
                        <gx:altitudeMode>relativeToSeaFloor</gx:altitudeMode>
                    </LookAt>
                    <styleUrl>#msn_ylw-pushpin0</styleUrl>
                    <Point>
                        <extrude>1</extrude>
                        <altitudeMode>absolute</altitudeMode>
                        <gx:drawOrder>1</gx:drawOrder>
                        <coordinates>1.9083988696056,48.932019043437,353.75584312715</coordinates>
                    </Point>
                </Placemark>
                
                <Placemark>
                    <name>14:37:10 - 92 kts - 1180 ft</name>
                    <visibility>0</visibility>
                    <description>latitude: 48.932497
longitude: 1.915684
altitude: 360 m / 1180 ft
elevation: 123 m / 404 ft
course: 84°
speed: 92 kts
</description>
                    <LookAt>
                        <longitude>1.9156836140586</longitude>
                        <latitude>48.93249668714</latitude>
                        <altitude>0</altitude>
                        <heading>0</heading>
                        <tilt>70</tilt>
                        <range>3000</range>
                        <gx:altitudeMode>relativeToSeaFloor</gx:altitudeMode>
                    </LookAt>
                    <styleUrl>#msn_ylw-pushpin0</styleUrl>
                    <Point>
                        <extrude>1</extrude>
                        <altitudeMode>absolute</altitudeMode>
                        <gx:drawOrder>1</gx:drawOrder>
                        <coordinates>1.9156836140586,48.93249668714,359.55787095614</coordinates>
                    </Point>
                </Placemark>
                
                <Placemark>
                    <name>14:37:22 - 90 kts - 1210 ft</name>
                    <visibility>0</visibility>
                    <description>latitude: 48.932840
longitude: 1.922630
altitude: 369 m / 1210 ft
elevation: 128 m / 420 ft
course: 87°
speed: 90 kts
</description>
                    <LookAt>
                        <longitude>1.9226298746415</longitude>
                        <latitude>48.932840467534</latitude>
                        <altitude>0</altitude>
                        <heading>0</heading>
                        <tilt>70</tilt>
                        <range>3000</range>
                        <gx:altitudeMode>relativeToSeaFloor</gx:altitudeMode>
                    </LookAt>
                    <styleUrl>#msn_ylw-pushpin0</styleUrl>
                    <Point>
                        <extrude>1</extrude>
                        <altitudeMode>absolute</altitudeMode>
                        <gx:drawOrder>1</gx:drawOrder>
                        <coordinates>1.9226298746415,48.932840467534,368.82187636755</coordinates>
                    </Point>
                </Placemark>
                
                <Placemark>
                    <name>14:37:33 - 90 kts - 1183 ft</name>
                    <visibility>0</visibility>
                    <description>latitude: 48.933070
longitude: 1.929623
altitude: 361 m / 1183 ft
elevation: 124 m / 407 ft
course: 86°
speed: 90 kts
</description>
                    <LookAt>
                        <longitude>1.9296226378971</longitude>
                        <latitude>48.933069839106</latitude>
                        <altitude>0</altitude>
                        <heading>0</heading>
                        <tilt>70</tilt>
                        <range>3000</range>
                        <gx:altitudeMode>relativeToSeaFloor</gx:altitudeMode>
                    </LookAt>
                    <styleUrl>#msn_ylw-pushpin0</styleUrl>
                    <Point>
                        <extrude>1</extrude>
                        <altitudeMode>absolute</altitudeMode>
                        <gx:drawOrder>1</gx:drawOrder>
                        <coordinates>1.9296226378971,48.933069839106,360.52361414209</coordinates>
                    </Point>
                </Placemark>
                
                <Placemark>
                    <name>14:37:44 - 88 kts - 1202 ft</name>
                    <visibility>0</visibility>
                    <description>latitude: 48.933470
longitude: 1.936420
altitude: 366 m / 1202 ft
elevation: 110 m / 361 ft
course: 85°
speed: 88 kts
</description>
                    <LookAt>
                        <longitude>1.936419989469</longitude>
                        <latitude>48.933469994046</latitude>
                        <altitude>0</altitude>
                        <heading>0</heading>
                        <tilt>70</tilt>
                        <range>3000</range>
                        <gx:altitudeMode>relativeToSeaFloor</gx:altitudeMode>
                    </LookAt>
                    <styleUrl>#msn_ylw-pushpin0</styleUrl>
                    <Point>
                        <extrude>1</extrude>
                        <altitudeMode>absolute</altitudeMode>
                        <gx:drawOrder>1</gx:drawOrder>
                        <coordinates>1.936419989469,48.933469994046,366.44817414973</coordinates>
                    </Point>
                </Placemark>
                
                <Placemark>
                    <name>14:37:55 - 89 kts - 1188 ft</name>
                    <visibility>0</visibility>
                    <description>latitude: 48.933897
longitude: 1.943223
altitude: 362 m / 1188 ft
elevation: 93 m / 305 ft
course: 85°
speed: 89 kts
</description>
                    <LookAt>
                        <longitude>1.9432225818851</longitude>
                        <latitude>48.933896863171</latitude>
                        <altitude>0</altitude>
                        <heading>0</heading>
                        <tilt>70</tilt>
                        <range>3000</range>
                        <gx:altitudeMode>relativeToSeaFloor</gx:altitudeMode>
                    </LookAt>
                    <styleUrl>#msn_ylw-pushpin0</styleUrl>
                    <Point>
                        <extrude>1</extrude>
                        <altitudeMode>absolute</altitudeMode>
                        <gx:drawOrder>1</gx:drawOrder>
                        <coordinates>1.9432225818851,48.933896863171,362.09506977629</coordinates>
                    </Point>
                </Placemark>
                
                <Placemark>
                    <name>14:38:07 - 88 kts - 1181 ft</name>
                    <visibility>0</visibility>
                    <description>latitude: 48.934365
longitude: 1.950577
altitude: 360 m / 1181 ft
elevation: 71 m / 233 ft
course: 84°
speed: 88 kts
</description>
                    <LookAt>
                        <longitude>1.9505771933053</longitude>
                        <latitude>48.934365427459</latitude>
                        <altitude>0</altitude>
                        <heading>0</heading>
                        <tilt>70</tilt>
                        <range>3000</range>
                        <gx:altitudeMode>relativeToSeaFloor</gx:altitudeMode>
                    </LookAt>
                    <styleUrl>#msn_ylw-pushpin0</styleUrl>
                    <Point>
                        <extrude>1</extrude>
                        <altitudeMode>absolute</altitudeMode>
                        <gx:drawOrder>1</gx:drawOrder>
                        <coordinates>1.9505771933053,48.934365427459,359.95761955995</coordinates>
                    </Point>
                </Placemark>
                
                <Placemark>
                    <name>14:38:18 - 93 kts - 1128 ft</name>
                    <visibility>0</visibility>
                    <description>latitude: 48.934864
longitude: 1.957540
altitude: 344 m / 1128 ft
elevation: 75 m / 246 ft
course: 83°
speed: 93 kts
</description>
                    <LookAt>
                        <longitude>1.9575400610894</longitude>
                        <latitude>48.934864246307</latitude>
                        <altitude>0</altitude>
                        <heading>0</heading>
                        <tilt>70</tilt>
                        <range>3000</range>
                        <gx:altitudeMode>relativeToSeaFloor</gx:altitudeMode>
                    </LookAt>
                    <styleUrl>#msn_ylw-pushpin0</styleUrl>
                    <Point>
                        <extrude>1</extrude>
                        <altitudeMode>absolute</altitudeMode>
                        <gx:drawOrder>1</gx:drawOrder>
                        <coordinates>1.9575400610894,48.934864246307,343.87669189181</coordinates>
                    </Point>
                </Placemark>
                
                <Placemark>
                    <name>14:38:27 - 94 kts - 1121 ft</name>
                    <visibility>0</visibility>
                    <description>latitude: 48.935468
longitude: 1.963318
altitude: 342 m / 1121 ft
elevation: 86 m / 282 ft
course: 76°
speed: 94 kts
</description>
                    <LookAt>
                        <longitude>1.9633178806443</longitude>
                        <latitude>48.935468138377</latitude>
                        <altitude>0</altitude>
                        <heading>0</heading>
                        <tilt>70</tilt>
                        <range>3000</range>
                        <gx:altitudeMode>relativeToSeaFloor</gx:altitudeMode>
                    </LookAt>
                    <styleUrl>#msn_ylw-pushpin0</styleUrl>
                    <Point>
                        <extrude>1</extrude>
                        <altitudeMode>absolute</altitudeMode>
                        <gx:drawOrder>1</gx:drawOrder>
                        <coordinates>1.9633178806443,48.935468138377,341.81901837979</coordinates>
                    </Point>
                </Placemark>
                
                <Placemark>
                    <name>14:38:30 - 98 kts - 1113 ft</name>
                    <visibility>0</visibility>
                    <description>latitude: 48.935899
longitude: 1.965245
altitude: 339 m / 1113 ft
elevation: 99 m / 325 ft
course: 70°
speed: 98 kts
</description>
                    <LookAt>
                        <longitude>1.9652447973323</longitude>
                        <latitude>48.93589913398</latitude>
                        <altitude>0</altitude>
                        <heading>0</heading>
                        <tilt>70</tilt>
                        <range>3000</range>
                        <gx:altitudeMode>relativeToSeaFloor</gx:altitudeMode>
                    </LookAt>
                    <styleUrl>#msn_ylw-pushpin0</styleUrl>
                    <Point>
                        <extrude>1</extrude>
                        <altitudeMode>absolute</altitudeMode>
                        <gx:drawOrder>1</gx:drawOrder>
                        <coordinates>1.9652447973323,48.93589913398,339.09337805863</coordinates>
                    </Point>
                </Placemark>
                
                <Placemark>
                    <name>14:38:35 - 100 kts - 1102 ft</name>
                    <visibility>0</visibility>
                    <description>latitude: 48.936837
longitude: 1.968428
altitude: 336 m / 1102 ft
elevation: 111 m / 364 ft
course: 63°
speed: 100 kts
</description>
                    <LookAt>
                        <longitude>1.9684280054486</longitude>
                        <latitude>48.936836993298</latitude>
                        <altitude>0</altitude>
                        <heading>0</heading>
                        <tilt>70</tilt>
                        <range>3000</range>
                        <gx:altitudeMode>relativeToSeaFloor</gx:altitudeMode>
                    </LookAt>
                    <styleUrl>#msn_ylw-pushpin0</styleUrl>
                    <Point>
                        <extrude>1</extrude>
                        <altitudeMode>absolute</altitudeMode>
                        <gx:drawOrder>1</gx:drawOrder>
                        <coordinates>1.9684280054486,48.936836993298,335.93806427997</coordinates>
                    </Point>
                </Placemark>
                
                <Placemark>
                    <name>14:38:44 - 99 kts - 1094 ft</name>
                    <visibility>0</visibility>
                    <description>latitude: 48.938563
longitude: 1.974113
altitude: 333 m / 1094 ft
elevation: 127 m / 417 ft
course: 69°
speed: 99 kts
</description>
                    <LookAt>
                        <longitude>1.9741128237601</longitude>
                        <latitude>48.938562601991</latitude>
                        <altitude>0</altitude>
                        <heading>0</heading>
                        <tilt>70</tilt>
                        <range>3000</range>
                        <gx:altitudeMode>relativeToSeaFloor</gx:altitudeMode>
                    </LookAt>
                    <styleUrl>#msn_ylw-pushpin0</styleUrl>
                    <Point>
                        <extrude>1</extrude>
                        <altitudeMode>absolute</altitudeMode>
                        <gx:drawOrder>1</gx:drawOrder>
                        <coordinates>1.9741128237601,48.938562601991,333.35508769006</coordinates>
                    </Point>
                </Placemark>
                
                <Placemark>
                    <name>14:38:54 - 99 kts - 1071 ft</name>
                    <visibility>0</visibility>
                    <description>latitude: 48.940305
longitude: 1.980492
altitude: 327 m / 1071 ft
elevation: 113 m / 371 ft
course: 64°
speed: 99 kts
</description>
                    <LookAt>
                        <longitude>1.9804924732993</longitude>
                        <latitude>48.940305369324</latitude>
                        <altitude>0</altitude>
                        <heading>0</heading>
                        <tilt>70</tilt>
                        <range>3000</range>
                        <gx:altitudeMode>relativeToSeaFloor</gx:altitudeMode>
                    </LookAt>
                    <styleUrl>#msn_ylw-pushpin0</styleUrl>
                    <Point>
                        <extrude>1</extrude>
                        <altitudeMode>absolute</altitudeMode>
                        <gx:drawOrder>1</gx:drawOrder>
                        <coordinates>1.9804924732993,48.940305369324,326.50936243404</coordinates>
                    </Point>
                </Placemark>
                
                <Placemark>
                    <name>14:38:57 - 101 kts - 1066 ft</name>
                    <visibility>0</visibility>
                    <description>latitude: 48.941045
longitude: 1.982287
altitude: 325 m / 1066 ft
elevation: 99 m / 325 ft
course: 56°
speed: 101 kts
</description>
                    <LookAt>
                        <longitude>1.9822865478343</longitude>
                        <latitude>48.941045172731</latitude>
                        <altitude>0</altitude>
                        <heading>0</heading>
                        <tilt>70</tilt>
                        <range>3000</range>
                        <gx:altitudeMode>relativeToSeaFloor</gx:altitudeMode>
                    </LookAt>
                    <styleUrl>#msn_ylw-pushpin0</styleUrl>
                    <Point>
                        <extrude>1</extrude>
                        <altitudeMode>absolute</altitudeMode>
                        <gx:drawOrder>1</gx:drawOrder>
                        <coordinates>1.9822865478343,48.941045172731,324.90078114439</coordinates>
                    </Point>
                </Placemark>
                
                <Placemark>
                    <name>14:39:00 - 104 kts - 1058 ft</name>
                    <visibility>0</visibility>
                    <description>latitude: 48.941933
longitude: 1.983989
altitude: 323 m / 1058 ft
elevation: 96 m / 315 ft
course: 50°
speed: 104 kts
</description>
                    <LookAt>
                        <longitude>1.9839887740433</longitude>
                        <latitude>48.941932673859</latitude>
                        <altitude>0</altitude>
                        <heading>0</heading>
                        <tilt>70</tilt>
                        <range>3000</range>
                        <gx:altitudeMode>relativeToSeaFloor</gx:altitudeMode>
                    </LookAt>
                    <styleUrl>#msn_ylw-pushpin0</styleUrl>
                    <Point>
                        <extrude>1</extrude>
                        <altitudeMode>absolute</altitudeMode>
                        <gx:drawOrder>1</gx:drawOrder>
                        <coordinates>1.9839887740433,48.941932673859,322.57733730506</coordinates>
                    </Point>
                </Placemark>
                
                <Placemark>
                    <name>14:39:03 - 106 kts - 1031 ft</name>
                    <visibility>0</visibility>
                    <description>latitude: 48.942941
longitude: 1.985596
altitude: 314 m / 1031 ft
elevation: 111 m / 364 ft
course: 45°
speed: 106 kts
</description>
                    <LookAt>
                        <longitude>1.9855956003794</longitude>
                        <latitude>48.942941077939</latitude>
                        <altitude>0</altitude>
                        <heading>0</heading>
                        <tilt>70</tilt>
                        <range>3000</range>
                        <gx:altitudeMode>relativeToSeaFloor</gx:altitudeMode>
                    </LookAt>
                    <styleUrl>#msn_ylw-pushpin0</styleUrl>
                    <Point>
                        <extrude>1</extrude>
                        <altitudeMode>absolute</altitudeMode>
                        <gx:drawOrder>1</gx:drawOrder>
                        <coordinates>1.9855956003794,48.942941077939,314.21549064945</coordinates>
                    </Point>
                </Placemark>
                
                <Placemark>
                    <name>14:39:06 - 107 kts - 1026 ft</name>
                    <visibility>0</visibility>
                    <description>latitude: 48.944077
longitude: 1.987040
altitude: 313 m / 1026 ft
elevation: 124 m / 407 ft
course: 38°
speed: 107 kts
</description>
                    <LookAt>
                        <longitude>1.9870395949895</longitude>
                        <latitude>48.944077315664</latitude>
                        <altitude>0</altitude>
                        <heading>0</heading>
                        <tilt>70</tilt>
                        <range>3000</range>
                        <gx:altitudeMode>relativeToSeaFloor</gx:altitudeMode>
                    </LookAt>
                    <styleUrl>#msn_ylw-pushpin0</styleUrl>
                    <Point>
                        <extrude>1</extrude>
                        <altitudeMode>absolute</altitudeMode>
                        <gx:drawOrder>1</gx:drawOrder>
                        <coordinates>1.9870395949895,48.944077315664,312.75858311541</coordinates>
                    </Point>
                </Placemark>
                
                <Placemark>
                    <name>14:39:08 - 105 kts - 1039 ft</name>
                    <visibility>0</visibility>
                    <description>latitude: 48.944902
longitude: 1.987831
altitude: 317 m / 1039 ft
elevation: 124 m / 407 ft
course: 32°
speed: 105 kts
</description>
                    <LookAt>
                        <longitude>1.9878307438884</longitude>
                        <latitude>48.944902230191</latitude>
                        <altitude>0</altitude>
                        <heading>0</heading>
                        <tilt>70</tilt>
                        <range>3000</range>
                        <gx:altitudeMode>relativeToSeaFloor</gx:altitudeMode>
                    </LookAt>
                    <styleUrl>#msn_ylw-pushpin0</styleUrl>
                    <Point>
                        <extrude>1</extrude>
                        <altitudeMode>absolute</altitudeMode>
                        <gx:drawOrder>1</gx:drawOrder>
                        <coordinates>1.9878307438884,48.944902230191,316.78729883861</coordinates>
                    </Point>
                </Placemark>
                
                <Placemark>
                    <name>14:39:10 - 103 kts - 1057 ft</name>
                    <visibility>0</visibility>
                    <description>latitude: 48.945773
longitude: 1.988442
altitude: 322 m / 1057 ft
elevation: 124 m / 407 ft
course: 24°
speed: 103 kts
</description>
                    <LookAt>
                        <longitude>1.9884419642014</longitude>
                        <latitude>48.945772999533</latitude>
                        <altitude>0</altitude>
                        <heading>0</heading>
                        <tilt>70</tilt>
                        <range>3000</range>
                        <gx:altitudeMode>relativeToSeaFloor</gx:altitudeMode>
                    </LookAt>
                    <styleUrl>#msn_ylw-pushpin0</styleUrl>
                    <Point>
                        <extrude>1</extrude>
                        <altitudeMode>absolute</altitudeMode>
                        <gx:drawOrder>1</gx:drawOrder>
                        <coordinates>1.9884419642014,48.945772999533,322.23288768902</coordinates>
                    </Point>
                </Placemark>
                
                <Placemark>
                    <name>14:39:12 - 101 kts - 1080 ft</name>
                    <visibility>0</visibility>
                    <description>latitude: 48.946672
longitude: 1.988857
altitude: 329 m / 1080 ft
elevation: 134 m / 440 ft
course: 17°
speed: 101 kts
</description>
                    <LookAt>
                        <longitude>1.9888565661437</longitude>
                        <latitude>48.946672386815</latitude>
                        <altitude>0</altitude>
                        <heading>0</heading>
                        <tilt>70</tilt>
                        <range>3000</range>
                        <gx:altitudeMode>relativeToSeaFloor</gx:altitudeMode>
                    </LookAt>
                    <styleUrl>#msn_ylw-pushpin0</styleUrl>
                    <Point>
                        <extrude>1</extrude>
                        <altitudeMode>absolute</altitudeMode>
                        <gx:drawOrder>1</gx:drawOrder>
                        <coordinates>1.9888565661437,48.946672386815,329.10104061477</coordinates>
                    </Point>
                </Placemark>
                
                <Placemark>
                    <name>14:39:14 - 99 kts - 1093 ft</name>
                    <visibility>0</visibility>
                    <description>latitude: 48.947575
longitude: 1.989136
altitude: 333 m / 1093 ft
elevation: 106 m / 348 ft
course: 11°
speed: 99 kts
</description>
                    <LookAt>
                        <longitude>1.9891363208709</longitude>
                        <latitude>48.947574566303</latitude>
                        <altitude>0</altitude>
                        <heading>0</heading>
                        <tilt>70</tilt>
                        <range>3000</range>
                        <gx:altitudeMode>relativeToSeaFloor</gx:altitudeMode>
                    </LookAt>
                    <styleUrl>#msn_ylw-pushpin0</styleUrl>
                    <Point>
                        <extrude>1</extrude>
                        <altitudeMode>absolute</altitudeMode>
                        <gx:drawOrder>1</gx:drawOrder>
                        <coordinates>1.9891363208709,48.947574566303,333.29637772404</coordinates>
                    </Point>
                </Placemark>
                
                <Placemark>
                    <name>14:39:17 - 98 kts - 1114 ft</name>
                    <visibility>0</visibility>
                    <description>latitude: 48.948924
longitude: 1.989375
altitude: 340 m / 1114 ft
elevation: 106 m / 348 ft
course: 6°
speed: 98 kts
</description>
                    <LookAt>
                        <longitude>1.9893752840656</longitude>
                        <latitude>48.948923727019</latitude>
                        <altitude>0</altitude>
                        <heading>0</heading>
                        <tilt>70</tilt>
                        <range>3000</range>
                        <gx:altitudeMode>relativeToSeaFloor</gx:altitudeMode>
                    </LookAt>
                    <styleUrl>#msn_ylw-pushpin0</styleUrl>
                    <Point>
                        <extrude>1</extrude>
                        <altitudeMode>absolute</altitudeMode>
                        <gx:drawOrder>1</gx:drawOrder>
                        <coordinates>1.9893752840656,48.948923727019,339.57854674757</coordinates>
                    </Point>
                </Placemark>
                
                <Placemark>
                    <name>14:39:20 - 98 kts - 1126 ft</name>
                    <visibility>0</visibility>
                    <description>latitude: 48.950278
longitude: 1.989378
altitude: 343 m / 1126 ft
elevation: 99 m / 325 ft
course: 359°
speed: 98 kts
</description>
                    <LookAt>
                        <longitude>1.9893784932199</longitude>
                        <latitude>48.950277720755</latitude>
                        <altitude>0</altitude>
                        <heading>0</heading>
                        <tilt>70</tilt>
                        <range>3000</range>
                        <gx:altitudeMode>relativeToSeaFloor</gx:altitudeMode>
                    </LookAt>
                    <styleUrl>#msn_ylw-pushpin0</styleUrl>
                    <Point>
                        <extrude>1</extrude>
                        <altitudeMode>absolute</altitudeMode>
                        <gx:drawOrder>1</gx:drawOrder>
                        <coordinates>1.9893784932199,48.950277720755,343.09466225468</coordinates>
                    </Point>
                </Placemark>
                
                <Placemark>
                    <name>14:39:25 - 99 kts - 1106 ft</name>
                    <visibility>0</visibility>
                    <description>latitude: 48.952549
longitude: 1.989012
altitude: 337 m / 1106 ft
elevation: 86 m / 282 ft
course: 352°
speed: 99 kts
</description>
                    <LookAt>
                        <longitude>1.9890116852431</longitude>
                        <latitude>48.952548674057</latitude>
                        <altitude>0</altitude>
                        <heading>0</heading>
                        <tilt>70</tilt>
                        <range>3000</range>
                        <gx:altitudeMode>relativeToSeaFloor</gx:altitudeMode>
                    </LookAt>
                    <styleUrl>#msn_ylw-pushpin0</styleUrl>
                    <Point>
                        <extrude>1</extrude>
                        <altitudeMode>absolute</altitudeMode>
                        <gx:drawOrder>1</gx:drawOrder>
                        <coordinates>1.9890116852431,48.952548674057,337.21841851529</coordinates>
                    </Point>
                </Placemark>
                
                <Placemark>
                    <name>14:39:28 - 101 kts - 1090 ft</name>
                    <visibility>0</visibility>
                    <description>latitude: 48.953913
longitude: 1.988557
altitude: 332 m / 1090 ft
elevation: 88 m / 289 ft
course: 346°
speed: 101 kts
</description>
                    <LookAt>
                        <longitude>1.9885574402945</longitude>
                        <latitude>48.953913309019</latitude>
                        <altitude>0</altitude>
                        <heading>0</heading>
                        <tilt>70</tilt>
                        <range>3000</range>
                        <gx:altitudeMode>relativeToSeaFloor</gx:altitudeMode>
                    </LookAt>
                    <styleUrl>#msn_ylw-pushpin0</styleUrl>
                    <Point>
                        <extrude>1</extrude>
                        <altitudeMode>absolute</altitudeMode>
                        <gx:drawOrder>1</gx:drawOrder>
                        <coordinates>1.9885574402945,48.953913309019,332.29956610501</coordinates>
                    </Point>
                </Placemark>
                
                <Placemark>
                    <name>14:39:31 - 103 kts - 1078 ft</name>
                    <visibility>0</visibility>
                    <description>latitude: 48.955260
longitude: 1.987828
altitude: 329 m / 1078 ft
elevation: 85 m / 279 ft
course: 339°
speed: 103 kts
</description>
                    <LookAt>
                        <longitude>1.987827976854</longitude>
                        <latitude>48.955260201962</latitude>
                        <altitude>0</altitude>
                        <heading>0</heading>
                        <tilt>70</tilt>
                        <range>3000</range>
                        <gx:altitudeMode>relativeToSeaFloor</gx:altitudeMode>
                    </LookAt>
                    <styleUrl>#msn_ylw-pushpin0</styleUrl>
                    <Point>
                        <extrude>1</extrude>
                        <altitudeMode>absolute</altitudeMode>
                        <gx:drawOrder>1</gx:drawOrder>
                        <coordinates>1.987827976854,48.955260201962,328.71315800678</coordinates>
                    </Point>
                </Placemark>
                
                <Placemark>
                    <name>14:39:34 - 104 kts - 1076 ft</name>
                    <visibility>0</visibility>
                    <description>latitude: 48.956574
longitude: 1.986919
altitude: 328 m / 1076 ft
elevation: 74 m / 243 ft
course: 334°
speed: 104 kts
</description>
                    <LookAt>
                        <longitude>1.9869188287585</longitude>
                        <latitude>48.95657427444</latitude>
                        <altitude>0</altitude>
                        <heading>0</heading>
                        <tilt>70</tilt>
                        <range>3000</range>
                        <gx:altitudeMode>relativeToSeaFloor</gx:altitudeMode>
                    </LookAt>
                    <styleUrl>#msn_ylw-pushpin0</styleUrl>
                    <Point>
                        <extrude>1</extrude>
                        <altitudeMode>absolute</altitudeMode>
                        <gx:drawOrder>1</gx:drawOrder>
                        <coordinates>1.9869188287585,48.95657427444,327.87309081852</coordinates>
                    </Point>
                </Placemark>
                
                <Placemark>
                    <name>14:39:37 - 102 kts - 1066 ft</name>
                    <visibility>0</visibility>
                    <description>latitude: 48.957794
longitude: 1.985797
altitude: 325 m / 1066 ft
elevation: 71 m / 233 ft
course: 327°
speed: 102 kts
</description>
                    <LookAt>
                        <longitude>1.9857967223554</longitude>
                        <latitude>48.957793626285</latitude>
                        <altitude>0</altitude>
                        <heading>0</heading>
                        <tilt>70</tilt>
                        <range>3000</range>
                        <gx:altitudeMode>relativeToSeaFloor</gx:altitudeMode>
                    </LookAt>
                    <styleUrl>#msn_ylw-pushpin0</styleUrl>
                    <Point>
                        <extrude>1</extrude>
                        <altitudeMode>absolute</altitudeMode>
                        <gx:drawOrder>1</gx:drawOrder>
                        <coordinates>1.9857967223554,48.957793626285,324.9358462235</coordinates>
                    </Point>
                </Placemark>
                
                <Placemark>
                    <name>14:39:42 - 101 kts - 1047 ft</name>
                    <visibility>0</visibility>
                    <description>latitude: 48.959673
longitude: 1.983684
altitude: 319 m / 1047 ft
elevation: 71 m / 233 ft
course: 322°
speed: 101 kts
</description>
                    <LookAt>
                        <longitude>1.9836837019727</longitude>
                        <latitude>48.959672883796</latitude>
                        <altitude>0</altitude>
                        <heading>0</heading>
                        <tilt>70</tilt>
                        <range>3000</range>
                        <gx:altitudeMode>relativeToSeaFloor</gx:altitudeMode>
                    </LookAt>
                    <styleUrl>#msn_ylw-pushpin0</styleUrl>
                    <Point>
                        <extrude>1</extrude>
                        <altitudeMode>absolute</altitudeMode>
                        <gx:drawOrder>1</gx:drawOrder>
                        <coordinates>1.9836837019727,48.959672883796,319.2180996947</coordinates>
                    </Point>
                </Placemark>
                
                <Placemark>
                    <name>14:39:45 - 100 kts - 1031 ft</name>
                    <visibility>0</visibility>
                    <description>latitude: 48.960691
longitude: 1.982260
altitude: 314 m / 1031 ft
elevation: 71 m / 233 ft
course: 316°
speed: 100 kts
</description>
                    <LookAt>
                        <longitude>1.9822595084087</longitude>
                        <latitude>48.960690766195</latitude>
                        <altitude>0</altitude>
                        <heading>0</heading>
                        <tilt>70</tilt>
                        <range>3000</range>
                        <gx:altitudeMode>relativeToSeaFloor</gx:altitudeMode>
                    </LookAt>
                    <styleUrl>#msn_ylw-pushpin0</styleUrl>
                    <Point>
                        <extrude>1</extrude>
                        <altitudeMode>absolute</altitudeMode>
                        <gx:drawOrder>1</gx:drawOrder>
                        <coordinates>1.9822595084087,48.960690766195,314.15485445131</coordinates>
                    </Point>
                </Placemark>
                
                <Placemark>
                    <name>14:39:48 - 98 kts - 1006 ft</name>
                    <visibility>0</visibility>
                    <description>latitude: 48.961603
longitude: 1.980709
altitude: 307 m / 1006 ft
elevation: 64 m / 210 ft
course: 310°
speed: 98 kts
</description>
                    <LookAt>
                        <longitude>1.9807088105332</longitude>
                        <latitude>48.961602618533</latitude>
                        <altitude>0</altitude>
                        <heading>0</heading>
                        <tilt>70</tilt>
                        <range>3000</range>
                        <gx:altitudeMode>relativeToSeaFloor</gx:altitudeMode>
                    </LookAt>
                    <styleUrl>#msn_ylw-pushpin0</styleUrl>
                    <Point>
                        <extrude>1</extrude>
                        <altitudeMode>absolute</altitudeMode>
                        <gx:drawOrder>1</gx:drawOrder>
                        <coordinates>1.9807088105332,48.961602618533,306.70442853589</coordinates>
                    </Point>
                </Placemark>
                
                <Placemark>
                    <name>14:39:50 - 97 kts - 1010 ft</name>
                    <visibility>0</visibility>
                    <description>latitude: 48.962118
longitude: 1.979592
altitude: 308 m / 1010 ft
elevation: 66 m / 217 ft
course: 305°
speed: 97 kts
</description>
                    <LookAt>
                        <longitude>1.9795923808988</longitude>
                        <latitude>48.962118018172</latitude>
                        <altitude>0</altitude>
                        <heading>0</heading>
                        <tilt>70</tilt>
                        <range>3000</range>
                        <gx:altitudeMode>relativeToSeaFloor</gx:altitudeMode>
                    </LookAt>
                    <styleUrl>#msn_ylw-pushpin0</styleUrl>
                    <Point>
                        <extrude>1</extrude>
                        <altitudeMode>absolute</altitudeMode>
                        <gx:drawOrder>1</gx:drawOrder>
                        <coordinates>1.9795923808988,48.962118018172,307.77104026638</coordinates>
                    </Point>
                </Placemark>
                
                <Placemark>
                    <name>14:39:53 - 93 kts - 1033 ft</name>
                    <visibility>0</visibility>
                    <description>latitude: 48.962747
longitude: 1.977867
altitude: 315 m / 1033 ft
elevation: 74 m / 243 ft
course: 297°
speed: 93 kts
</description>
                    <LookAt>
                        <longitude>1.9778673787957</longitude>
                        <latitude>48.962747094196</latitude>
                        <altitude>0</altitude>
                        <heading>0</heading>
                        <tilt>70</tilt>
                        <range>3000</range>
                        <gx:altitudeMode>relativeToSeaFloor</gx:altitudeMode>
                    </LookAt>
                    <styleUrl>#msn_ylw-pushpin0</styleUrl>
                    <Point>
                        <extrude>1</extrude>
                        <altitudeMode>absolute</altitudeMode>
                        <gx:drawOrder>1</gx:drawOrder>
                        <coordinates>1.9778673787957,48.962747094196,314.9417061368</coordinates>
                    </Point>
                </Placemark>
                
                <Placemark>
                    <name>14:39:56 - 89 kts - 1053 ft</name>
                    <visibility>0</visibility>
                    <description>latitude: 48.963219
longitude: 1.976126
altitude: 321 m / 1053 ft
elevation: 66 m / 217 ft
course: 291°
speed: 89 kts
</description>
                    <LookAt>
                        <longitude>1.976126151547</longitude>
                        <latitude>48.963219340087</latitude>
                        <altitude>0</altitude>
                        <heading>0</heading>
                        <tilt>70</tilt>
                        <range>3000</range>
                        <gx:altitudeMode>relativeToSeaFloor</gx:altitudeMode>
                    </LookAt>
                    <styleUrl>#msn_ylw-pushpin0</styleUrl>
                    <Point>
                        <extrude>1</extrude>
                        <altitudeMode>absolute</altitudeMode>
                        <gx:drawOrder>1</gx:drawOrder>
                        <coordinates>1.976126151547,48.963219340087,320.92475734092</coordinates>
                    </Point>
                </Placemark>
                
                <Placemark>
                    <name>14:39:58 - 87 kts - 1058 ft</name>
                    <visibility>0</visibility>
                    <description>latitude: 48.963436
longitude: 1.974947
altitude: 323 m / 1058 ft
elevation: 68 m / 223 ft
course: 285°
speed: 87 kts
</description>
                    <LookAt>
                        <longitude>1.9749474930978</longitude>
                        <latitude>48.963435680588</latitude>
                        <altitude>0</altitude>
                        <heading>0</heading>
                        <tilt>70</tilt>
                        <range>3000</range>
                        <gx:altitudeMode>relativeToSeaFloor</gx:altitudeMode>
                    </LookAt>
                    <styleUrl>#msn_ylw-pushpin0</styleUrl>
                    <Point>
                        <extrude>1</extrude>
                        <altitudeMode>absolute</altitudeMode>
                        <gx:drawOrder>1</gx:drawOrder>
                        <coordinates>1.9749474930978,48.963435680588,322.52070322074</coordinates>
                    </Point>
                </Placemark>
                
                <Placemark>
                    <name>14:40:00 - 86 kts - 1062 ft</name>
                    <visibility>0</visibility>
                    <description>latitude: 48.963558
longitude: 1.973756
altitude: 324 m / 1062 ft
elevation: 71 m / 233 ft
course: 278°
speed: 86 kts
</description>
                    <LookAt>
                        <longitude>1.9737562076939</longitude>
                        <latitude>48.963557803669</latitude>
                        <altitude>0</altitude>
                        <heading>0</heading>
                        <tilt>70</tilt>
                        <range>3000</range>
                        <gx:altitudeMode>relativeToSeaFloor</gx:altitudeMode>
                    </LookAt>
                    <styleUrl>#msn_ylw-pushpin0</styleUrl>
                    <Point>
                        <extrude>1</extrude>
                        <altitudeMode>absolute</altitudeMode>
                        <gx:drawOrder>1</gx:drawOrder>
                        <coordinates>1.9737562076939,48.963557803669,323.65337890759</coordinates>
                    </Point>
                </Placemark>
                
                <Placemark>
                    <name>14:40:03 - 84 kts - 1055 ft</name>
                    <visibility>0</visibility>
                    <description>latitude: 48.963614
longitude: 1.971988
altitude: 322 m / 1055 ft
elevation: 75 m / 246 ft
course: 271°
speed: 84 kts
</description>
                    <LookAt>
                        <longitude>1.9719882121685</longitude>
                        <latitude>48.963613870111</latitude>
                        <altitude>0</altitude>
                        <heading>0</heading>
                        <tilt>70</tilt>
                        <range>3000</range>
                        <gx:altitudeMode>relativeToSeaFloor</gx:altitudeMode>
                    </LookAt>
                    <styleUrl>#msn_ylw-pushpin0</styleUrl>
                    <Point>
                        <extrude>1</extrude>
                        <altitudeMode>absolute</altitudeMode>
                        <gx:drawOrder>1</gx:drawOrder>
                        <coordinates>1.9719882121685,48.963613870111,321.51180398371</coordinates>
                    </Point>
                </Placemark>
                
                <Placemark>
                    <name>14:40:07 - 75 kts - 1099 ft</name>
                    <visibility>0</visibility>
                    <description>latitude: 48.963528
longitude: 1.969811
altitude: 335 m / 1099 ft
elevation: 77 m / 253 ft
course: 266°
speed: 75 kts
</description>
                    <LookAt>
                        <longitude>1.9698113342541</longitude>
                        <latitude>48.963527729052</latitude>
                        <altitude>0</altitude>
                        <heading>0</heading>
                        <tilt>70</tilt>
                        <range>3000</range>
                        <gx:altitudeMode>relativeToSeaFloor</gx:altitudeMode>
                    </LookAt>
                    <styleUrl>#msn_ylw-pushpin0</styleUrl>
                    <Point>
                        <extrude>1</extrude>
                        <altitudeMode>absolute</altitudeMode>
                        <gx:drawOrder>1</gx:drawOrder>
                        <coordinates>1.9698113342541,48.963527729052,334.91542663984</coordinates>
                    </Point>
                </Placemark>
                
                <Placemark>
                    <name>14:40:20 - 70 kts - 1111 ft</name>
                    <visibility>0</visibility>
                    <description>latitude: 48.963083
longitude: 1.963381
altitude: 339 m / 1111 ft
elevation: 84 m / 276 ft
course: 261°
speed: 70 kts
</description>
                    <LookAt>
                        <longitude>1.9633808668965</longitude>
                        <latitude>48.963083044866</latitude>
                        <altitude>0</altitude>
                        <heading>0</heading>
                        <tilt>70</tilt>
                        <range>3000</range>
                        <gx:altitudeMode>relativeToSeaFloor</gx:altitudeMode>
                    </LookAt>
                    <styleUrl>#msn_ylw-pushpin0</styleUrl>
                    <Point>
                        <extrude>1</extrude>
                        <altitudeMode>absolute</altitudeMode>
                        <gx:drawOrder>1</gx:drawOrder>
                        <coordinates>1.9633808668965,48.963083044866,338.55084259342</coordinates>
                    </Point>
                </Placemark>
                
                <Placemark>
                    <name>14:40:26 - 72 kts - 1126 ft</name>
                    <visibility>0</visibility>
                    <description>latitude: 48.962563
longitude: 1.960481
altitude: 343 m / 1126 ft
elevation: 96 m / 315 ft
course: 253°
speed: 72 kts
</description>
                    <LookAt>
                        <longitude>1.96048051363</longitude>
                        <latitude>48.962562889437</latitude>
                        <altitude>0</altitude>
                        <heading>0</heading>
                        <tilt>70</tilt>
                        <range>3000</range>
                        <gx:altitudeMode>relativeToSeaFloor</gx:altitudeMode>
                    </LookAt>
                    <styleUrl>#msn_ylw-pushpin0</styleUrl>
                    <Point>
                        <extrude>1</extrude>
                        <altitudeMode>absolute</altitudeMode>
                        <gx:drawOrder>1</gx:drawOrder>
                        <coordinates>1.96048051363,48.962562889437,343.20845595933</coordinates>
                    </Point>
                </Placemark>
                
                <Placemark>
                    <name>14:40:29 - 74 kts - 1115 ft</name>
                    <visibility>0</visibility>
                    <description>latitude: 48.962278
longitude: 1.959026
altitude: 340 m / 1115 ft
elevation: 92 m / 302 ft
course: 244°
speed: 74 kts
</description>
                    <LookAt>
                        <longitude>1.9590264587415</longitude>
                        <latitude>48.962278169725</latitude>
                        <altitude>0</altitude>
                        <heading>0</heading>
                        <tilt>70</tilt>
                        <range>3000</range>
                        <gx:altitudeMode>relativeToSeaFloor</gx:altitudeMode>
                    </LookAt>
                    <styleUrl>#msn_ylw-pushpin0</styleUrl>
                    <Point>
                        <extrude>1</extrude>
                        <altitudeMode>absolute</altitudeMode>
                        <gx:drawOrder>1</gx:drawOrder>
                        <coordinates>1.9590264587415,48.962278169725,339.82447443064</coordinates>
                    </Point>
                </Placemark>
                
                <Placemark>
                    <name>14:40:30 - 74 kts - 1111 ft</name>
                    <visibility>0</visibility>
                    <description>latitude: 48.962119
longitude: 1.958629
altitude: 339 m / 1111 ft
elevation: 93 m / 305 ft
course: 236°
speed: 74 kts
</description>
                    <LookAt>
                        <longitude>1.9586288638157</longitude>
                        <latitude>48.962118921457</latitude>
                        <altitude>0</altitude>
                        <heading>0</heading>
                        <tilt>70</tilt>
                        <range>3000</range>
                        <gx:altitudeMode>relativeToSeaFloor</gx:altitudeMode>
                    </LookAt>
                    <styleUrl>#msn_ylw-pushpin0</styleUrl>
                    <Point>
                        <extrude>1</extrude>
                        <altitudeMode>absolute</altitudeMode>
                        <gx:drawOrder>1</gx:drawOrder>
                        <coordinates>1.9586288638157,48.962118921457,338.58450330608</coordinates>
                    </Point>
                </Placemark>
                
                <Placemark>
                    <name>14:40:31 - 74 kts - 1107 ft</name>
                    <visibility>0</visibility>
                    <description>latitude: 48.961952
longitude: 1.958276
altitude: 337 m / 1107 ft
elevation: 93 m / 305 ft
course: 255°
speed: 74 kts
</description>
                    <LookAt>
                        <longitude>1.9582762405868</longitude>
                        <latitude>48.961951864273</latitude>
                        <altitude>0</altitude>
                        <heading>0</heading>
                        <tilt>70</tilt>
                        <range>3000</range>
                        <gx:altitudeMode>relativeToSeaFloor</gx:altitudeMode>
                    </LookAt>
                    <styleUrl>#msn_ylw-pushpin0</styleUrl>
                    <Point>
                        <extrude>1</extrude>
                        <altitudeMode>absolute</altitudeMode>
                        <gx:drawOrder>1</gx:drawOrder>
                        <coordinates>1.9582762405868,48.961951864273,337.48359048553</coordinates>
                    </Point>
                </Placemark>
                
                <Placemark>
                    <name>14:40:35 - 75 kts - 1102 ft</name>
                    <visibility>0</visibility>
                    <description>latitude: 48.961959
longitude: 1.955876
altitude: 336 m / 1102 ft
elevation: 99 m / 325 ft
course: 261°
speed: 75 kts
</description>
                    <LookAt>
                        <longitude>1.9558759905916</longitude>
                        <latitude>48.961958829349</latitude>
                        <altitude>0</altitude>
                        <heading>0</heading>
                        <tilt>70</tilt>
                        <range>3000</range>
                        <gx:altitudeMode>relativeToSeaFloor</gx:altitudeMode>
                    </LookAt>
                    <styleUrl>#msn_ylw-pushpin0</styleUrl>
                    <Point>
                        <extrude>1</extrude>
                        <altitudeMode>absolute</altitudeMode>
                        <gx:drawOrder>1</gx:drawOrder>
                        <coordinates>1.9558759905916,48.961958829349,335.89078849647</coordinates>
                    </Point>
                </Placemark>
                
                <Placemark>
                    <name>14:40:38 - 76 kts - 1104 ft</name>
                    <visibility>0</visibility>
                    <description>latitude: 48.961890
longitude: 1.954288
altitude: 336 m / 1104 ft
elevation: 102 m / 335 ft
course: 267°
speed: 76 kts
</description>
                    <LookAt>
                        <longitude>1.9542877411164</longitude>
                        <latitude>48.961890313195</latitude>
                        <altitude>0</altitude>
                        <heading>0</heading>
                        <tilt>70</tilt>
                        <range>3000</range>
                        <gx:altitudeMode>relativeToSeaFloor</gx:altitudeMode>
                    </LookAt>
                    <styleUrl>#msn_ylw-pushpin0</styleUrl>
                    <Point>
                        <extrude>1</extrude>
                        <altitudeMode>absolute</altitudeMode>
                        <gx:drawOrder>1</gx:drawOrder>
                        <coordinates>1.9542877411164,48.961890313195,336.38978811912</coordinates>
                    </Point>
                </Placemark>
                
                <Placemark>
                    <name>14:40:42 - 78 kts - 1096 ft</name>
                    <visibility>0</visibility>
                    <description>latitude: 48.961920
longitude: 1.952118
altitude: 334 m / 1096 ft
elevation: 95 m / 312 ft
course: 272°
speed: 78 kts
</description>
                    <LookAt>
                        <longitude>1.9521178245581</longitude>
                        <latitude>48.961919501</latitude>
                        <altitude>0</altitude>
                        <heading>0</heading>
                        <tilt>70</tilt>
                        <range>3000</range>
                        <gx:altitudeMode>relativeToSeaFloor</gx:altitudeMode>
                    </LookAt>
                    <styleUrl>#msn_ylw-pushpin0</styleUrl>
                    <Point>
                        <extrude>1</extrude>
                        <altitudeMode>absolute</altitudeMode>
                        <gx:drawOrder>1</gx:drawOrder>
                        <coordinates>1.9521178245581,48.961919501,334.01459508948</coordinates>
                    </Point>
                </Placemark>
                
                <Placemark>
                    <name>14:40:55 - 78 kts - 1113 ft</name>
                    <visibility>0</visibility>
                    <description>latitude: 48.962115
longitude: 1.945069
altitude: 339 m / 1113 ft
elevation: 92 m / 302 ft
course: 272°
speed: 78 kts
</description>
                    <LookAt>
                        <longitude>1.9450689041648</longitude>
                        <latitude>48.962115220767</latitude>
                        <altitude>0</altitude>
                        <heading>0</heading>
                        <tilt>70</tilt>
                        <range>3000</range>
                        <gx:altitudeMode>relativeToSeaFloor</gx:altitudeMode>
                    </LookAt>
                    <styleUrl>#msn_ylw-pushpin0</styleUrl>
                    <Point>
                        <extrude>1</extrude>
                        <altitudeMode>absolute</altitudeMode>
                        <gx:drawOrder>1</gx:drawOrder>
                        <coordinates>1.9450689041648,48.962115220767,339.10388345458</coordinates>
                    </Point>
                </Placemark>
                
                <Placemark>
                    <name>14:41:08 - 78 kts - 1119 ft</name>
                    <visibility>0</visibility>
                    <description>latitude: 48.962426
longitude: 1.937947
altitude: 341 m / 1119 ft
elevation: 81 m / 266 ft
course: 273°
speed: 78 kts
</description>
                    <LookAt>
                        <longitude>1.9379474534457</longitude>
                        <latitude>48.962426107507</latitude>
                        <altitude>0</altitude>
                        <heading>0</heading>
                        <tilt>70</tilt>
                        <range>3000</range>
                        <gx:altitudeMode>relativeToSeaFloor</gx:altitudeMode>
                    </LookAt>
                    <styleUrl>#msn_ylw-pushpin0</styleUrl>
                    <Point>
                        <extrude>1</extrude>
                        <altitudeMode>absolute</altitudeMode>
                        <gx:drawOrder>1</gx:drawOrder>
                        <coordinates>1.9379474534457,48.962426107507,341.02348791342</coordinates>
                    </Point>
                </Placemark>
                
                <Placemark>
                    <name>14:41:21 - 80 kts - 1143 ft</name>
                    <visibility>0</visibility>
                    <description>latitude: 48.962770
longitude: 1.930638
altitude: 348 m / 1143 ft
elevation: 74 m / 243 ft
course: 275°
speed: 80 kts
</description>
                    <LookAt>
                        <longitude>1.9306380103655</longitude>
                        <latitude>48.962770456892</latitude>
                        <altitude>0</altitude>
                        <heading>0</heading>
                        <tilt>70</tilt>
                        <range>3000</range>
                        <gx:altitudeMode>relativeToSeaFloor</gx:altitudeMode>
                    </LookAt>
                    <styleUrl>#msn_ylw-pushpin0</styleUrl>
                    <Point>
                        <extrude>1</extrude>
                        <altitudeMode>absolute</altitudeMode>
                        <gx:drawOrder>1</gx:drawOrder>
                        <coordinates>1.9306380103655,48.962770456892,348.42829231359</coordinates>
                    </Point>
                </Placemark>
                
                <Placemark>
                    <name>14:41:27 - 86 kts - 1101 ft</name>
                    <visibility>0</visibility>
                    <description>latitude: 48.963101
longitude: 1.927181
altitude: 335 m / 1101 ft
elevation: 52 m / 171 ft
course: 282°
speed: 86 kts
</description>
                    <LookAt>
                        <longitude>1.9271811311876</longitude>
                        <latitude>48.963101005857</latitude>
                        <altitude>0</altitude>
                        <heading>0</heading>
                        <tilt>70</tilt>
                        <range>3000</range>
                        <gx:altitudeMode>relativeToSeaFloor</gx:altitudeMode>
                    </LookAt>
                    <styleUrl>#msn_ylw-pushpin0</styleUrl>
                    <Point>
                        <extrude>1</extrude>
                        <altitudeMode>absolute</altitudeMode>
                        <gx:drawOrder>1</gx:drawOrder>
                        <coordinates>1.9271811311876,48.963101005857,335.4389951406</coordinates>
                    </Point>
                </Placemark>
                
                <Placemark>
                    <name>14:41:29 - 87 kts - 1098 ft</name>
                    <visibility>0</visibility>
                    <description>latitude: 48.963348
longitude: 1.926012
altitude: 335 m / 1098 ft
elevation: 42 m / 138 ft
course: 288°
speed: 87 kts
</description>
                    <LookAt>
                        <longitude>1.9260116622984</longitude>
                        <latitude>48.963347969928</latitude>
                        <altitude>0</altitude>
                        <heading>0</heading>
                        <tilt>70</tilt>
                        <range>3000</range>
                        <gx:altitudeMode>relativeToSeaFloor</gx:altitudeMode>
                    </LookAt>
                    <styleUrl>#msn_ylw-pushpin0</styleUrl>
                    <Point>
                        <extrude>1</extrude>
                        <altitudeMode>absolute</altitudeMode>
                        <gx:drawOrder>1</gx:drawOrder>
                        <coordinates>1.9260116622984,48.963347969928,334.56079636514</coordinates>
                    </Point>
                </Placemark>
                
                <Placemark>
                    <name>14:41:32 - 88 kts - 1097 ft</name>
                    <visibility>0</visibility>
                    <description>latitude: 48.963827
longitude: 1.924311
altitude: 334 m / 1097 ft
elevation: 41 m / 135 ft
course: 294°
speed: 88 kts
</description>
                    <LookAt>
                        <longitude>1.9243114413303</longitude>
                        <latitude>48.963826527932</latitude>
                        <altitude>0</altitude>
                        <heading>0</heading>
                        <tilt>70</tilt>
                        <range>3000</range>
                        <gx:altitudeMode>relativeToSeaFloor</gx:altitudeMode>
                    </LookAt>
                    <styleUrl>#msn_ylw-pushpin0</styleUrl>
                    <Point>
                        <extrude>1</extrude>
                        <altitudeMode>absolute</altitudeMode>
                        <gx:drawOrder>1</gx:drawOrder>
                        <coordinates>1.9243114413303,48.963826527932,334.37663283665</coordinates>
                    </Point>
                </Placemark>
                
                <Placemark>
                    <name>14:41:38 - 89 kts - 1081 ft</name>
                    <visibility>0</visibility>
                    <description>latitude: 48.964979
longitude: 1.921021
altitude: 329 m / 1081 ft
elevation: 60 m / 197 ft
course: 300°
speed: 89 kts
</description>
                    <LookAt>
                        <longitude>1.9210206471829</longitude>
                        <latitude>48.964979446704</latitude>
                        <altitude>0</altitude>
                        <heading>0</heading>
                        <tilt>70</tilt>
                        <range>3000</range>
                        <gx:altitudeMode>relativeToSeaFloor</gx:altitudeMode>
                    </LookAt>
                    <styleUrl>#msn_ylw-pushpin0</styleUrl>
                    <Point>
                        <extrude>1</extrude>
                        <altitudeMode>absolute</altitudeMode>
                        <gx:drawOrder>1</gx:drawOrder>
                        <coordinates>1.9210206471829,48.964979446704,329.48945691343</coordinates>
                    </Point>
                </Placemark>
                
                <Placemark>
                    <name>14:41:44 - 93 kts - 1058 ft</name>
                    <visibility>0</visibility>
                    <description>latitude: 48.966371
longitude: 1.917791
altitude: 322 m / 1058 ft
elevation: 73 m / 240 ft
course: 305°
speed: 93 kts
</description>
                    <LookAt>
                        <longitude>1.9177905453358</longitude>
                        <latitude>48.966370705432</latitude>
                        <altitude>0</altitude>
                        <heading>0</heading>
                        <tilt>70</tilt>
                        <range>3000</range>
                        <gx:altitudeMode>relativeToSeaFloor</gx:altitudeMode>
                    </LookAt>
                    <styleUrl>#msn_ylw-pushpin0</styleUrl>
                    <Point>
                        <extrude>1</extrude>
                        <altitudeMode>absolute</altitudeMode>
                        <gx:drawOrder>1</gx:drawOrder>
                        <coordinates>1.9177905453358,48.966370705432,322.34957944322</coordinates>
                    </Point>
                </Placemark>
                
                <Placemark>
                    <name>14:41:49 - 96 kts - 1049 ft</name>
                    <visibility>0</visibility>
                    <description>latitude: 48.967761
longitude: 1.915191
altitude: 320 m / 1049 ft
elevation: 64 m / 210 ft
course: 311°
speed: 96 kts
</description>
                    <LookAt>
                        <longitude>1.9151908918118</longitude>
                        <latitude>48.967761387132</latitude>
                        <altitude>0</altitude>
                        <heading>0</heading>
                        <tilt>70</tilt>
                        <range>3000</range>
                        <gx:altitudeMode>relativeToSeaFloor</gx:altitudeMode>
                    </LookAt>
                    <styleUrl>#msn_ylw-pushpin0</styleUrl>
                    <Point>
                        <extrude>1</extrude>
                        <altitudeMode>absolute</altitudeMode>
                        <gx:drawOrder>1</gx:drawOrder>
                        <coordinates>1.9151908918118,48.967761387132,319.6050938135</coordinates>
                    </Point>
                </Placemark>
                
                <Placemark>
                    <name>14:42:00 - 95 kts - 1077 ft</name>
                    <visibility>0</visibility>
                    <description>latitude: 48.971164
longitude: 1.909937
altitude: 328 m / 1077 ft
elevation: 35 m / 115 ft
course: 315°
speed: 95 kts
</description>
                    <LookAt>
                        <longitude>1.9099370001136</longitude>
                        <latitude>48.971163765177</latitude>
                        <altitude>0</altitude>
                        <heading>0</heading>
                        <tilt>70</tilt>
                        <range>3000</range>
                        <gx:altitudeMode>relativeToSeaFloor</gx:altitudeMode>
                    </LookAt>
                    <styleUrl>#msn_ylw-pushpin0</styleUrl>
                    <Point>
                        <extrude>1</extrude>
                        <altitudeMode>absolute</altitudeMode>
                        <gx:drawOrder>1</gx:drawOrder>
                        <coordinates>1.9099370001136,48.971163765177,328.31720675714</coordinates>
                    </Point>
                </Placemark>
                
                <Placemark>
                    <name>14:42:11 - 95 kts - 1091 ft</name>
                    <visibility>0</visibility>
                    <description>latitude: 48.974690
longitude: 1.904947
altitude: 332 m / 1091 ft
elevation: 41 m / 135 ft
course: 317°
speed: 95 kts
</description>
                    <LookAt>
                        <longitude>1.9049465654672</longitude>
                        <latitude>48.974690137061</latitude>
                        <altitude>0</altitude>
                        <heading>0</heading>
                        <tilt>70</tilt>
                        <range>3000</range>
                        <gx:altitudeMode>relativeToSeaFloor</gx:altitudeMode>
                    </LookAt>
                    <styleUrl>#msn_ylw-pushpin0</styleUrl>
                    <Point>
                        <extrude>1</extrude>
                        <altitudeMode>absolute</altitudeMode>
                        <gx:drawOrder>1</gx:drawOrder>
                        <coordinates>1.9049465654672,48.974690137061,332.46157612093</coordinates>
                    </Point>
                </Placemark>
                
                <Placemark>
                    <name>14:42:22 - 97 kts - 1070 ft</name>
                    <visibility>0</visibility>
                    <description>latitude: 48.978284
longitude: 1.899959
altitude: 326 m / 1070 ft
elevation: 42 m / 138 ft
course: 319°
speed: 97 kts
</description>
                    <LookAt>
                        <longitude>1.8999593706952</longitude>
                        <latitude>48.978283617157</latitude>
                        <altitude>0</altitude>
                        <heading>0</heading>
                        <tilt>70</tilt>
                        <range>3000</range>
                        <gx:altitudeMode>relativeToSeaFloor</gx:altitudeMode>
                    </LookAt>
                    <styleUrl>#msn_ylw-pushpin0</styleUrl>
                    <Point>
                        <extrude>1</extrude>
                        <altitudeMode>absolute</altitudeMode>
                        <gx:drawOrder>1</gx:drawOrder>
                        <coordinates>1.8999593706952,48.978283617157,326.04268184211</coordinates>
                    </Point>
                </Placemark>
                
                <Placemark>
                    <name>14:42:33 - 96 kts - 1014 ft</name>
                    <visibility>0</visibility>
                    <description>latitude: 48.982084
longitude: 1.895190
altitude: 309 m / 1014 ft
elevation: 34 m / 112 ft
course: 322°
speed: 96 kts
</description>
                    <LookAt>
                        <longitude>1.8951903885847</longitude>
                        <latitude>48.982083534</latitude>
                        <altitude>0</altitude>
                        <heading>0</heading>
                        <tilt>70</tilt>
                        <range>3000</range>
                        <gx:altitudeMode>relativeToSeaFloor</gx:altitudeMode>
                    </LookAt>
                    <styleUrl>#msn_ylw-pushpin0</styleUrl>
                    <Point>
                        <extrude>1</extrude>
                        <altitudeMode>absolute</altitudeMode>
                        <gx:drawOrder>1</gx:drawOrder>
                        <coordinates>1.8951903885847,48.982083534,308.93964033388</coordinates>
                    </Point>
                </Placemark>
                
                <Placemark>
                    <name>14:42:44 - 95 kts - 951 ft</name>
                    <visibility>0</visibility>
                    <description>latitude: 48.985987
longitude: 1.890719
altitude: 290 m / 951 ft
elevation: 24 m / 79 ft
course: 324°
speed: 95 kts
</description>
                    <LookAt>
                        <longitude>1.8907191337989</longitude>
                        <latitude>48.985987480888</latitude>
                        <altitude>0</altitude>
                        <heading>0</heading>
                        <tilt>70</tilt>
                        <range>3000</range>
                        <gx:altitudeMode>relativeToSeaFloor</gx:altitudeMode>
                    </LookAt>
                    <styleUrl>#msn_ylw-pushpin0</styleUrl>
                    <Point>
                        <extrude>1</extrude>
                        <altitudeMode>absolute</altitudeMode>
                        <gx:drawOrder>1</gx:drawOrder>
                        <coordinates>1.8907191337989,48.985987480888,289.79321853444</coordinates>
                    </Point>
                </Placemark>
                
                <Placemark>
                    <name>14:42:49 - 92 kts - 898 ft</name>
                    <visibility>0</visibility>
                    <description>latitude: 48.987799
longitude: 1.888949
altitude: 274 m / 898 ft
elevation: 27 m / 89 ft
course: 329°
speed: 92 kts
</description>
                    <LookAt>
                        <longitude>1.8889487584931</longitude>
                        <latitude>48.987798973403</latitude>
                        <altitude>0</altitude>
                        <heading>0</heading>
                        <tilt>70</tilt>
                        <range>3000</range>
                        <gx:altitudeMode>relativeToSeaFloor</gx:altitudeMode>
                    </LookAt>
                    <styleUrl>#msn_ylw-pushpin0</styleUrl>
                    <Point>
                        <extrude>1</extrude>
                        <altitudeMode>absolute</altitudeMode>
                        <gx:drawOrder>1</gx:drawOrder>
                        <coordinates>1.8889487584931,48.987798973403,273.79106254876</coordinates>
                    </Point>
                </Placemark>
                
                <Placemark>
                    <name>14:42:52 - 92 kts - 857 ft</name>
                    <visibility>0</visibility>
                    <description>latitude: 48.988950
longitude: 1.888103
altitude: 261 m / 857 ft
elevation: 24 m / 79 ft
course: 336°
speed: 92 kts
</description>
                    <LookAt>
                        <longitude>1.8881029460507</longitude>
                        <latitude>48.988950011644</latitude>
                        <altitude>0</altitude>
                        <heading>0</heading>
                        <tilt>70</tilt>
                        <range>3000</range>
                        <gx:altitudeMode>relativeToSeaFloor</gx:altitudeMode>
                    </LookAt>
                    <styleUrl>#msn_ylw-pushpin0</styleUrl>
                    <Point>
                        <extrude>1</extrude>
                        <altitudeMode>absolute</altitudeMode>
                        <gx:drawOrder>1</gx:drawOrder>
                        <coordinates>1.8881029460507,48.988950011644,261.26541510131</coordinates>
                    </Point>
                </Placemark>
                
                <Placemark>
                    <name>14:42:54 - 93 kts - 818 ft</name>
                    <visibility>0</visibility>
                    <description>latitude: 48.989772
longitude: 1.887730
altitude: 249 m / 818 ft
elevation: 22 m / 72 ft
course: 344°
speed: 93 kts
</description>
                    <LookAt>
                        <longitude>1.8877302250874</longitude>
                        <latitude>48.989771672311</latitude>
                        <altitude>0</altitude>
                        <heading>0</heading>
                        <tilt>70</tilt>
                        <range>3000</range>
                        <gx:altitudeMode>relativeToSeaFloor</gx:altitudeMode>
                    </LookAt>
                    <styleUrl>#msn_ylw-pushpin0</styleUrl>
                    <Point>
                        <extrude>1</extrude>
                        <altitudeMode>absolute</altitudeMode>
                        <gx:drawOrder>1</gx:drawOrder>
                        <coordinates>1.8877302250874,48.989771672311,249.3561013462</coordinates>
                    </Point>
                </Placemark>
                
                <Placemark>
                    <name>14:42:56 - 93 kts - 782 ft</name>
                    <visibility>0</visibility>
                    <description>latitude: 48.990622
longitude: 1.887528
altitude: 238 m / 782 ft
elevation: 22 m / 72 ft
course: 352°
speed: 93 kts
</description>
                    <LookAt>
                        <longitude>1.8875284693334</longitude>
                        <latitude>48.990621518738</latitude>
                        <altitude>0</altitude>
                        <heading>0</heading>
                        <tilt>70</tilt>
                        <range>3000</range>
                        <gx:altitudeMode>relativeToSeaFloor</gx:altitudeMode>
                    </LookAt>
                    <styleUrl>#msn_ylw-pushpin0</styleUrl>
                    <Point>
                        <extrude>1</extrude>
                        <altitudeMode>absolute</altitudeMode>
                        <gx:drawOrder>1</gx:drawOrder>
                        <coordinates>1.8875284693334,48.990621518738,238.43950123806</coordinates>
                    </Point>
                </Placemark>
                
                <Placemark>
                    <name>14:42:58 - 92 kts - 751 ft</name>
                    <visibility>0</visibility>
                    <description>latitude: 48.991480
longitude: 1.887526
altitude: 229 m / 751 ft
elevation: 21 m / 69 ft
course: 1°
speed: 92 kts
</description>
                    <LookAt>
                        <longitude>1.8875259511334</longitude>
                        <latitude>48.991480058448</latitude>
                        <altitude>0</altitude>
                        <heading>0</heading>
                        <tilt>70</tilt>
                        <range>3000</range>
                        <gx:altitudeMode>relativeToSeaFloor</gx:altitudeMode>
                    </LookAt>
                    <styleUrl>#msn_ylw-pushpin0</styleUrl>
                    <Point>
                        <extrude>1</extrude>
                        <altitudeMode>absolute</altitudeMode>
                        <gx:drawOrder>1</gx:drawOrder>
                        <coordinates>1.8875259511334,48.991480058448,228.91772346757</coordinates>
                    </Point>
                </Placemark>
                
                <Placemark>
                    <name>14:42:59 - 92 kts - 735 ft</name>
                    <visibility>0</visibility>
                    <description>latitude: 48.991902
longitude: 1.887615
altitude: 224 m / 735 ft
elevation: 21 m / 69 ft
course: 6°
speed: 92 kts
</description>
                    <LookAt>
                        <longitude>1.8876154412512</longitude>
                        <latitude>48.991901919233</latitude>
                        <altitude>0</altitude>
                        <heading>0</heading>
                        <tilt>70</tilt>
                        <range>3000</range>
                        <gx:altitudeMode>relativeToSeaFloor</gx:altitudeMode>
                    </LookAt>
                    <styleUrl>#msn_ylw-pushpin0</styleUrl>
                    <Point>
                        <extrude>1</extrude>
                        <altitudeMode>absolute</altitudeMode>
                        <gx:drawOrder>1</gx:drawOrder>
                        <coordinates>1.8876154412512,48.991901919233,224.03799663391</coordinates>
                    </Point>
                </Placemark>
                
                <Placemark>
                    <name>14:43:01 - 91 kts - 704 ft</name>
                    <visibility>0</visibility>
                    <description>latitude: 48.992719
longitude: 1.887937
altitude: 215 m / 704 ft
elevation: 22 m / 72 ft
course: 15°
speed: 91 kts
</description>
                    <LookAt>
                        <longitude>1.887937224318</longitude>
                        <latitude>48.992718586974</latitude>
                        <altitude>0</altitude>
                        <heading>0</heading>
                        <tilt>70</tilt>
                        <range>3000</range>
                        <gx:altitudeMode>relativeToSeaFloor</gx:altitudeMode>
                    </LookAt>
                    <styleUrl>#msn_ylw-pushpin0</styleUrl>
                    <Point>
                        <extrude>1</extrude>
                        <altitudeMode>absolute</altitudeMode>
                        <gx:drawOrder>1</gx:drawOrder>
                        <coordinates>1.887937224318,48.992718586974,214.69134094287</coordinates>
                    </Point>
                </Placemark>
                
                <Placemark>
                    <name>14:43:02 - 90 kts - 692 ft</name>
                    <visibility>0</visibility>
                    <description>latitude: 48.993104
longitude: 1.888176
altitude: 211 m / 692 ft
elevation: 22 m / 72 ft
course: 20°
speed: 90 kts
</description>
                    <LookAt>
                        <longitude>1.8881759214629</longitude>
                        <latitude>48.993103775927</latitude>
                        <altitude>0</altitude>
                        <heading>0</heading>
                        <tilt>70</tilt>
                        <range>3000</range>
                        <gx:altitudeMode>relativeToSeaFloor</gx:altitudeMode>
                    </LookAt>
                    <styleUrl>#msn_ylw-pushpin0</styleUrl>
                    <Point>
                        <extrude>1</extrude>
                        <altitudeMode>absolute</altitudeMode>
                        <gx:drawOrder>1</gx:drawOrder>
                        <coordinates>1.8881759214629,48.993103775927,210.92254743446</coordinates>
                    </Point>
                </Placemark>
                
                <Placemark>
                    <name>14:43:03 - 89 kts - 682 ft</name>
                    <visibility>0</visibility>
                    <description>latitude: 48.993466
longitude: 1.888467
altitude: 208 m / 682 ft
elevation: 22 m / 72 ft
course: 26°
speed: 89 kts
</description>
                    <LookAt>
                        <longitude>1.8884668844304</longitude>
                        <latitude>48.993465748771</latitude>
                        <altitude>0</altitude>
                        <heading>0</heading>
                        <tilt>70</tilt>
                        <range>3000</range>
                        <gx:altitudeMode>relativeToSeaFloor</gx:altitudeMode>
                    </LookAt>
                    <styleUrl>#msn_ylw-pushpin0</styleUrl>
                    <Point>
                        <extrude>1</extrude>
                        <altitudeMode>absolute</altitudeMode>
                        <gx:drawOrder>1</gx:drawOrder>
                        <coordinates>1.8884668844304,48.993465748771,208.02147076651</coordinates>
                    </Point>
                </Placemark>
                
                <Placemark>
                    <name>14:43:05 - 86 kts - 661 ft</name>
                    <visibility>0</visibility>
                    <description>latitude: 48.994126
longitude: 1.889150
altitude: 202 m / 661 ft
elevation: 18 m / 59 ft
course: 35°
speed: 86 kts
</description>
                    <LookAt>
                        <longitude>1.8891498699829</longitude>
                        <latitude>48.994126330309</latitude>
                        <altitude>0</altitude>
                        <heading>0</heading>
                        <tilt>70</tilt>
                        <range>3000</range>
                        <gx:altitudeMode>relativeToSeaFloor</gx:altitudeMode>
                    </LookAt>
                    <styleUrl>#msn_ylw-pushpin0</styleUrl>
                    <Point>
                        <extrude>1</extrude>
                        <altitudeMode>absolute</altitudeMode>
                        <gx:drawOrder>1</gx:drawOrder>
                        <coordinates>1.8891498699829,48.994126330309,201.58510836959</coordinates>
                    </Point>
                </Placemark>
                
                <Placemark>
                    <name>14:43:07 - 85 kts - 648 ft</name>
                    <visibility>0</visibility>
                    <description>latitude: 48.994732
longitude: 1.889918
altitude: 197 m / 648 ft
elevation: 18 m / 59 ft
course: 40°
speed: 85 kts
</description>
                    <LookAt>
                        <longitude>1.8899183440745</longitude>
                        <latitude>48.994731908589</latitude>
                        <altitude>0</altitude>
                        <heading>0</heading>
                        <tilt>70</tilt>
                        <range>3000</range>
                        <gx:altitudeMode>relativeToSeaFloor</gx:altitudeMode>
                    </LookAt>
                    <styleUrl>#msn_ylw-pushpin0</styleUrl>
                    <Point>
                        <extrude>1</extrude>
                        <altitudeMode>absolute</altitudeMode>
                        <gx:drawOrder>1</gx:drawOrder>
                        <coordinates>1.8899183440745,48.994731908589,197.48629178759</coordinates>
                    </Point>
                </Placemark>
                
                <Placemark>
                    <name>14:43:10 - 82 kts - 645 ft</name>
                    <visibility>0</visibility>
                    <description>latitude: 48.995548
longitude: 1.891165
altitude: 197 m / 645 ft
elevation: 21 m / 69 ft
course: 47°
speed: 82 kts
</description>
                    <LookAt>
                        <longitude>1.8911654074162</longitude>
                        <latitude>48.995547972496</latitude>
                        <altitude>0</altitude>
                        <heading>0</heading>
                        <tilt>70</tilt>
                        <range>3000</range>
                        <gx:altitudeMode>relativeToSeaFloor</gx:altitudeMode>
                    </LookAt>
                    <styleUrl>#msn_ylw-pushpin0</styleUrl>
                    <Point>
                        <extrude>1</extrude>
                        <altitudeMode>absolute</altitudeMode>
                        <gx:drawOrder>1</gx:drawOrder>
                        <coordinates>1.8911654074162,48.995547972496,196.56279237103</coordinates>
                    </Point>
                </Placemark>
                
                <Placemark>
                    <name>14:43:12 - 78 kts - 661 ft</name>
                    <visibility>0</visibility>
                    <description>latitude: 48.996214
longitude: 1.892488
altitude: 202 m / 661 ft
elevation: 22 m / 72 ft
course: 54°
speed: 78 kts
</description>
                    <LookAt>
                        <longitude>1.8924879170648</longitude>
                        <latitude>48.996214429417</latitude>
                        <altitude>0</altitude>
                        <heading>0</heading>
                        <tilt>70</tilt>
                        <range>3000</range>
                        <gx:altitudeMode>relativeToSeaFloor</gx:altitudeMode>
                    </LookAt>
                    <styleUrl>#msn_ylw-pushpin0</styleUrl>
                    <Point>
                        <extrude>1</extrude>
                        <altitudeMode>absolute</altitudeMode>
                        <gx:drawOrder>1</gx:drawOrder>
                        <coordinates>1.8924879170648,48.996214429417,201.55584760848</coordinates>
                    </Point>
                </Placemark>
                
                <Placemark>
                    <name>14:43:17 - 75 kts - 651 ft</name>
                    <visibility>0</visibility>
                    <description>latitude: 48.997124
longitude: 1.894762
altitude: 198 m / 651 ft
elevation: 25 m / 82 ft
course: 60°
speed: 75 kts
</description>
                    <LookAt>
                        <longitude>1.8947622668629</longitude>
                        <latitude>48.997123620901</latitude>
                        <altitude>0</altitude>
                        <heading>0</heading>
                        <tilt>70</tilt>
                        <range>3000</range>
                        <gx:altitudeMode>relativeToSeaFloor</gx:altitudeMode>
                    </LookAt>
                    <styleUrl>#msn_ylw-pushpin0</styleUrl>
                    <Point>
                        <extrude>1</extrude>
                        <altitudeMode>absolute</altitudeMode>
                        <gx:drawOrder>1</gx:drawOrder>
                        <coordinates>1.8947622668629,48.997123620901,198.41823373083</coordinates>
                    </Point>
                </Placemark>
                
                <Placemark>
                    <name>14:43:23 - 76 kts - 627 ft</name>
                    <visibility>0</visibility>
                    <description>latitude: 48.998056
longitude: 1.897632
altitude: 191 m / 627 ft
elevation: 21 m / 69 ft
course: 65°
speed: 76 kts
</description>
                    <LookAt>
                        <longitude>1.897631847132</longitude>
                        <latitude>48.998056216723</latitude>
                        <altitude>0</altitude>
                        <heading>0</heading>
                        <tilt>70</tilt>
                        <range>3000</range>
                        <gx:altitudeMode>relativeToSeaFloor</gx:altitudeMode>
                    </LookAt>
                    <styleUrl>#msn_ylw-pushpin0</styleUrl>
                    <Point>
                        <extrude>1</extrude>
                        <altitudeMode>absolute</altitudeMode>
                        <gx:drawOrder>1</gx:drawOrder>
                        <coordinates>1.897631847132,48.998056216723,191.08093635645</coordinates>
                    </Point>
                </Placemark>
                
                <Placemark>
                    <name>14:43:36 - 77 kts - 568 ft</name>
                    <visibility>0</visibility>
                    <description>latitude: 48.999698
longitude: 1.903584
altitude: 173 m / 568 ft
elevation: 15 m / 49 ft
course: 71°
speed: 77 kts
</description>
                    <LookAt>
                        <longitude>1.9035843700541</longitude>
                        <latitude>48.999697762356</latitude>
                        <altitude>0</altitude>
                        <heading>0</heading>
                        <tilt>70</tilt>
                        <range>3000</range>
                        <gx:altitudeMode>relativeToSeaFloor</gx:altitudeMode>
                    </LookAt>
                    <styleUrl>#msn_ylw-pushpin0</styleUrl>
                    <Point>
                        <extrude>1</extrude>
                        <altitudeMode>absolute</altitudeMode>
                        <gx:drawOrder>1</gx:drawOrder>
                        <coordinates>1.9035843700541,48.999697762356,173.03329660743</coordinates>
                    </Point>
                </Placemark>
                
                <Placemark>
                    <name>14:43:40 - 77 kts - 549 ft</name>
                    <visibility>0</visibility>
                    <description>latitude: 49.000048
longitude: 1.905692
altitude: 167 m / 549 ft
elevation: 27 m / 89 ft
course: 77°
speed: 77 kts
</description>
                    <LookAt>
                        <longitude>1.9056923441752</longitude>
                        <latitude>49.000047898887</latitude>
                        <altitude>0</altitude>
                        <heading>0</heading>
                        <tilt>70</tilt>
                        <range>3000</range>
                        <gx:altitudeMode>relativeToSeaFloor</gx:altitudeMode>
                    </LookAt>
                    <styleUrl>#msn_ylw-pushpin0</styleUrl>
                    <Point>
                        <extrude>1</extrude>
                        <altitudeMode>absolute</altitudeMode>
                        <gx:drawOrder>1</gx:drawOrder>
                        <coordinates>1.9056923441752,49.000047898887,167.45901823603</coordinates>
                    </Point>
                </Placemark>
                
                <Placemark>
                    <name>14:43:49 - 78 kts - 468 ft</name>
                    <visibility>0</visibility>
                    <description>latitude: 49.000634
longitude: 1.910532
altitude: 143 m / 468 ft
elevation: 24 m / 79 ft
course: 84°
speed: 78 kts
</description>
                    <LookAt>
                        <longitude>1.9105321314486</longitude>
                        <latitude>49.000633602766</latitude>
                        <altitude>0</altitude>
                        <heading>0</heading>
                        <tilt>70</tilt>
                        <range>3000</range>
                        <gx:altitudeMode>relativeToSeaFloor</gx:altitudeMode>
                    </LookAt>
                    <styleUrl>#msn_ylw-pushpin0</styleUrl>
                    <Point>
                        <extrude>1</extrude>
                        <altitudeMode>absolute</altitudeMode>
                        <gx:drawOrder>1</gx:drawOrder>
                        <coordinates>1.9105321314486,49.000633602766,142.69222991914</coordinates>
                    </Point>
                </Placemark>
                
                <Placemark>
                    <name>14:43:59 - 76 kts - 396 ft</name>
                    <visibility>0</visibility>
                    <description>latitude: 49.000853
longitude: 1.915935
altitude: 121 m / 396 ft
elevation: 21 m / 69 ft
course: 89°
speed: 76 kts
</description>
                    <LookAt>
                        <longitude>1.915934968</longitude>
                        <latitude>49.000853272902</latitude>
                        <altitude>0</altitude>
                        <heading>0</heading>
                        <tilt>70</tilt>
                        <range>3000</range>
                        <gx:altitudeMode>relativeToSeaFloor</gx:altitudeMode>
                    </LookAt>
                    <styleUrl>#msn_ylw-pushpin0</styleUrl>
                    <Point>
                        <extrude>1</extrude>
                        <altitudeMode>absolute</altitudeMode>
                        <gx:drawOrder>1</gx:drawOrder>
                        <coordinates>1.915934968,49.000853272902,120.84627413843</coordinates>
                    </Point>
                </Placemark>
                
                <Placemark>
                    <name>14:44:02 - 74 kts - 367 ft</name>
                    <visibility>0</visibility>
                    <description>latitude: 49.000817
longitude: 1.917496
altitude: 112 m / 367 ft
elevation: 21 m / 69 ft
course: 97°
speed: 74 kts
</description>
                    <LookAt>
                        <longitude>1.9174961373228</longitude>
                        <latitude>49.000817458191</latitude>
                        <altitude>0</altitude>
                        <heading>0</heading>
                        <tilt>70</tilt>
                        <range>3000</range>
                        <gx:altitudeMode>relativeToSeaFloor</gx:altitudeMode>
                    </LookAt>
                    <styleUrl>#msn_ylw-pushpin0</styleUrl>
                    <Point>
                        <extrude>1</extrude>
                        <altitudeMode>absolute</altitudeMode>
                        <gx:drawOrder>1</gx:drawOrder>
                        <coordinates>1.9174961373228,49.000817458191,111.99489974976</coordinates>
                    </Point>
                </Placemark>
                
                <Placemark>
                    <name>14:44:09 - 62 kts - 368 ft</name>
                    <visibility>0</visibility>
                    <description>latitude: 49.000511
longitude: 1.920736
altitude: 112 m / 368 ft
elevation: 22 m / 72 ft
course: 102°
speed: 62 kts
</description>
                    <LookAt>
                        <longitude>1.9207359105366</longitude>
                        <latitude>49.000510764354</latitude>
                        <altitude>0</altitude>
                        <heading>0</heading>
                        <tilt>70</tilt>
                        <range>3000</range>
                        <gx:altitudeMode>relativeToSeaFloor</gx:altitudeMode>
                    </LookAt>
                    <styleUrl>#msn_ylw-pushpin0</styleUrl>
                    <Point>
                        <extrude>1</extrude>
                        <altitudeMode>absolute</altitudeMode>
                        <gx:drawOrder>1</gx:drawOrder>
                        <coordinates>1.9207359105366,49.000510764354,112.3005027771</coordinates>
                    </Point>
                </Placemark>
                
                <Placemark>
                    <name>14:44:14 - 57 kts - 366 ft</name>
                    <visibility>0</visibility>
                    <description>latitude: 49.000287
longitude: 1.922765
altitude: 112 m / 366 ft
elevation: 24 m / 79 ft
course: 96°
speed: 57 kts
</description>
                    <LookAt>
                        <longitude>1.9227654861962</longitude>
                        <latitude>49.000286668888</latitude>
                        <altitude>0</altitude>
                        <heading>0</heading>
                        <tilt>70</tilt>
                        <range>3000</range>
                        <gx:altitudeMode>relativeToSeaFloor</gx:altitudeMode>
                    </LookAt>
                    <styleUrl>#msn_ylw-pushpin0</styleUrl>
                    <Point>
                        <extrude>1</extrude>
                        <altitudeMode>absolute</altitudeMode>
                        <gx:drawOrder>1</gx:drawOrder>
                        <coordinates>1.9227654861962,49.000286668888,111.69020182732</coordinates>
                    </Point>
                </Placemark>
                
                <Placemark>
                    <name>14:44:22 - 50 kts - 293 ft</name>
                    <visibility>0</visibility>
                    <description>latitude: 49.000049
longitude: 1.925622
altitude: 89 m / 293 ft
elevation: 27 m / 89 ft
course: 101°
speed: 50 kts
</description>
                    <LookAt>
                        <longitude>1.9256220505139</longitude>
                        <latitude>49.000048862718</latitude>
                        <altitude>0</altitude>
                        <heading>0</heading>
                        <tilt>70</tilt>
                        <range>3000</range>
                        <gx:altitudeMode>relativeToSeaFloor</gx:altitudeMode>
                    </LookAt>
                    <styleUrl>#msn_ylw-pushpin0</styleUrl>
                    <Point>
                        <extrude>1</extrude>
                        <altitudeMode>absolute</altitudeMode>
                        <gx:drawOrder>1</gx:drawOrder>
                        <coordinates>1.9256220505139,49.000048862718,89.161130597815</coordinates>
                    </Point>
                </Placemark>
                
                <Placemark>
                    <name>14:44:34 - 52 kts - 186 ft</name>
                    <visibility>0</visibility>
                    <description>latitude: 48.999440
longitude: 1.930042
altitude: 57 m / 186 ft
elevation: 24 m / 79 ft
course: 102°
speed: 52 kts
</description>
                    <LookAt>
                        <longitude>1.9300416737582</longitude>
                        <latitude>48.999439567708</latitude>
                        <altitude>0</altitude>
                        <heading>0</heading>
                        <tilt>70</tilt>
                        <range>3000</range>
                        <gx:altitudeMode>relativeToSeaFloor</gx:altitudeMode>
                    </LookAt>
                    <styleUrl>#msn_ylw-pushpin0</styleUrl>
                    <Point>
                        <extrude>1</extrude>
                        <altitudeMode>absolute</altitudeMode>
                        <gx:drawOrder>1</gx:drawOrder>
                        <coordinates>1.9300416737582,48.999439567708,56.734753477387</coordinates>
                    </Point>
                </Placemark>
                
                <Placemark>
                    <name>14:44:54 - 47 kts - 94 ft</name>
                    <visibility>0</visibility>
                    <description>latitude: 48.998653
longitude: 1.937037
altitude: 29 m / 94 ft
elevation: 31 m / 102 ft
course: 99°
speed: 47 kts
</description>
                    <LookAt>
                        <longitude>1.9370366249778</longitude>
                        <latitude>48.998652681933</latitude>
                        <altitude>0</altitude>
                        <heading>0</heading>
                        <tilt>70</tilt>
                        <range>3000</range>
                        <gx:altitudeMode>relativeToSeaFloor</gx:altitudeMode>
                    </LookAt>
                    <styleUrl>#msn_ylw-pushpin0</styleUrl>
                    <Point>
                        <extrude>1</extrude>
                        <altitudeMode>absolute</altitudeMode>
                        <gx:drawOrder>1</gx:drawOrder>
                        <coordinates>1.9370366249778,48.998652681933,28.709569355473</coordinates>
                    </Point>
                </Placemark>
                
                <Placemark>
                    <name>14:45:12 - 18 kts - 93 ft</name>
                    <visibility>0</visibility>
                    <description>latitude: 48.998208
longitude: 1.941211
altitude: 28 m / 93 ft
elevation: 29 m / 95 ft
course: 105°
speed: 18 kts
</description>
                    <LookAt>
                        <longitude>1.9412114685949</longitude>
                        <latitude>48.998208008342</latitude>
                        <altitude>0</altitude>
                        <heading>0</heading>
                        <tilt>70</tilt>
                        <range>3000</range>
                        <gx:altitudeMode>relativeToSeaFloor</gx:altitudeMode>
                    </LookAt>
                    <styleUrl>#msn_ylw-pushpin0</styleUrl>
                    <Point>
                        <extrude>1</extrude>
                        <altitudeMode>absolute</altitudeMode>
                        <gx:drawOrder>1</gx:drawOrder>
                        <coordinates>1.9412114685949,48.998208008342,28.296367923729</coordinates>
                    </Point>
                </Placemark>
                
                <Placemark>
                    <name>14:45:14 - 17 kts - 93 ft</name>
                    <visibility>0</visibility>
                    <description>latitude: 48.998149
longitude: 1.941429
altitude: 28 m / 93 ft
elevation: 29 m / 95 ft
course: 112°
speed: 17 kts
</description>
                    <LookAt>
                        <longitude>1.941429421923</longitude>
                        <latitude>48.998148511668</latitude>
                        <altitude>0</altitude>
                        <heading>0</heading>
                        <tilt>70</tilt>
                        <range>3000</range>
                        <gx:altitudeMode>relativeToSeaFloor</gx:altitudeMode>
                    </LookAt>
                    <styleUrl>#msn_ylw-pushpin0</styleUrl>
                    <Point>
                        <extrude>1</extrude>
                        <altitudeMode>absolute</altitudeMode>
                        <gx:drawOrder>1</gx:drawOrder>
                        <coordinates>1.941429421923,48.998148511668,28.46115856804</coordinates>
                    </Point>
                </Placemark>
                
                <Placemark>
                    <name>14:45:16 - 16 kts - 94 ft</name>
                    <visibility>0</visibility>
                    <description>latitude: 48.998078
longitude: 1.941631
altitude: 29 m / 94 ft
elevation: 29 m / 95 ft
course: 119°
speed: 16 kts
</description>
                    <LookAt>
                        <longitude>1.9416308943992</longitude>
                        <latitude>48.998077574838</latitude>
                        <altitude>0</altitude>
                        <heading>0</heading>
                        <tilt>70</tilt>
                        <range>3000</range>
                        <gx:altitudeMode>relativeToSeaFloor</gx:altitudeMode>
                    </LookAt>
                    <styleUrl>#msn_ylw-pushpin0</styleUrl>
                    <Point>
                        <extrude>1</extrude>
                        <altitudeMode>absolute</altitudeMode>
                        <gx:drawOrder>1</gx:drawOrder>
                        <coordinates>1.9416308943992,48.998077574838,28.624767774716</coordinates>
                    </Point>
                </Placemark>
                
                <Placemark>
                    <name>14:45:20 - 10 kts - 94 ft</name>
                    <visibility>0</visibility>
                    <description>latitude: 48.997871
longitude: 1.941896
altitude: 29 m / 94 ft
elevation: 29 m / 95 ft
course: 158°
speed: 10 kts
</description>
                    <LookAt>
                        <longitude>1.9418961113004</longitude>
                        <latitude>48.997871345215</latitude>
                        <altitude>0</altitude>
                        <heading>0</heading>
                        <tilt>70</tilt>
                        <range>3000</range>
                        <gx:altitudeMode>relativeToSeaFloor</gx:altitudeMode>
                    </LookAt>
                    <styleUrl>#msn_ylw-pushpin0</styleUrl>
                    <Point>
                        <extrude>1</extrude>
                        <altitudeMode>absolute</altitudeMode>
                        <gx:drawOrder>1</gx:drawOrder>
                        <coordinates>1.9418961113004,48.997871345215,28.700662544928</coordinates>
                    </Point>
                </Placemark>
                
                <Placemark>
                    <name>14:45:27 - 13 kts - 94 ft</name>
                    <visibility>0</visibility>
                    <description>latitude: 48.997745
longitude: 1.941513
altitude: 29 m / 94 ft
elevation: 29 m / 95 ft
course: 279°
speed: 13 kts
</description>
                    <LookAt>
                        <longitude>1.9415126055992</longitude>
                        <latitude>48.997744526542</latitude>
                        <altitude>0</altitude>
                        <heading>0</heading>
                        <tilt>70</tilt>
                        <range>3000</range>
                        <gx:altitudeMode>relativeToSeaFloor</gx:altitudeMode>
                    </LookAt>
                    <styleUrl>#msn_ylw-pushpin0</styleUrl>
                    <Point>
                        <extrude>1</extrude>
                        <altitudeMode>absolute</altitudeMode>
                        <gx:drawOrder>1</gx:drawOrder>
                        <coordinates>1.9415126055992,48.997744526542,28.679028397426</coordinates>
                    </Point>
                </Placemark>
                
                <Placemark>
                    <name>14:45:30 - 17 kts - 94 ft</name>
                    <visibility>0</visibility>
                    <description>latitude: 48.997776
longitude: 1.941176
altitude: 29 m / 94 ft
elevation: 29 m / 95 ft
course: 273°
speed: 17 kts
</description>
                    <LookAt>
                        <longitude>1.9411757821783</longitude>
                        <latitude>48.997775634227</latitude>
                        <altitude>0</altitude>
                        <heading>0</heading>
                        <tilt>70</tilt>
                        <range>3000</range>
                        <gx:altitudeMode>relativeToSeaFloor</gx:altitudeMode>
                    </LookAt>
                    <styleUrl>#msn_ylw-pushpin0</styleUrl>
                    <Point>
                        <extrude>1</extrude>
                        <altitudeMode>absolute</altitudeMode>
                        <gx:drawOrder>1</gx:drawOrder>
                        <coordinates>1.9411757821783,48.997775634227,28.711582341231</coordinates>
                    </Point>
                </Placemark>
                
                <Placemark>
                    <name>14:45:37 - 22 kts - 93 ft</name>
                    <visibility>0</visibility>
                    <description>latitude: 48.997854
longitude: 1.940158
altitude: 28 m / 93 ft
elevation: 29 m / 95 ft
course: 278°
speed: 22 kts
</description>
                    <LookAt>
                        <longitude>1.9401576827575</longitude>
                        <latitude>48.997853661483</latitude>
                        <altitude>0</altitude>
                        <heading>0</heading>
                        <tilt>70</tilt>
                        <range>3000</range>
                        <gx:altitudeMode>relativeToSeaFloor</gx:altitudeMode>
                    </LookAt>
                    <styleUrl>#msn_ylw-pushpin0</styleUrl>
                    <Point>
                        <extrude>1</extrude>
                        <altitudeMode>absolute</altitudeMode>
                        <gx:drawOrder>1</gx:drawOrder>
                        <coordinates>1.9401576827575,48.997853661483,28.321099206805</coordinates>
                    </Point>
                </Placemark>
                
                <Placemark>
                    <name>14:46:07 - 14 kts - 99 ft</name>
                    <visibility>0</visibility>
                    <description>latitude: 48.998352
longitude: 1.935781
altitude: 30 m / 99 ft
elevation: 31 m / 102 ft
course: 282°
speed: 14 kts
</description>
                    <LookAt>
                        <longitude>1.9357805932201</longitude>
                        <latitude>48.99835206631</latitude>
                        <altitude>0</altitude>
                        <heading>0</heading>
                        <tilt>70</tilt>
                        <range>3000</range>
                        <gx:altitudeMode>relativeToSeaFloor</gx:altitudeMode>
                    </LookAt>
                    <styleUrl>#msn_ylw-pushpin0</styleUrl>
                    <Point>
                        <extrude>1</extrude>
                        <altitudeMode>absolute</altitudeMode>
                        <gx:drawOrder>1</gx:drawOrder>
                        <coordinates>1.9357805932201,48.99835206631,30.191373530775</coordinates>
                    </Point>
                </Placemark>
                
                <Placemark>
                    <name>14:46:14 - 9 kts - 99 ft</name>
                    <visibility>0</visibility>
                    <description>latitude: 48.998272
longitude: 1.935345
altitude: 30 m / 99 ft
elevation: 29 m / 95 ft
course: 222°
speed: 9 kts
</description>
                    <LookAt>
                        <longitude>1.9353450512626</longitude>
                        <latitude>48.998272366101</latitude>
                        <altitude>0</altitude>
                        <heading>0</heading>
                        <tilt>70</tilt>
                        <range>3000</range>
                        <gx:altitudeMode>relativeToSeaFloor</gx:altitudeMode>
                    </LookAt>
                    <styleUrl>#msn_ylw-pushpin0</styleUrl>
                    <Point>
                        <extrude>1</extrude>
                        <altitudeMode>absolute</altitudeMode>
                        <gx:drawOrder>1</gx:drawOrder>
                        <coordinates>1.9353450512626,48.998272366101,30.11482027173</coordinates>
                    </Point>
                </Placemark>
                
                <Placemark>
                    <name>14:46:22 - 9 kts - 99 ft</name>
                    <visibility>0</visibility>
                    <description>latitude: 48.997993
longitude: 1.935141
altitude: 30 m / 99 ft
elevation: 29 m / 95 ft
course: 207°
speed: 9 kts
</description>
                    <LookAt>
                        <longitude>1.9351406795413</longitude>
                        <latitude>48.997993014464</latitude>
                        <altitude>0</altitude>
                        <heading>0</heading>
                        <tilt>70</tilt>
                        <range>3000</range>
                        <gx:altitudeMode>relativeToSeaFloor</gx:altitudeMode>
                    </LookAt>
                    <styleUrl>#msn_ylw-pushpin0</styleUrl>
                    <Point>
                        <extrude>1</extrude>
                        <altitudeMode>absolute</altitudeMode>
                        <gx:drawOrder>1</gx:drawOrder>
                        <coordinates>1.9351406795413,48.997993014464,30.245605412871</coordinates>
                    </Point>
                </Placemark>
                
                <Placemark>
                    <name>14:46:29 - 8 kts - 99 ft</name>
                    <visibility>0</visibility>
                    <description>latitude: 48.997717
longitude: 1.934959
altitude: 30 m / 99 ft
elevation: 29 m / 95 ft
course: 198°
speed: 8 kts
</description>
                    <LookAt>
                        <longitude>1.9349593909569</longitude>
                        <latitude>48.997716721617</latitude>
                        <altitude>0</altitude>
                        <heading>0</heading>
                        <tilt>70</tilt>
                        <range>3000</range>
                        <gx:altitudeMode>relativeToSeaFloor</gx:altitudeMode>
                    </LookAt>
                    <styleUrl>#msn_ylw-pushpin0</styleUrl>
                    <Point>
                        <extrude>1</extrude>
                        <altitudeMode>absolute</altitudeMode>
                        <gx:drawOrder>1</gx:drawOrder>
                        <coordinates>1.9349593909569,48.997716721617,30.272597093135</coordinates>
                    </Point>
                </Placemark>
                
            </Folder>
            <Folder>
                <name>Temps</name>
                <open>1</open>
                <Style>
                    <ListStyle>
                        <listItemType>check</listItemType>
                        <bgColor>00ffffff</bgColor>
                        <maxSnippetLines>2</maxSnippetLines>
                    </ListStyle>
                </Style>
                
                <Placemark>
                    <name>00H05</name>
                    <LookAt>
                        <longitude>2.3774295868196</longitude>
                        <latitude>46.870453783118</latitude>
                        <altitude>0</altitude>
                        <heading>0</heading>
                        <tilt>70</tilt>
                        <range>3000</range>
                        <gx:altitudeMode>relativeToSeaFloor</gx:altitudeMode>
                    </LookAt>
                    <styleUrl>#m_ylw-pushpin</styleUrl>
                    <Point>
                        <extrude>1</extrude>
                        <altitudeMode>absolute</altitudeMode>
                        <gx:drawOrder>1</gx:drawOrder>
                        <coordinates>2.3774295868196,46.870453783118,199.25935663749</coordinates>
                    </Point>
                </Placemark>
                
                <Placemark>
                    <name>00H10</name>
                    <LookAt>
                        <longitude>2.3651657952729</longitude>
                        <latitude>46.88161344647</latitude>
                        <altitude>0</altitude>
                        <heading>0</heading>
                        <tilt>70</tilt>
                        <range>3000</range>
                        <gx:altitudeMode>relativeToSeaFloor</gx:altitudeMode>
                    </LookAt>
                    <styleUrl>#m_ylw-pushpin</styleUrl>
                    <Point>
                        <extrude>1</extrude>
                        <altitudeMode>absolute</altitudeMode>
                        <gx:drawOrder>1</gx:drawOrder>
                        <coordinates>2.3651657952729,46.88161344647,604.054834757</coordinates>
                    </Point>
                </Placemark>
                
                <Placemark>
                    <name>00H15</name>
                    <LookAt>
                        <longitude>2.35169090846</longitude>
                        <latitude>46.945497239434</latitude>
                        <altitude>0</altitude>
                        <heading>0</heading>
                        <tilt>70</tilt>
                        <range>3000</range>
                        <gx:altitudeMode>relativeToSeaFloor</gx:altitudeMode>
                    </LookAt>
                    <styleUrl>#m_ylw-pushpin</styleUrl>
                    <Point>
                        <extrude>1</extrude>
                        <altitudeMode>absolute</altitudeMode>
                        <gx:drawOrder>1</gx:drawOrder>
                        <coordinates>2.35169090846,46.945497239434,967.495481438</coordinates>
                    </Point>
                </Placemark>
                
                <Placemark>
                    <name>00H20</name>
                    <LookAt>
                        <longitude>2.3107374539891</longitude>
                        <latitude>47.077973858357</latitude>
                        <altitude>0</altitude>
                        <heading>0</heading>
                        <tilt>70</tilt>
                        <range>3000</range>
                        <gx:altitudeMode>relativeToSeaFloor</gx:altitudeMode>
                    </LookAt>
                    <styleUrl>#m_ylw-pushpin</styleUrl>
                    <Point>
                        <extrude>1</extrude>
                        <altitudeMode>absolute</altitudeMode>
                        <gx:drawOrder>1</gx:drawOrder>
                        <coordinates>2.3107374539891,47.077973858357,965.4773814138</coordinates>
                    </Point>
                </Placemark>
                
                <Placemark>
                    <name>00H25</name>
                    <LookAt>
                        <longitude>2.271331614314</longitude>
                        <latitude>47.215340114813</latitude>
                        <altitude>0</altitude>
                        <heading>0</heading>
                        <tilt>70</tilt>
                        <range>3000</range>
                        <gx:altitudeMode>relativeToSeaFloor</gx:altitudeMode>
                    </LookAt>
                    <styleUrl>#m_ylw-pushpin</styleUrl>
                    <Point>
                        <extrude>1</extrude>
                        <altitudeMode>absolute</altitudeMode>
                        <gx:drawOrder>1</gx:drawOrder>
                        <coordinates>2.271331614314,47.215340114813,965.11387148965</coordinates>
                    </Point>
                </Placemark>
                
                <Placemark>
                    <name>00H30</name>
                    <LookAt>
                        <longitude>2.2131049320312</longitude>
                        <latitude>47.357732682899</latitude>
                        <altitude>0</altitude>
                        <heading>0</heading>
                        <tilt>70</tilt>
                        <range>3000</range>
                        <gx:altitudeMode>relativeToSeaFloor</gx:altitudeMode>
                    </LookAt>
                    <styleUrl>#m_ylw-pushpin</styleUrl>
                    <Point>
                        <extrude>1</extrude>
                        <altitudeMode>absolute</altitudeMode>
                        <gx:drawOrder>1</gx:drawOrder>
                        <coordinates>2.2131049320312,47.357732682899,893.77353759576</coordinates>
                    </Point>
                </Placemark>
                
                <Placemark>
                    <name>00H35</name>
                    <LookAt>
                        <longitude>2.1727633941702</longitude>
                        <latitude>47.498120023742</latitude>
                        <altitude>0</altitude>
                        <heading>0</heading>
                        <tilt>70</tilt>
                        <range>3000</range>
                        <gx:altitudeMode>relativeToSeaFloor</gx:altitudeMode>
                    </LookAt>
                    <styleUrl>#m_ylw-pushpin</styleUrl>
                    <Point>
                        <extrude>1</extrude>
                        <altitudeMode>absolute</altitudeMode>
                        <gx:drawOrder>1</gx:drawOrder>
                        <coordinates>2.1727633941702,47.498120023742,891.84559811652</coordinates>
                    </Point>
                </Placemark>
                
                <Placemark>
                    <name>00H40</name>
                    <LookAt>
                        <longitude>2.1939240632481</longitude>
                        <latitude>47.642668960012</latitude>
                        <altitude>0</altitude>
                        <heading>0</heading>
                        <tilt>70</tilt>
                        <range>3000</range>
                        <gx:altitudeMode>relativeToSeaFloor</gx:altitudeMode>
                    </LookAt>
                    <styleUrl>#m_ylw-pushpin</styleUrl>
                    <Point>
                        <extrude>1</extrude>
                        <altitudeMode>absolute</altitudeMode>
                        <gx:drawOrder>1</gx:drawOrder>
                        <coordinates>2.1939240632481,47.642668960012,968.54677523859</coordinates>
                    </Point>
                </Placemark>
                
                <Placemark>
                    <name>00H45</name>
                    <LookAt>
                        <longitude>2.2088355383516</longitude>
                        <latitude>47.796722956075</latitude>
                        <altitude>0</altitude>
                        <heading>0</heading>
                        <tilt>70</tilt>
                        <range>3000</range>
                        <gx:altitudeMode>relativeToSeaFloor</gx:altitudeMode>
                    </LookAt>
                    <styleUrl>#m_ylw-pushpin</styleUrl>
                    <Point>
                        <extrude>1</extrude>
                        <altitudeMode>absolute</altitudeMode>
                        <gx:drawOrder>1</gx:drawOrder>
                        <coordinates>2.2088355383516,47.796722956075,968.87557559274</coordinates>
                    </Point>
                </Placemark>
                
                <Placemark>
                    <name>00H50</name>
                    <LookAt>
                        <longitude>2.2107487600086</longitude>
                        <latitude>47.952362824497</latitude>
                        <altitude>0</altitude>
                        <heading>0</heading>
                        <tilt>70</tilt>
                        <range>3000</range>
                        <gx:altitudeMode>relativeToSeaFloor</gx:altitudeMode>
                    </LookAt>
                    <styleUrl>#m_ylw-pushpin</styleUrl>
                    <Point>
                        <extrude>1</extrude>
                        <altitudeMode>absolute</altitudeMode>
                        <gx:drawOrder>1</gx:drawOrder>
                        <coordinates>2.2107487600086,47.952362824497,965.03977317642</coordinates>
                    </Point>
                </Placemark>
                
                <Placemark>
                    <name>00H55</name>
                    <LookAt>
                        <longitude>2.186136843641</longitude>
                        <latitude>48.101318797633</latitude>
                        <altitude>0</altitude>
                        <heading>0</heading>
                        <tilt>70</tilt>
                        <range>3000</range>
                        <gx:altitudeMode>relativeToSeaFloor</gx:altitudeMode>
                    </LookAt>
                    <styleUrl>#m_ylw-pushpin</styleUrl>
                    <Point>
                        <extrude>1</extrude>
                        <altitudeMode>absolute</altitudeMode>
                        <gx:drawOrder>1</gx:drawOrder>
                        <coordinates>2.186136843641,48.101318797633,968.91444023978</coordinates>
                    </Point>
                </Placemark>
                
                <Placemark>
                    <name>01H00</name>
                    <LookAt>
                        <longitude>2.0983977952512</longitude>
                        <latitude>48.239362005677</latitude>
                        <altitude>0</altitude>
                        <heading>0</heading>
                        <tilt>70</tilt>
                        <range>3000</range>
                        <gx:altitudeMode>relativeToSeaFloor</gx:altitudeMode>
                    </LookAt>
                    <styleUrl>#m_ylw-pushpin</styleUrl>
                    <Point>
                        <extrude>1</extrude>
                        <altitudeMode>absolute</altitudeMode>
                        <gx:drawOrder>1</gx:drawOrder>
                        <coordinates>2.0983977952512,48.239362005677,963.94226921163</coordinates>
                    </Point>
                </Placemark>
                
                <Placemark>
                    <name>01H05</name>
                    <LookAt>
                        <longitude>1.9965876530582</longitude>
                        <latitude>48.370009975618</latitude>
                        <altitude>0</altitude>
                        <heading>0</heading>
                        <tilt>70</tilt>
                        <range>3000</range>
                        <gx:altitudeMode>relativeToSeaFloor</gx:altitudeMode>
                    </LookAt>
                    <styleUrl>#m_ylw-pushpin</styleUrl>
                    <Point>
                        <extrude>1</extrude>
                        <altitudeMode>absolute</altitudeMode>
                        <gx:drawOrder>1</gx:drawOrder>
                        <coordinates>1.9965876530582,48.370009975618,852.31318016071</coordinates>
                    </Point>
                </Placemark>
                
                <Placemark>
                    <name>01H10</name>
                    <LookAt>
                        <longitude>1.840607191449</longitude>
                        <latitude>48.45807049869</latitude>
                        <altitude>0</altitude>
                        <heading>0</heading>
                        <tilt>70</tilt>
                        <range>3000</range>
                        <gx:altitudeMode>relativeToSeaFloor</gx:altitudeMode>
                    </LookAt>
                    <styleUrl>#m_ylw-pushpin</styleUrl>
                    <Point>
                        <extrude>1</extrude>
                        <altitudeMode>absolute</altitudeMode>
                        <gx:drawOrder>1</gx:drawOrder>
                        <coordinates>1.840607191449,48.45807049869,648.9511558488</coordinates>
                    </Point>
                </Placemark>
                
                <Placemark>
                    <name>01H15</name>
                    <LookAt>
                        <longitude>1.7737882817028</longitude>
                        <latitude>48.578174877071</latitude>
                        <altitude>0</altitude>
                        <heading>0</heading>
                        <tilt>70</tilt>
                        <range>3000</range>
                        <gx:altitudeMode>relativeToSeaFloor</gx:altitudeMode>
                    </LookAt>
                    <styleUrl>#m_ylw-pushpin</styleUrl>
                    <Point>
                        <extrude>1</extrude>
                        <altitudeMode>absolute</altitudeMode>
                        <gx:drawOrder>1</gx:drawOrder>
                        <coordinates>1.7737882817028,48.578174877071,647.25612101424</coordinates>
                    </Point>
                </Placemark>
                
                <Placemark>
                    <name>01H20</name>
                    <LookAt>
                        <longitude>1.7553575165513</longitude>
                        <latitude>48.722717742894</latitude>
                        <altitude>0</altitude>
                        <heading>0</heading>
                        <tilt>70</tilt>
                        <range>3000</range>
                        <gx:altitudeMode>relativeToSeaFloor</gx:altitudeMode>
                    </LookAt>
                    <styleUrl>#m_ylw-pushpin</styleUrl>
                    <Point>
                        <extrude>1</extrude>
                        <altitudeMode>absolute</altitudeMode>
                        <gx:drawOrder>1</gx:drawOrder>
                        <coordinates>1.7553575165513,48.722717742894,641.35204691067</coordinates>
                    </Point>
                </Placemark>
                
                <Placemark>
                    <name>01H25</name>
                    <LookAt>
                        <longitude>1.6480981377116</longitude>
                        <latitude>48.838156248888</latitude>
                        <altitude>0</altitude>
                        <heading>0</heading>
                        <tilt>70</tilt>
                        <range>3000</range>
                        <gx:altitudeMode>relativeToSeaFloor</gx:altitudeMode>
                    </LookAt>
                    <styleUrl>#m_ylw-pushpin</styleUrl>
                    <Point>
                        <extrude>1</extrude>
                        <altitudeMode>absolute</altitudeMode>
                        <gx:drawOrder>1</gx:drawOrder>
                        <coordinates>1.6480981377116,48.838156248888,501.65188331436</coordinates>
                    </Point>
                </Placemark>
                
                <Placemark>
                    <name>01H30</name>
                    <LookAt>
                        <longitude>1.8014171275799</longitude>
                        <latitude>48.926124148852</latitude>
                        <altitude>0</altitude>
                        <heading>0</heading>
                        <tilt>70</tilt>
                        <range>3000</range>
                        <gx:altitudeMode>relativeToSeaFloor</gx:altitudeMode>
                    </LookAt>
                    <styleUrl>#m_ylw-pushpin</styleUrl>
                    <Point>
                        <extrude>1</extrude>
                        <altitudeMode>absolute</altitudeMode>
                        <gx:drawOrder>1</gx:drawOrder>
                        <coordinates>1.8014171275799,48.926124148852,441.02752175648</coordinates>
                    </Point>
                </Placemark>
                
                <Placemark>
                    <name>01H35</name>
                    <LookAt>
                        <longitude>1.9890116852431</longitude>
                        <latitude>48.952548674057</latitude>
                        <altitude>0</altitude>
                        <heading>0</heading>
                        <tilt>70</tilt>
                        <range>3000</range>
                        <gx:altitudeMode>relativeToSeaFloor</gx:altitudeMode>
                    </LookAt>
                    <styleUrl>#m_ylw-pushpin</styleUrl>
                    <Point>
                        <extrude>1</extrude>
                        <altitudeMode>absolute</altitudeMode>
                        <gx:drawOrder>1</gx:drawOrder>
                        <coordinates>1.9890116852431,48.952548674057,337.21841851529</coordinates>
                    </Point>
                </Placemark>
                
                <Placemark>
                    <name>01H40</name>
                    <LookAt>
                        <longitude>1.9300416737582</longitude>
                        <latitude>48.999439567708</latitude>
                        <altitude>0</altitude>
                        <heading>0</heading>
                        <tilt>70</tilt>
                        <range>3000</range>
                        <gx:altitudeMode>relativeToSeaFloor</gx:altitudeMode>
                    </LookAt>
                    <styleUrl>#m_ylw-pushpin</styleUrl>
                    <Point>
                        <extrude>1</extrude>
                        <altitudeMode>absolute</altitudeMode>
                        <gx:drawOrder>1</gx:drawOrder>
                        <coordinates>1.9300416737582,48.999439567708,56.734753477387</coordinates>
                    </Point>
                </Placemark>
                
            </Folder>
        </Document>
        </kml>